CustomerKey,Amount,Date,InvoNum
A1067,836.00 ,2018/04/02,AP1803827
A1129,836.00 ,2018/04/03,AP1808235
A1133,836.00 ,2018/04/04,AP1807305
A0464,836.00 ,2018/04/05,AP1806145
A0383,836.00 ,2018/04/05,AP1803092
A0949,836.00 ,2018/04/05,AP1808187
A0525,836.00 ,2018/04/06,AP1804369
A0961,836.00 ,2018/04/06,AP1800269
A1212,836.00 ,2018/04/06,AP1801477
A1165,836.00 ,2018/04/10,AP1808060
A0732,836.00 ,2018/04/10,AP1805404
A0887,836.00 ,2018/04/11,AP1805516
A0567,836.00 ,2018/04/11,AP1804997
A0852,836.00 ,2018/04/11,AP1806802
A0471,836.00 ,2018/04/13,AP1804780
A1358,836.00 ,2018/04/13,AP1805003
A1092,836.00 ,2018/04/16,AP1807762
A0480,836.00 ,2018/04/16,AP1807314
A0356,836.00 ,2018/04/17,AP1809169
A0887,836.00 ,2018/04/17,AP1802638
A0431,836.00 ,2018/04/17,AP1803129
A1068,836.00 ,2018/04/17,AP1800833
A1265,836.00 ,2018/04/19,AP1802350
A0474,836.00 ,2018/04/19,AP1805630
A0514,836.00 ,2018/04/23,AP1803579
A1068,836.00 ,2018/04/23,AP1805469
A0963,836.00 ,2018/04/23,AP1803281
A0529,836.00 ,2018/04/24,AP1805194
A1132,836.00 ,2018/04/25,AP1804330
A1260,836.00 ,2018/04/25,AP1807799
A0959,836.00 ,2018/04/27,AP1800240
A0578,836.00 ,2018/04/27,AP1801768
A0801,836.00 ,2018/04/27,AP1807880
A0609,836.00 ,2018/05/01,MA1805123
A1100,836.00 ,2018/05/01,MA1805807
A0696,836.00 ,2018/05/01,MA1808684
A0408,836.00 ,2018/05/01,MA1801741
A0932,836.00 ,2018/05/02,MA1806288
A0376,836.00 ,2018/05/02,MA1803675
A1153,836.00 ,2018/05/02,MA1803780
A0681,836.00 ,2018/05/03,MA1803861
A0803,836.00 ,2018/05/03,MA1804172
A0852,836.00 ,2018/05/04,MA1806874
A0708,836.00 ,2018/05/04,MA1804342
A0670,836.00 ,2018/05/04,MA1801705
A1343,836.00 ,2018/05/07,MA1803431
A0946,836.00 ,2018/05/07,MA1808375
A1410,836.00 ,2018/05/08,MA1801053
A1215,836.00 ,2018/05/09,MA1808792
A1123,836.00 ,2018/05/09,MA1804316
A1018,836.00 ,2018/05/09,MA1800178
A1338,836.00 ,2018/05/09,MA1807717
A1271,836.00 ,2018/05/10,MA1805362
A1011,836.00 ,2018/05/11,MA1808806
A0943,836.00 ,2018/05/11,MA1800285
A1178,836.00 ,2018/05/11,MA1804233
A0673,836.00 ,2018/05/14,MA1805763
A0584,836.00 ,2018/05/14,MA1808208
A0427,836.00 ,2018/05/15,MA1801864
A0826,836.00 ,2018/05/15,MA1806324
A1319,836.00 ,2018/05/16,MA1806138
A0785,836.00 ,2018/05/17,MA1802406
A0913,836.00 ,2018/05/22,MA1804593
A1241,836.00 ,2018/05/23,MA1805173
A1270,836.00 ,2018/05/23,MA1800220
A0987,836.00 ,2018/05/24,MA1805042
A0686,836.00 ,2018/05/24,MA1806643
A0881,836.00 ,2018/05/24,MA1803495
A1227,836.00 ,2018/05/25,MA1800349
A1226,836.00 ,2018/05/28,MA1802026
A0356,836.00 ,2018/05/29,MA1808374
A1000,836.00 ,2018/05/30,MA1802369
A1289,836.00 ,2018/05/30,MA1804309
A0701,836.00 ,2018/05/31,MA1801595
A0513,836.00 ,2018/05/31,MA1806872
A1271,836.00 ,2018/05/31,MA1807138
A1307,836.00 ,2018/06/01,JU1804426
A1138,836.00 ,2018/06/01,JU1801270
A0922,836.00 ,2018/06/04,JU1805284
A0951,836.00 ,2018/06/07,JU1806274
A0411,836.00 ,2018/06/07,JU1807343
A1260,836.00 ,2018/06/07,JU1800095
A1058,836.00 ,2018/06/08,JU1803553
A0574,836.00 ,2018/06/08,JU1806405
A0977,836.00 ,2018/06/11,JU1801196
A0578,836.00 ,2018/06/11,JU1807356
A1067,836.00 ,2018/06/11,JU1801967
A0953,836.00 ,2018/06/12,JU1806396
A0943,836.00 ,2018/06/13,JU1805617
A1334,836.00 ,2018/06/13,JU1801428
A1079,836.00 ,2018/06/13,JU1808260
A1299,836.00 ,2018/06/13,JU1809051
A0792,836.00 ,2018/06/14,JU1801525
A1270,836.00 ,2018/06/14,JU1802374
A0505,836.00 ,2018/06/15,JU1801124
A0408,836.00 ,2018/06/19,JU1808405
A1214,836.00 ,2018/06/19,JU1802726
A1119,836.00 ,2018/06/19,JU1805998
A0671,836.00 ,2018/06/20,JU1802331
A0835,836.00 ,2018/06/21,JU1804937
A0582,836.00 ,2018/06/25,JU1800325
A0887,836.00 ,2018/06/26,JU1806122
A0464,836.00 ,2018/06/26,JU1807637
A0749,836.00 ,2018/06/26,JU1803375
A0918,836.00 ,2018/06/27,JU1800485
A1295,836.00 ,2018/06/27,JU1809089
A1229,836.00 ,2018/06/27,JU1801589
A1300,836.00 ,2018/06/28,JU1804549
A0792,836.00 ,2018/06/28,JU1803649
A0582,836.00 ,2018/06/28,JU1807246
A1225,836.00 ,2018/06/28,JU1803973
A0835,836.00 ,2018/06/29,JU1806713
A1258,836.00 ,2018/06/29,JU1802003
A0561,836.00 ,2018/06/29,JU1804350
A0530,836.00 ,2018/06/29,JU1807736
A0632,836.00 ,2018/07/30,JU1801867
A1050,836.00 ,2018/07/31,JU1804547
A0900,836.00 ,2018/08/01,AU1801613
A0821,836.00 ,2018/08/01,AU1803757
A0720,836.00 ,2018/08/01,AU1807385
A1139,836.00 ,2018/08/02,AU1808480
A0842,836.00 ,2018/08/02,AU1808472
A0561,836.00 ,2018/08/02,AU1805628
A1209,836.00 ,2018/08/03,AU1800003
A1029,836.00 ,2018/08/06,AU1807503
A1054,836.00 ,2018/08/06,AU1802783
A1378,836.00 ,2018/08/06,AU1808457
A0659,836.00 ,2018/08/07,AU1800224
A0828,836.00 ,2018/08/07,AU1800459
A1406,836.00 ,2018/08/07,AU1805487
A0642,836.00 ,2018/08/08,AU1804963
A0977,836.00 ,2018/08/08,AU1807272
A0781,836.00 ,2018/08/09,AU1804399
A1226,836.00 ,2018/08/09,AU1807299
A1181,836.00 ,2018/08/09,AU1805246
A0790,836.00 ,2018/08/10,AU1806571
A1185,836.00 ,2018/08/13,AU1807809
A0542,836.00 ,2018/08/13,AU1807447
A1130,836.00 ,2018/08/14,AU1807896
A0422,836.00 ,2018/08/14,AU1807395
A1406,836.00 ,2018/08/15,AU1803711
A0798,836.00 ,2018/08/16,AU1801904
A0593,836.00 ,2018/08/16,AU1808707
A1255,836.00 ,2018/08/17,AU1803029
A0586,836.00 ,2018/08/17,AU1806022
A0462,836.00 ,2018/08/17,AU1808413
A0403,836.00 ,2018/08/17,AU1800161
A1067,836.00 ,2018/08/20,AU1808852
A0815,836.00 ,2018/08/20,AU1801337
A0610,836.00 ,2018/08/20,AU1802335
A1278,836.00 ,2018/08/21,AU1805192
A0893,836.00 ,2018/08/21,AU1805972
A1378,836.00 ,2018/08/22,AU1802104
A1162,836.00 ,2018/08/22,AU1806822
A1186,836.00 ,2018/08/23,AU1806543
A0507,836.00 ,2018/08/23,AU1808683
A1362,836.00 ,2018/08/23,AU1808541
A1212,836.00 ,2018/08/24,AU1808255
A0442,836.00 ,2018/08/27,AU1804552
A0463,836.00 ,2018/08/28,AU1808166
A0632,836.00 ,2018/08/28,AU1806465
A0470,836.00 ,2018/08/28,AU1805050
A1079,836.00 ,2018/08/29,AU1806678
A0681,836.00 ,2018/08/30,AU1808479
A1210,836.00 ,2018/09/03,SE1805830
A0892,836.00 ,2018/09/03,SE1801892
A1284,836.00 ,2018/09/03,SE1805190
A1402,836.00 ,2018/09/03,SE1809108
A0559,836.00 ,2018/09/03,SE1801164
A1188,836.00 ,2018/09/04,SE1805508
A0640,836.00 ,2018/09/05,SE1808478
A0496,836.00 ,2018/09/05,SE1806316
A1278,836.00 ,2018/09/07,SE1800286
A0557,836.00 ,2018/09/07,SE1800237
A1029,836.00 ,2018/09/07,SE1808114
A1190,836.00 ,2018/09/10,SE1809014
A0660,836.00 ,2018/09/10,SE1802529
A0745,836.00 ,2018/09/11,SE1800154
A0445,836.00 ,2018/09/11,SE1807986
A1348,836.00 ,2018/09/12,SE1807617
A0945,836.00 ,2018/09/12,SE1808011
A0845,836.00 ,2018/09/12,SE1804606
A0507,836.00 ,2018/09/13,SE1801298
A1164,836.00 ,2018/09/14,SE1802490
A1036,836.00 ,2018/09/14,SE1800316
A0945,836.00 ,2018/09/17,SE1801417
A0856,836.00 ,2018/09/18,SE1803349
A0470,836.00 ,2018/09/19,SE1805046
A0880,836.00 ,2018/09/20,SE1806215
A0919,836.00 ,2018/09/20,SE1804894
A1226,836.00 ,2018/09/20,SE1804289
A0892,836.00 ,2018/09/20,SE1805611
A1029,836.00 ,2018/09/21,SE1808514
A1132,836.00 ,2018/09/24,SE1804331
A0365,836.00 ,2018/09/24,SE1803514
A0835,836.00 ,2018/09/24,SE1803628
A1208,836.00 ,2018/09/25,SE1807850
A0704,836.00 ,2018/09/25,SE1804163
A0842,836.00 ,2018/09/26,SE1803488
A0900,836.00 ,2018/09/28,SE1801151
A0496,836.00 ,2018/10/02,OC1804988
A0534,836.00 ,2018/10/05,OC1809249
A0578,418.00 ,2018/04/02,AP1807543
A0445,418.00 ,2018/04/02,AP1807604
A1211,418.00 ,2018/04/03,AP1800170
A0576,418.00 ,2018/04/03,AP1804136
A1350,418.00 ,2018/04/04,AP1807700
A1353,418.00 ,2018/04/04,AP1801899
A0601,418.00 ,2018/04/04,AP1801588
A0382,418.00 ,2018/04/04,AP1808519
A1385,418.00 ,2018/04/05,AP1807831
A0695,418.00 ,2018/04/06,AP1805489
A0703,418.00 ,2018/04/06,AP1808347
A0961,418.00 ,2018/04/09,AP1802107
A1297,418.00 ,2018/04/10,AP1807950
A0761,418.00 ,2018/04/10,AP1805785
A0567,418.00 ,2018/04/12,AP1801607
A1178,418.00 ,2018/04/12,AP1805672
A0953,418.00 ,2018/04/13,AP1803435
A0515,418.00 ,2018/04/13,AP1803792
A1204,418.00 ,2018/04/13,AP1800883
A1278,418.00 ,2018/04/16,AP1808157
A0705,418.00 ,2018/04/16,AP1806423
A1073,418.00 ,2018/04/17,AP1804651
A0961,418.00 ,2018/04/18,AP1803830
A1161,418.00 ,2018/04/19,AP1805706
A0531,418.00 ,2018/04/19,AP1803481
A0944,418.00 ,2018/04/19,AP1801780
A0824,418.00 ,2018/04/19,AP1804275
A0542,418.00 ,2018/04/20,AP1807452
A0375,418.00 ,2018/04/23,AP1808851
A1372,418.00 ,2018/04/23,AP1803027
A0842,418.00 ,2018/04/23,AP1801043
A0583,418.00 ,2018/04/23,AP1803078
A0815,418.00 ,2018/04/24,AP1803690
A0944,418.00 ,2018/04/24,AP1802561
A1337,418.00 ,2018/04/25,AP1805197
A1378,418.00 ,2018/04/27,AP1802584
A1169,418.00 ,2018/04/30,AP1802498
A0892,418.00 ,2018/04/30,AP1804175
A0431,418.00 ,2018/05/01,MA1805422
A0401,418.00 ,2018/05/02,MA1800148
A0424,418.00 ,2018/05/08,MA1804321
A0542,418.00 ,2018/05/09,MA1803248
A1345,418.00 ,2018/05/09,MA1804756
A1159,418.00 ,2018/05/14,MA1801776
A1349,418.00 ,2018/05/14,MA1804544
A0949,418.00 ,2018/05/15,MA1808070
A1067,418.00 ,2018/05/15,MA1801829
A1413,418.00 ,2018/05/16,MA1807282
A0534,418.00 ,2018/05/16,MA1809189
A0369,418.00 ,2018/05/17,MA1804783
A0726,418.00 ,2018/05/17,MA1804715
A0816,418.00 ,2018/05/17,MA1800413
A1413,418.00 ,2018/05/18,MA1803705
A1214,418.00 ,2018/05/18,MA1800860
A1057,418.00 ,2018/05/18,MA1804223
A0387,418.00 ,2018/05/22,MA1801900
A1410,418.00 ,2018/05/23,MA1804674
A0762,418.00 ,2018/05/23,MA1804627
A0786,418.00 ,2018/05/29,MA1802890
A0431,418.00 ,2018/05/29,MA1804865
A0763,418.00 ,2018/05/29,MA1801101
A0684,418.00 ,2018/05/30,MA1807024
A1265,418.00 ,2018/05/30,MA1804146
A1290,418.00 ,2018/05/30,MA1807043
A1187,418.00 ,2018/05/30,MA1807733
A0743,418.00 ,2018/05/31,MA1806456
A1265,418.00 ,2018/05/31,MA1808639
A1390,418.00 ,2018/06/01,JU1808970
A1221,418.00 ,2018/06/04,JU1804421
A0454,418.00 ,2018/06/04,JU1802121
A0930,418.00 ,2018/06/04,JU1801398
A1225,418.00 ,2018/06/04,JU1801161
A0807,418.00 ,2018/06/05,JU1807423
A0643,418.00 ,2018/06/05,JU1809251
A1100,418.00 ,2018/06/06,JU1803398
A1226,418.00 ,2018/06/07,JU1800157
A1204,418.00 ,2018/06/08,JU1805649
A0616,418.00 ,2018/06/08,JU1800442
A0681,418.00 ,2018/06/11,JU1803336
A1208,418.00 ,2018/06/12,JU1808609
A0587,418.00 ,2018/06/12,JU1800633
A0389,418.00 ,2018/06/13,JU1804205
A1183,418.00 ,2018/06/13,JU1807347
A0693,418.00 ,2018/06/13,JU1803214
A0955,418.00 ,2018/06/13,JU1801188
A1153,418.00 ,2018/06/13,JU1800750
A0629,418.00 ,2018/06/13,JU1802367
A0738,418.00 ,2018/06/14,JU1800007
A0603,418.00 ,2018/06/14,JU1807900
A0988,418.00 ,2018/06/14,JU1804505
A0574,418.00 ,2018/06/14,JU1805232
A0760,418.00 ,2018/06/14,JU1801323
A0878,418.00 ,2018/06/15,JU1804721
A0808,418.00 ,2018/06/15,JU1808381
A0610,418.00 ,2018/06/18,JU1809156
A0557,418.00 ,2018/06/18,JU1806613
A0797,418.00 ,2018/06/19,JU1807221
A1137,418.00 ,2018/06/19,JU1800642
A1381,418.00 ,2018/06/19,JU1800625
A0709,418.00 ,2018/06/19,JU1807283
A1002,418.00 ,2018/06/20,JU1802427
A0801,418.00 ,2018/06/20,JU1803812
A1188,418.00 ,2018/06/21,JU1806366
A0472,418.00 ,2018/06/21,JU1806976
A0990,418.00 ,2018/06/22,JU1802463
A1323,418.00 ,2018/06/22,JU1807790
A1050,418.00 ,2018/06/25,JU1800073
A1083,418.00 ,2018/06/26,JU1806847
A1184,418.00 ,2018/06/26,JU1800119
A0457,418.00 ,2018/06/26,JU1802540
A0701,418.00 ,2018/06/27,JU1800790
A0659,418.00 ,2018/06/27,JU1804786
A0903,418.00 ,2018/06/28,JU1801928
A0377,418.00 ,2018/07/30,JU1802787
A0459,418.00 ,2018/08/01,AU1802483
A1237,418.00 ,2018/08/01,AU1806980
A0915,418.00 ,2018/08/02,AU1800515
A1295,418.00 ,2018/08/02,AU1804213
A1214,418.00 ,2018/08/02,AU1808826
A1320,418.00 ,2018/08/03,AU1805556
A0552,418.00 ,2018/08/03,AU1806918
A0982,418.00 ,2018/08/06,AU1807558
A0881,418.00 ,2018/08/06,AU1804003
A0781,418.00 ,2018/08/08,AU1803786
A0852,418.00 ,2018/08/08,AU1806789
A0934,418.00 ,2018/08/09,AU1809255
A0419,418.00 ,2018/08/09,AU1802914
A1325,418.00 ,2018/08/10,AU1802501
A1203,418.00 ,2018/08/10,AU1808611
A1065,418.00 ,2018/08/10,AU1802368
A0890,418.00 ,2018/08/10,AU1800623
A0982,418.00 ,2018/08/13,AU1807184
A1331,418.00 ,2018/08/14,AU1801920
A0529,418.00 ,2018/08/14,AU1800354
A0826,418.00 ,2018/08/14,AU1800547
A0821,418.00 ,2018/08/14,AU1807502
A1305,418.00 ,2018/08/14,AU1809138
A0445,418.00 ,2018/08/15,AU1806349
A1302,418.00 ,2018/08/15,AU1806728
A0747,418.00 ,2018/08/15,AU1809166
A1147,418.00 ,2018/08/17,AU1805223
A0377,418.00 ,2018/08/17,AU1807549
A1416,418.00 ,2018/08/17,AU1805853
A1215,418.00 ,2018/08/17,AU1803347
A0822,418.00 ,2018/08/20,AU1801187
A0905,418.00 ,2018/08/21,AU1807845
A0473,418.00 ,2018/08/22,AU1807269
A0893,418.00 ,2018/08/22,AU1804099
A0744,418.00 ,2018/08/23,AU1802045
A0703,418.00 ,2018/08/23,AU1807572
A1358,418.00 ,2018/08/24,AU1803858
A1348,418.00 ,2018/08/24,AU1802733
A0550,418.00 ,2018/08/24,AU1809285
A0681,418.00 ,2018/08/24,AU1802923
A1306,418.00 ,2018/08/27,AU1805077
A1337,418.00 ,2018/08/28,AU1807781
A1415,418.00 ,2018/08/29,AU1803610
A1178,418.00 ,2018/08/30,AU1805300
A0567,418.00 ,2018/08/30,AU1807581
A1202,418.00 ,2018/08/31,AU1801954
A0601,418.00 ,2018/08/31,AU1808712
A0965,418.00 ,2018/09/03,SE1800480
A1020,418.00 ,2018/09/03,SE1803310
A0893,418.00 ,2018/09/04,SE1808242
A1255,418.00 ,2018/09/05,SE1802925
A0494,418.00 ,2018/09/06,SE1802843
A0932,418.00 ,2018/09/07,SE1805943
A0993,418.00 ,2018/09/07,SE1801389
A1193,418.00 ,2018/09/13,SE1803255
A1320,418.00 ,2018/09/13,SE1807104
A0705,418.00 ,2018/09/14,SE1807779
A1313,418.00 ,2018/09/14,SE1805957
A0810,418.00 ,2018/09/14,SE1801100
A0864,418.00 ,2018/09/17,SE1801310
A0895,418.00 ,2018/09/17,SE1803426
A1237,418.00 ,2018/09/17,SE1809352
A0473,418.00 ,2018/09/18,SE1801803
A0515,418.00 ,2018/09/18,SE1802848
A0724,418.00 ,2018/09/19,SE1803419
A1098,418.00 ,2018/09/20,SE1800889
A0569,418.00 ,2018/09/21,SE1802634
A1100,418.00 ,2018/09/21,SE1802639
A0583,418.00 ,2018/09/21,SE1800460
A0739,418.00 ,2018/09/24,SE1806994
A1182,418.00 ,2018/09/24,SE1802596
A0429,418.00 ,2018/09/24,SE1807868
A0529,418.00 ,2018/09/24,SE1807769
A0879,418.00 ,2018/09/24,SE1807979
A1300,418.00 ,2018/09/25,SE1807787
A0472,418.00 ,2018/09/25,SE1807875
A1366,418.00 ,2018/09/26,SE1809183
A1101,418.00 ,2018/09/26,SE1807056
A1062,418.00 ,2018/09/26,SE1801317
A0738,418.00 ,2018/09/27,SE1804571
A0954,418.00 ,2018/09/27,SE1804484
A1282,418.00 ,2018/09/27,SE1802039
A1216,418.00 ,2018/09/27,SE1803916
A0801,418.00 ,2018/09/27,SE1800824
A0944,418.00 ,2018/10/02,OC1808708
A1184,971.52 ,2018/04/02,AP1800417
A1265,971.52 ,2018/04/03,AP1803591
A0387,971.52 ,2018/04/03,AP1803817
A0861,971.52 ,2018/04/03,AP1806657
A0436,971.52 ,2018/04/03,AP1803937
A1260,971.52 ,2018/04/05,AP1807448
A1346,971.52 ,2018/04/05,AP1800601
A0351,971.52 ,2018/04/05,AP1805783
A0387,971.52 ,2018/04/05,AP1800026
A0352,971.52 ,2018/04/06,AP1805174
A0943,971.52 ,2018/04/09,AP1803747
A1032,971.52 ,2018/04/11,AP1800521
A1129,971.52 ,2018/04/11,AP1808584
A1153,971.52 ,2018/04/11,AP1800603
A0380,971.52 ,2018/04/11,AP1809377
A0610,971.52 ,2018/04/17,AP1804084
A0513,971.52 ,2018/04/17,AP1806361
A0724,971.52 ,2018/04/17,AP1805076
A1397,971.52 ,2018/04/18,AP1801328
A0731,971.52 ,2018/04/18,AP1806132
A1280,971.52 ,2018/04/20,AP1802636
A0743,971.52 ,2018/04/20,AP1804622
A0602,971.52 ,2018/04/23,AP1802627
A0994,971.52 ,2018/04/23,AP1805784
A0665,971.52 ,2018/04/27,AP1807676
A1305,971.52 ,2018/04/27,AP1802184
A1367,971.52 ,2018/05/02,MA1801774
A0640,971.52 ,2018/05/03,MA1807734
A0892,971.52 ,2018/05/03,MA1802762
A0408,971.52 ,2018/05/04,MA1804634
A0773,971.52 ,2018/05/04,MA1808183
A1237,971.52 ,2018/05/08,MA1808228
A0792,971.52 ,2018/05/08,MA1804199
A0704,971.52 ,2018/05/09,MA1807313
A0963,971.52 ,2018/05/09,MA1800878
A0471,971.52 ,2018/05/10,MA1800654
A1035,971.52 ,2018/05/14,MA1804692
A0371,971.52 ,2018/05/15,MA1800848
A0519,971.52 ,2018/05/15,MA1801757
A1065,971.52 ,2018/05/15,MA1803713
A0886,971.52 ,2018/05/17,MA1808296
A1128,971.52 ,2018/05/17,MA1802464
A1063,971.52 ,2018/05/18,MA1802362
A1089,971.52 ,2018/05/21,MA1808298
A0545,971.52 ,2018/05/22,MA1801211
A0633,971.52 ,2018/05/22,MA1804057
A1092,971.52 ,2018/05/22,MA1808173
A1187,971.52 ,2018/05/23,MA1801773
A1161,971.52 ,2018/05/23,MA1800636
A0602,971.52 ,2018/05/24,MA1805168
A1120,971.52 ,2018/05/24,MA1806772
A0466,971.52 ,2018/05/28,MA1805702
A1408,971.52 ,2018/05/28,MA1808269
A0811,971.52 ,2018/05/28,MA1804644
A0937,971.52 ,2018/05/28,MA1807649
A1047,971.52 ,2018/05/29,MA1808397
A0480,971.52 ,2018/05/29,MA1807739
A1153,971.52 ,2018/05/30,MA1808703
A0655,971.52 ,2018/05/30,MA1806504
A1226,971.52 ,2018/05/30,MA1802982
A0745,971.52 ,2018/05/30,MA1807934
A1297,971.52 ,2018/06/01,JU1801993
A0743,971.52 ,2018/06/01,JU1803820
A1124,971.52 ,2018/06/01,JU1801376
A0978,971.52 ,2018/06/04,JU1802649
A1161,971.52 ,2018/06/05,JU1804570
A0506,971.52 ,2018/06/05,JU1806886
A0862,971.52 ,2018/06/06,JU1802699
A0697,971.52 ,2018/06/06,JU1808701
A0678,971.52 ,2018/06/07,JU1806524
A0403,971.52 ,2018/06/07,JU1805704
A1057,971.52 ,2018/06/07,JU1801555
A1230,971.52 ,2018/06/11,JU1807042
A1296,971.52 ,2018/06/12,JU1803612
A1125,971.52 ,2018/06/12,JU1803933
A1409,971.52 ,2018/06/13,JU1806172
A1316,971.52 ,2018/06/15,JU1800495
A0684,971.52 ,2018/06/15,JU1805959
A0731,971.52 ,2018/06/15,JU1803288
A0385,971.52 ,2018/06/18,JU1804318
A0802,971.52 ,2018/06/18,JU1802408
A0773,971.52 ,2018/06/18,JU1805903
A0616,971.52 ,2018/06/18,JU1803273
A0942,971.52 ,2018/06/19,JU1803465
A0615,971.52 ,2018/06/19,JU1800266
A0963,971.52 ,2018/06/19,JU1804165
A0427,971.52 ,2018/06/20,JU1800920
A0470,971.52 ,2018/06/20,JU1805792
A0470,971.52 ,2018/06/20,JU1807472
A1015,971.52 ,2018/06/21,JU1802841
A0815,971.52 ,2018/06/21,JU1808084
A1065,971.52 ,2018/06/22,JU1800573
A0679,971.52 ,2018/06/25,JU1800265
A0404,971.52 ,2018/06/26,JU1806469
A1094,971.52 ,2018/06/26,JU1806433
A0761,971.52 ,2018/06/26,JU1804847
A0865,971.52 ,2018/06/27,JU1802755
A1277,971.52 ,2018/06/27,JU1802365
A0919,971.52 ,2018/06/28,JU1802880
A0813,971.52 ,2018/06/28,JU1808831
A0522,971.52 ,2018/06/28,JU1808691
A1329,971.52 ,2018/06/29,JU1803752
A0505,971.52 ,2018/06/29,JU1805348
A1215,971.52 ,2018/06/29,JU1808294
A1309,971.52 ,2018/08/01,AU1806873
A1370,971.52 ,2018/08/01,AU1802599
A0802,971.52 ,2018/08/03,AU1800537
A0785,971.52 ,2018/08/06,AU1800203
A1002,971.52 ,2018/08/06,AU1800926
A1208,971.52 ,2018/08/06,AU1807321
A0452,971.52 ,2018/08/06,AU1800446
A1064,971.52 ,2018/08/07,AU1804734
A0930,971.52 ,2018/08/07,AU1802984
A0429,971.52 ,2018/08/08,AU1800685
A0982,971.52 ,2018/08/08,AU1808545
A1193,971.52 ,2018/08/09,AU1803832
A0578,971.52 ,2018/08/10,AU1800184
A0756,971.52 ,2018/08/10,AU1804652
A0754,971.52 ,2018/08/10,AU1800127
A1120,971.52 ,2018/08/13,AU1804919
A1135,971.52 ,2018/08/14,AU1800979
A0466,971.52 ,2018/08/14,AU1804411
A1027,971.52 ,2018/08/14,AU1800008
A0641,971.52 ,2018/08/14,AU1800787
A0458,971.52 ,2018/08/14,AU1800036
A0701,971.52 ,2018/08/15,AU1800141
A1385,971.52 ,2018/08/16,AU1808259
A0429,971.52 ,2018/08/16,AU1809256
A0773,971.52 ,2018/08/16,AU1808154
A1149,971.52 ,2018/08/17,AU1801537
A1252,971.52 ,2018/08/17,AU1800593
A0796,971.52 ,2018/08/17,AU1806236
A0892,971.52 ,2018/08/20,AU1808952
A1255,971.52 ,2018/08/20,AU1802391
A0681,971.52 ,2018/08/21,AU1808911
A0934,971.52 ,2018/08/21,AU1805996
A1357,971.52 ,2018/08/21,AU1803856
A1092,971.52 ,2018/08/22,AU1802036
A1197,971.52 ,2018/08/23,AU1803278
A0873,971.52 ,2018/08/24,AU1803183
A1056,971.52 ,2018/08/24,AU1805697
A0610,971.52 ,2018/08/27,AU1800277
A1287,971.52 ,2018/08/28,AU1802935
A0370,971.52 ,2018/08/30,AU1806281
A1285,971.52 ,2018/08/30,AU1808623
A0589,971.52 ,2018/08/31,AU1806528
A0745,971.52 ,2018/08/31,AU1805540
A0679,971.52 ,2018/08/31,AU1806979
A0593,971.52 ,2018/08/31,AU1807328
A0383,971.52 ,2018/09/04,SE1805843
A0709,971.52 ,2018/09/04,SE1808927
A0878,971.52 ,2018/09/04,SE1807078
A1221,971.52 ,2018/09/04,SE1807318
A1390,971.52 ,2018/09/05,SE1807140
A0657,971.52 ,2018/09/05,SE1808876
A1212,971.52 ,2018/09/10,SE1808476
A0673,971.52 ,2018/09/11,SE1804703
A1305,971.52 ,2018/09/13,SE1802021
A0385,971.52 ,2018/09/13,SE1804207
A0408,971.52 ,2018/09/13,SE1805353
A1416,971.52 ,2018/09/13,SE1802557
A0464,971.52 ,2018/09/14,SE1806738
A1313,971.52 ,2018/09/14,SE1807858
A1232,971.52 ,2018/09/14,SE1804479
A0624,971.52 ,2018/09/17,SE1807018
A0861,971.52 ,2018/09/17,SE1807630
A1118,971.52 ,2018/09/18,SE1808641
A0783,971.52 ,2018/09/20,SE1805206
A0545,971.52 ,2018/09/20,SE1808901
A0783,971.52 ,2018/09/20,SE1802213
A1369,971.52 ,2018/09/20,SE1803908
A1203,971.52 ,2018/09/21,SE1803686
A1054,971.52 ,2018/09/21,SE1802306
A0731,971.52 ,2018/09/25,SE1803240
A0499,971.52 ,2018/09/26,SE1803138
A1073,971.52 ,2018/09/27,SE1802528
A0738,971.52 ,2018/09/27,SE1806537
A1065,971.52 ,2018/09/27,SE1803737
A0929,971.52 ,2018/09/28,SE1807916
A0983,946.18 ,2018/01/02,JA1808698
A0798,946.18 ,2018/01/04,JA1804885
A0824,946.18 ,2018/01/05,JA1808017
A0365,946.18 ,2018/01/10,JA1806428
A0819,946.18 ,2018/01/10,JA1805553
A0616,946.18 ,2018/01/10,JA1806519
A1255,946.18 ,2018/01/10,JA1801941
A1408,946.18 ,2018/01/11,JA1805696
A1357,946.18 ,2018/01/11,JA1808024
A0399,946.18 ,2018/01/11,JA1807136
A1307,946.18 ,2018/01/12,JA1808270
A0659,946.18 ,2018/01/15,JA1806725
A0890,946.18 ,2018/01/16,JA1806107
A1060,946.18 ,2018/01/17,JA1803668
A0380,946.18 ,2018/01/17,JA1809286
A0355,946.18 ,2018/01/17,JA1804346
A1204,946.18 ,2018/01/18,JA1804096
A0422,946.18 ,2018/01/18,JA1807884
A0494,946.18 ,2018/01/19,JA1809316
A0927,946.18 ,2018/01/22,JA1806474
A1361,946.18 ,2018/01/23,JA1801118
A0422,946.18 ,2018/01/23,JA1800940
A0363,946.18 ,2018/01/25,JA1806468
A0459,946.18 ,2018/01/26,JA1803991
A0385,946.18 ,2018/01/29,JA1800600
A1334,946.18 ,2018/01/29,JA1808829
A0659,946.18 ,2018/01/30,JA1804938
A0643,946.18 ,2018/02/01,FE1808773
A0754,946.18 ,2018/02/02,FE1805560
A1202,946.18 ,2018/02/05,FE1807368
A0822,946.18 ,2018/02/06,FE1808905
A1183,946.18 ,2018/02/07,FE1806899
A0601,946.18 ,2018/02/07,FE1800299
A1193,946.18 ,2018/02/07,FE1800124
A0673,946.18 ,2018/02/08,FE1806095
A0505,946.18 ,2018/02/08,FE1805030
A0495,946.18 ,2018/02/08,FE1800959
A0990,946.18 ,2018/02/09,FE1806621
A0738,946.18 ,2018/02/12,FE1806893
A1168,946.18 ,2018/02/12,FE1800211
A1361,946.18 ,2018/02/13,FE1804662
A0726,946.18 ,2018/02/14,FE1808788
A0377,946.18 ,2018/02/14,FE1805563
A1297,946.18 ,2018/02/14,FE1807663
A1133,946.18 ,2018/02/15,FE1800843
A0452,946.18 ,2018/02/15,FE1805656
A0905,946.18 ,2018/02/19,FE1807142
A0601,946.18 ,2018/02/20,FE1802242
A1292,946.18 ,2018/02/20,FE1803039
A0589,946.18 ,2018/02/21,FE1807399
A1193,946.18 ,2018/02/21,FE1806096
A0435,946.18 ,2018/02/22,FE1803196
A0816,946.18 ,2018/02/23,FE1807327
A0835,946.18 ,2018/02/23,FE1803948
A1202,946.18 ,2018/02/26,FE1803216
A0686,946.18 ,2018/02/26,FE1800013
A0678,946.18 ,2018/02/28,FE1808733
A0994,946.18 ,2018/02/28,FE1801659
A0673,946.18 ,2018/02/28,FE1806128
A1204,946.18 ,2018/03/01,MA1808600
A0408,946.18 ,2018/03/01,MA1803452
A0716,946.18 ,2018/03/02,MA1803395
A1059,946.18 ,2018/11/01,NO1802823
A1419,946.18 ,2018/11/01,NO1809158
A0660,946.18 ,2018/11/02,NO1809065
A0743,946.18 ,2018/11/05,NO1804709
A0990,946.18 ,2018/11/05,NO1801940
A1163,946.18 ,2018/11/06,NO1803409
A1353,946.18 ,2018/11/06,NO1805712
A1139,946.18 ,2018/11/06,NO1800531
A1014,946.18 ,2018/11/06,NO1802089
A0643,946.18 ,2018/11/08,NO1802761
A0994,946.18 ,2018/11/09,NO1803285
A1338,946.18 ,2018/11/09,NO1809099
A1163,946.18 ,2018/11/12,NO1801748
A0565,946.18 ,2018/11/13,NO1800729
A0499,946.18 ,2018/11/13,NO1808224
A1142,946.18 ,2018/11/14,NO1803841
A1029,946.18 ,2018/11/15,NO1809340
A1419,946.18 ,2018/11/15,NO1804855
A0910,946.18 ,2018/11/15,NO1806607
A1030,946.18 ,2018/11/16,NO1808714
A1133,946.18 ,2018/11/16,NO1807763
A0875,946.18 ,2018/11/19,NO1804339
A1221,946.18 ,2018/11/19,NO1804420
A0715,946.18 ,2018/11/20,NO1808445
A0673,946.18 ,2018/11/20,NO1806589
A0897,946.18 ,2018/11/20,NO1801907
A1027,946.18 ,2018/11/21,NO1806110
A0541,946.18 ,2018/11/21,NO1801718
A0952,946.18 ,2018/11/21,NO1802929
A0422,946.18 ,2018/11/21,NO1804688
A0928,946.18 ,2018/11/23,NO1804020
A0708,946.18 ,2018/11/23,NO1807357
A0897,946.18 ,2018/11/23,NO1808414
A1325,946.18 ,2018/11/26,NO1801647
A1362,946.18 ,2018/11/26,NO1801740
A0842,946.18 ,2018/11/26,NO1808887
A0765,946.18 ,2018/11/27,NO1803096
A1007,946.18 ,2018/11/27,NO1807165
A1106,946.18 ,2018/11/28,NO1805542
A1089,946.18 ,2018/11/28,NO1806556
A0499,946.18 ,2018/11/29,NO1807481
A1102,946.18 ,2018/11/30,NO1806851
A1290,946.18 ,2018/11/30,NO1803511
A1362,946.18 ,2018/12/03,DE1800033
A0753,946.18 ,2018/12/03,DE1803874
A0905,946.18 ,2018/12/03,DE1800451
A1164,946.18 ,2018/12/05,DE1801844
A0355,946.18 ,2018/12/06,DE1807937
A0399,946.18 ,2018/12/06,DE1808737
A0681,946.18 ,2018/12/07,DE1801044
A0452,946.18 ,2018/12/07,DE1807405
A0873,946.18 ,2018/12/07,DE1803666
A1146,946.18 ,2018/12/11,DE1802301
A0922,946.18 ,2018/12/11,DE1808711
A0678,946.18 ,2018/12/12,DE1806917
A1239,946.18 ,2018/12/12,DE1802735
A1309,946.18 ,2018/12/13,DE1807023
A1169,946.18 ,2018/12/13,DE1805205
A1164,946.18 ,2018/12/14,DE1803879
A0557,946.18 ,2018/12/14,DE1806749
A0884,946.18 ,2018/12/14,DE1809129
A0764,946.18 ,2018/12/17,DE1803617
A0559,946.18 ,2018/12/17,DE1806005
A1181,946.18 ,2018/12/17,DE1803596
A1385,946.18 ,2018/12/18,DE1803163
A0433,946.18 ,2018/12/19,DE1805407
A0816,946.18 ,2018/12/19,DE1806783
A1036,946.18 ,2018/12/19,DE1805126
A0429,946.18 ,2018/12/19,DE1806219
A1116,946.18 ,2018/12/19,DE1808098
A1388,946.18 ,2018/12/19,DE1801076
A0415,946.18 ,2018/12/20,DE1806653
A0446,946.18 ,2018/12/24,DE1805940
A1230,946.18 ,2018/12/24,DE1803643
A0567,946.18 ,2018/12/24,DE1806472
A0864,946.18 ,2018/12/25,DE1803702
A0545,946.18 ,2018/12/25,DE1804537
A0481,946.18 ,2018/12/26,DE1807877
A0713,946.18 ,2018/12/26,DE1800506
A1401,946.18 ,2018/12/26,DE1801764
A0611,946.18 ,2018/12/26,DE1802534
A0422,946.18 ,2018/12/27,DE1809084
A1204,946.18 ,2018/12/27,DE1801327
A1345,946.18 ,2018/12/31,DE1801182
A0852,946.18 ,2018/12/31,DE1807220
A0920,946.18 ,2019/01/01,JA1900530
A1313,946.18 ,2019/01/02,JA1903555
A0879,946.18 ,2019/01/02,JA1908412
A0352,334.40 ,2018/04/02,AP1805390
A1162,334.40 ,2018/04/02,AP1801199
A1293,334.40 ,2018/04/03,AP1800992
A1331,334.40 ,2018/04/03,AP1805425
A1401,334.40 ,2018/04/03,AP1808197
A0746,334.40 ,2018/04/04,AP1804193
A0464,334.40 ,2018/04/05,AP1806158
A0720,334.40 ,2018/04/05,AP1804796
A0951,334.40 ,2018/04/06,AP1806175
A1216,334.40 ,2018/04/06,AP1800836
A1316,334.40 ,2018/04/09,AP1801654
A1369,334.40 ,2018/04/11,AP1804632
A1360,334.40 ,2018/04/11,AP1800734
A0458,334.40 ,2018/04/12,AP1805742
A0705,334.40 ,2018/04/13,AP1801422
A0715,334.40 ,2018/04/13,AP1801115
A1102,334.40 ,2018/04/16,AP1802192
A0679,334.40 ,2018/04/16,AP1806576
A1329,334.40 ,2018/04/17,AP1804844
A0495,334.40 ,2018/04/19,AP1804093
A1387,334.40 ,2018/04/23,AP1803963
A1371,334.40 ,2018/04/25,AP1806681
A1360,334.40 ,2018/04/25,AP1802060
A0504,334.40 ,2018/04/26,AP1802742
A0432,334.40 ,2018/04/26,AP1806233
A1092,334.40 ,2018/04/27,AP1805193
A1164,334.40 ,2018/04/30,AP1808734
A0559,334.40 ,2018/05/01,MA1806569
A1125,334.40 ,2018/05/02,MA1803527
A1130,334.40 ,2018/05/02,MA1800084
A0576,334.40 ,2018/05/02,MA1800432
A1257,334.40 ,2018/05/04,MA1804206
A0802,334.40 ,2018/05/07,MA1801511
A0354,334.40 ,2018/05/09,MA1808656
A1248,334.40 ,2018/05/09,MA1808297
A0704,334.40 ,2018/05/09,MA1803262
A1408,334.40 ,2018/05/10,MA1801973
A0841,334.40 ,2018/05/11,MA1807020
A0921,334.40 ,2018/05/11,MA1803125
A1065,334.40 ,2018/05/14,MA1806164
A1153,334.40 ,2018/05/14,MA1806696
A0660,334.40 ,2018/05/14,MA1805172
A0943,334.40 ,2018/05/15,MA1805204
A1190,334.40 ,2018/05/16,MA1803046
A1285,334.40 ,2018/05/17,MA1808050
A1215,334.40 ,2018/05/18,MA1806442
A0610,334.40 ,2018/05/21,MA1803695
A1397,334.40 ,2018/05/21,MA1804102
A1046,334.40 ,2018/05/21,MA1805847
A1265,334.40 ,2018/05/21,MA1806045
A0473,334.40 ,2018/05/21,MA1801592
A1144,334.40 ,2018/05/21,MA1805762
A0846,334.40 ,2018/05/22,MA1806791
A1279,334.40 ,2018/05/23,MA1803496
A0629,334.40 ,2018/05/23,MA1808923
A0410,334.40 ,2018/05/24,MA1806329
A0633,334.40 ,2018/05/25,MA1803638
A0375,334.40 ,2018/05/28,MA1801279
A0994,334.40 ,2018/05/28,MA1808649
A0816,334.40 ,2018/05/30,MA1806482
A0686,334.40 ,2018/05/30,MA1807319
A1054,334.40 ,2018/05/31,MA1807664
A1311,334.40 ,2018/06/01,JU1801259
A1216,334.40 ,2018/06/04,JU1807674
A0445,334.40 ,2018/06/04,JU1800725
A1214,334.40 ,2018/06/05,JU1805772
A0989,334.40 ,2018/06/05,JU1802569
A1002,334.40 ,2018/06/05,JU1802105
A1265,334.40 ,2018/06/05,JU1805418
A1103,334.40 ,2018/06/07,JU1800711
A0707,334.40 ,2018/06/08,JU1808588
A1059,334.40 ,2018/06/08,JU1806312
A0961,334.40 ,2018/06/08,JU1800773
A0444,334.40 ,2018/06/08,JU1801030
A0463,334.40 ,2018/06/08,JU1800099
A1147,334.40 ,2018/06/12,JU1808942
A1120,334.40 ,2018/06/12,JU1802617
A0702,334.40 ,2018/06/14,JU1808349
A0454,334.40 ,2018/06/14,JU1804524
A0824,334.40 ,2018/06/15,JU1808873
A0586,334.40 ,2018/06/15,JU1809329
A0507,334.40 ,2018/06/18,JU1805933
A1270,334.40 ,2018/06/19,JU1807307
A0927,334.40 ,2018/06/19,JU1805854
A0878,334.40 ,2018/06/19,JU1807778
A0696,334.40 ,2018/06/20,JU1807013
A0350,334.40 ,2018/06/21,JU1803116
A0884,334.40 ,2018/06/25,JU1803990
A0897,334.40 ,2018/06/26,JU1804888
A0946,334.40 ,2018/06/28,JU1800662
A1100,334.40 ,2018/06/28,JU1807855
A1193,334.40 ,2018/06/29,JU1805817
A0637,334.40 ,2018/08/01,AU1801381
A0881,334.40 ,2018/08/02,AU1803970
A0963,334.40 ,2018/08/02,AU1805686
A1068,334.40 ,2018/08/03,AU1805128
A1076,334.40 ,2018/08/03,AU1804287
A0884,334.40 ,2018/08/06,AU1807995
A1018,334.40 ,2018/08/07,AU1804042
A1062,334.40 ,2018/08/07,AU1808978
A0703,334.40 ,2018/08/09,AU1802398
A0972,334.40 ,2018/08/09,AU1804639
A0422,334.40 ,2018/08/10,AU1801988
A0686,334.40 ,2018/08/10,AU1805768
A1112,334.40 ,2018/08/10,AU1801366
A0879,334.40 ,2018/08/10,AU1801873
A1009,334.40 ,2018/08/10,AU1804740
A0815,334.40 ,2018/08/13,AU1802677
A1181,334.40 ,2018/08/16,AU1805104
A1062,334.40 ,2018/08/16,AU1808574
A1128,334.40 ,2018/08/17,AU1803160
A0941,334.40 ,2018/08/17,AU1800345
A0428,334.40 ,2018/08/17,AU1808333
A0877,334.40 ,2018/08/22,AU1807843
A1369,334.40 ,2018/08/22,AU1808556
A0701,334.40 ,2018/08/24,AU1803852
A1332,334.40 ,2018/08/24,AU1807873
A0576,334.40 ,2018/08/24,AU1801683
A0764,334.40 ,2018/08/29,AU1802514
A1179,334.40 ,2018/09/03,SE1806088
A1110,334.40 ,2018/09/03,SE1809337
A1115,334.40 ,2018/09/04,SE1806100
A0744,334.40 ,2018/09/04,SE1803907
A0791,334.40 ,2018/09/05,SE1809091
A1186,334.40 ,2018/09/05,SE1804068
A1346,334.40 ,2018/09/05,SE1803079
A1232,334.40 ,2018/09/05,SE1803601
A1367,334.40 ,2018/09/06,SE1804034
A0522,334.40 ,2018/09/07,SE1806778
A0503,334.40 ,2018/09/07,SE1806726
A0355,334.40 ,2018/09/11,SE1805460
A1232,334.40 ,2018/09/11,SE1806131
A0945,334.40 ,2018/09/13,SE1806515
A0684,334.40 ,2018/09/14,SE1802743
A1076,334.40 ,2018/09/17,SE1805467
A0815,334.40 ,2018/09/18,SE1804288
A0643,334.40 ,2018/09/18,SE1807627
A0472,334.40 ,2018/09/18,SE1801484
A0833,334.40 ,2018/09/19,SE1808961
A1309,334.40 ,2018/09/20,SE1804713
A0754,334.40 ,2018/09/20,SE1801856
A0462,334.40 ,2018/09/21,SE1808177
A0763,334.40 ,2018/09/24,SE1806927
A0457,334.40 ,2018/09/25,SE1807563
A0919,334.40 ,2018/09/26,SE1804433
A0659,334.40 ,2018/09/26,SE1803753
A1362,1214.40 ,2018/04/05,AP1803146
A0826,1214.40 ,2018/04/05,AP1808993
A0997,1214.40 ,2018/04/06,AP1804955
A0816,1214.40 ,2018/04/09,AP1809320
A1002,1214.40 ,2018/04/09,AP1800355
A0744,1214.40 ,2018/04/09,AP1806758
A1413,1214.40 ,2018/04/10,AP1807693
A1212,1214.40 ,2018/04/10,AP1806475
A1340,1214.40 ,2018/04/11,AP1801676
A1072,1214.40 ,2018/04/11,AP1805321
A1415,1214.40 ,2018/04/11,AP1808790
A1095,1214.40 ,2018/04/11,AP1803389
A0949,1214.40 ,2018/04/12,AP1804514
A0731,1214.40 ,2018/04/13,AP1801621
A1360,1214.40 ,2018/04/13,AP1806077
A0821,1214.40 ,2018/04/16,AP1807905
A0445,1214.40 ,2018/04/16,AP1809288
A0835,1214.40 ,2018/04/16,AP1804403
A0742,1214.40 ,2018/04/19,AP1806547
A0716,1214.40 ,2018/04/19,AP1805555
A0629,1214.40 ,2018/04/23,AP1804585
A0947,1214.40 ,2018/04/24,AP1806481
A0892,1214.40 ,2018/04/25,AP1807125
A1240,1214.40 ,2018/04/25,AP1804532
A1130,1214.40 ,2018/04/26,AP1801013
A1147,1214.40 ,2018/04/26,AP1801645
A1187,1214.40 ,2018/04/27,AP1804795
A0892,1214.40 ,2018/04/30,AP1805602
A1230,1214.40 ,2018/05/01,MA1803674
A1316,1214.40 ,2018/05/01,MA1805733
A0350,1214.40 ,2018/05/02,MA1801756
A0887,1214.40 ,2018/05/02,MA1801587
A0695,1214.40 ,2018/05/02,MA1805764
A1272,1214.40 ,2018/05/03,MA1809342
A0887,1214.40 ,2018/05/07,MA1803317
A0470,1214.40 ,2018/05/09,MA1803007
A0992,1214.40 ,2018/05/09,MA1804588
A1420,1214.40 ,2018/05/10,MA1800708
A0701,1214.40 ,2018/05/14,MA1805365
A1305,1214.40 ,2018/05/15,MA1801127
A0603,1214.40 ,2018/05/16,MA1803558
A1103,1214.40 ,2018/05/17,MA1800553
A1017,1214.40 ,2018/05/18,MA1803411
A0715,1214.40 ,2018/05/22,MA1801553
A0992,1214.40 ,2018/05/22,MA1806997
A1100,1214.40 ,2018/05/22,MA1803593
A1204,1214.40 ,2018/05/23,MA1801870
A1187,1214.40 ,2018/05/24,MA1802886
A0703,1214.40 ,2018/05/28,MA1804249
A1202,1214.40 ,2018/05/28,MA1801315
A0892,1214.40 ,2018/05/28,MA1801828
A1409,1214.40 ,2018/05/28,MA1808118
A0740,1214.40 ,2018/05/30,MA1800986
A1187,1214.40 ,2018/05/31,MA1805797
A1065,1214.40 ,2018/05/31,MA1806383
A0922,1214.40 ,2018/06/04,JU1805538
A0559,1214.40 ,2018/06/04,JU1802896
A0438,1214.40 ,2018/06/04,JU1808317
A0875,1214.40 ,2018/06/05,JU1804881
A0569,1214.40 ,2018/06/05,JU1801531
A1257,1214.40 ,2018/06/06,JU1800972
A0953,1214.40 ,2018/06/07,JU1806364
A1130,1214.40 ,2018/06/07,JU1801694
A1163,1214.40 ,2018/06/07,JU1802675
A0640,1214.40 ,2018/06/08,JU1807646
A0869,1214.40 ,2018/06/11,JU1807324
A0408,1214.40 ,2018/06/12,JU1807808
A1225,1214.40 ,2018/06/12,JU1806719
A0629,1214.40 ,2018/06/13,JU1801152
A0845,1214.40 ,2018/06/14,JU1808290
A0744,1214.40 ,2018/06/15,JU1801332
A0811,1214.40 ,2018/06/18,JU1803665
A0576,1214.40 ,2018/06/18,JU1803246
A0557,1214.40 ,2018/06/18,JU1803068
A0801,1214.40 ,2018/06/20,JU1802509
A0786,1214.40 ,2018/06/25,JU1802004
A0977,1214.40 ,2018/06/25,JU1800631
A0811,1214.40 ,2018/06/26,JU1800760
A0845,1214.40 ,2018/06/26,JU1800315
A0776,1214.40 ,2018/06/27,JU1806702
A0720,1214.40 ,2018/06/28,JU1806552
A0426,1214.40 ,2018/06/29,JU1809036
A0589,1214.40 ,2018/06/29,JU1806797
A0534,1214.40 ,2018/07/31,JU1805305
A0632,1214.40 ,2018/08/01,AU1805147
A0493,1214.40 ,2018/08/01,AU1808933
A0574,1214.40 ,2018/08/02,AU1805200
A1305,1214.40 ,2018/08/02,AU1801581
A0643,1214.40 ,2018/08/03,AU1800465
A1338,1214.40 ,2018/08/08,AU1800767
A0795,1214.40 ,2018/08/08,AU1808534
A0863,1214.40 ,2018/08/09,AU1800855
A1280,1214.40 ,2018/08/10,AU1800956
A0480,1214.40 ,2018/08/10,AU1803825
A1003,1214.40 ,2018/08/13,AU1803837
A1094,1214.40 ,2018/08/14,AU1802237
A0616,1214.40 ,2018/08/14,AU1805239
A0690,1214.40 ,2018/08/15,AU1800229
A0955,1214.40 ,2018/08/15,AU1805481
A0512,1214.40 ,2018/08/15,AU1805180
A0414,1214.40 ,2018/08/16,AU1806296
A1092,1214.40 ,2018/08/17,AU1807685
A0922,1214.40 ,2018/08/17,AU1801245
A1185,1214.40 ,2018/08/23,AU1808014
A0422,1214.40 ,2018/08/23,AU1803644
A0988,1214.40 ,2018/08/24,AU1805604
A0380,1214.40 ,2018/08/27,AU1800851
A1381,1214.40 ,2018/08/27,AU1805471
A0369,1214.40 ,2018/08/28,AU1808767
A0919,1214.40 ,2018/08/29,AU1801220
A1369,1214.40 ,2018/08/29,AU1802246
A0657,1214.40 ,2018/08/30,AU1802864
A1343,1214.40 ,2018/08/31,AU1809086
A0861,1214.40 ,2018/09/03,SE1803925
A0716,1214.40 ,2018/09/04,SE1803014
A1237,1214.40 ,2018/09/07,SE1800087
A0665,1214.40 ,2018/09/07,SE1802651
A0512,1214.40 ,2018/09/07,SE1800868
A0523,1214.40 ,2018/09/10,SE1801442
A0467,1214.40 ,2018/09/10,SE1806745
A1057,1214.40 ,2018/09/11,SE1801375
A1349,1214.40 ,2018/09/11,SE1805354
A1285,1214.40 ,2018/09/12,SE1802679
A0480,1214.40 ,2018/09/12,SE1800744
A1020,1214.40 ,2018/09/12,SE1804101
A1162,1214.40 ,2018/09/13,SE1803521
A1179,1214.40 ,2018/09/14,SE1808464
A0552,1214.40 ,2018/09/14,SE1803913
A0633,1214.40 ,2018/09/14,SE1806525
A1069,1214.40 ,2018/09/14,SE1800120
A1003,1214.40 ,2018/09/14,SE1802671
A1338,1214.40 ,2018/09/17,SE1804970
A0802,1214.40 ,2018/09/18,SE1801793
A0708,1214.40 ,2018/09/18,SE1808808
A1420,1214.40 ,2018/09/18,SE1809069
A1175,1214.40 ,2018/09/19,SE1807425
A0816,1214.40 ,2018/09/20,SE1805229
A0495,1214.40 ,2018/09/24,SE1803460
A0884,1214.40 ,2018/09/25,SE1806116
A0833,1214.40 ,2018/09/27,SE1802001
A0747,1214.40 ,2018/09/27,SE1800233
A1397,1214.40 ,2018/09/28,SE1802056
A1221,1214.40 ,2018/09/28,SE1805899
A1215,1214.40 ,2018/09/28,SE1805593
A0963,1182.72 ,2018/01/03,JA1805975
A0938,1182.72 ,2018/01/04,JA1805214
A0410,1182.72 ,2018/01/04,JA1808311
A0457,1182.72 ,2018/01/04,JA1803303
A0745,1182.72 ,2018/01/05,JA1803126
A1159,1182.72 ,2018/01/08,JA1802522
A0522,1182.72 ,2018/01/08,JA1803052
A1150,1182.72 ,2018/01/09,JA1805276
A0525,1182.72 ,2018/01/10,JA1805921
A0670,1182.72 ,2018/01/11,JA1802160
A0778,1182.72 ,2018/01/15,JA1802258
A0945,1182.72 ,2018/01/15,JA1801842
A0881,1182.72 ,2018/01/16,JA1808288
A0627,1182.72 ,2018/01/17,JA1807378
A1115,1182.72 ,2018/01/17,JA1807178
A0944,1182.72 ,2018/01/18,JA1802075
A0586,1182.72 ,2018/01/22,JA1808706
A0961,1182.72 ,2018/01/24,JA1801248
A0741,1182.72 ,2018/01/25,JA1807911
A1277,1182.72 ,2018/01/25,JA1803762
A0583,1182.72 ,2018/01/25,JA1804816
A1236,1182.72 ,2018/01/29,JA1808855
A1223,1182.72 ,2018/01/31,JA1806225
A1124,1182.72 ,2018/02/01,FE1805705
A0472,1182.72 ,2018/02/02,FE1804554
A1225,1182.72 ,2018/02/05,FE1808438
A1311,1182.72 ,2018/02/05,FE1802480
A0657,1182.72 ,2018/02/06,FE1804191
A0931,1182.72 ,2018/02/06,FE1807329
A1129,1182.72 ,2018/02/06,FE1806342
A0417,1182.72 ,2018/02/07,FE1803081
A1160,1182.72 ,2018/02/07,FE1808915
A1106,1182.72 ,2018/02/08,FE1801382
A0807,1182.72 ,2018/02/09,FE1802170
A1071,1182.72 ,2018/02/09,FE1808881
A1013,1182.72 ,2018/02/09,FE1807113
A1064,1182.72 ,2018/02/09,FE1808442
A0762,1182.72 ,2018/02/09,FE1807081
A0670,1182.72 ,2018/02/09,FE1802577
A0954,1182.72 ,2018/02/12,FE1802531
A1085,1182.72 ,2018/02/13,FE1805091
A1362,1182.72 ,2018/02/15,FE1807480
A0835,1182.72 ,2018/02/15,FE1804178
A0593,1182.72 ,2018/02/16,FE1803113
A0824,1182.72 ,2018/02/20,FE1801062
A1076,1182.72 ,2018/02/20,FE1802020
A0786,1182.72 ,2018/02/21,FE1807917
A0990,1182.72 ,2018/02/26,FE1803750
A0499,1182.72 ,2018/02/26,FE1803526
A0790,1182.72 ,2018/02/28,FE1801342
A1254,1182.72 ,2018/02/28,FE1807297
A1103,1182.72 ,2018/02/28,FE1807971
A1338,1182.72 ,2018/10/30,OC1808041
A1330,1182.72 ,2018/11/01,NO1804460
A0841,1182.72 ,2018/11/02,NO1802788
A1020,1182.72 ,2018/11/02,NO1808449
A0798,1182.72 ,2018/11/05,NO1805081
A1307,1182.72 ,2018/11/06,NO1801282
A0754,1182.72 ,2018/11/07,NO1803945
A0444,1182.72 ,2018/11/07,NO1803607
A1064,1182.72 ,2018/11/07,NO1807740
A0616,1182.72 ,2018/11/08,NO1806831
A0970,1182.72 ,2018/11/09,NO1804543
A0576,1182.72 ,2018/11/09,NO1802807
A0781,1182.72 ,2018/11/12,NO1804230
A0696,1182.72 ,2018/11/12,NO1807642
A1282,1182.72 ,2018/11/13,NO1806600
A0772,1182.72 ,2018/11/13,NO1808312
A1325,1182.72 ,2018/11/14,NO1803491
A0682,1182.72 ,2018/11/14,NO1805876
A0781,1182.72 ,2018/11/14,NO1805869
A0357,1182.72 ,2018/11/14,NO1801619
A0428,1182.72 ,2018/11/14,NO1805410
A0965,1182.72 ,2018/11/14,NO1808843
A1256,1182.72 ,2018/11/16,NO1804598
A0350,1182.72 ,2018/11/16,NO1800564
A1181,1182.72 ,2018/11/19,NO1803311
A0428,1182.72 ,2018/11/20,NO1806121
A1064,1182.72 ,2018/11/20,NO1805387
A1085,1182.72 ,2018/11/21,NO1805446
A0720,1182.72 ,2018/11/21,NO1801723
A0426,1182.72 ,2018/11/21,NO1800838
A1313,1182.72 ,2018/11/21,NO1801627
A1337,1182.72 ,2018/11/22,NO1808272
A1007,1182.72 ,2018/11/22,NO1804907
A0470,1182.72 ,2018/11/26,NO1807122
A0742,1182.72 ,2018/11/27,NO1800176
A0414,1182.72 ,2018/11/28,NO1800445
A0993,1182.72 ,2018/11/28,NO1804435
A0352,1182.72 ,2018/11/30,NO1800596
A0504,1182.72 ,2018/11/30,NO1803412
A1057,1182.72 ,2018/12/04,DE1805925
A1346,1182.72 ,2018/12/05,DE1806827
A0994,1182.72 ,2018/12/05,DE1800481
A0977,1182.72 ,2018/12/06,DE1809264
A0731,1182.72 ,2018/12/10,DE1803626
A0810,1182.72 ,2018/12/12,DE1802575
A1374,1182.72 ,2018/12/13,DE1808786
A0502,1182.72 ,2018/12/17,DE1807387
A0997,1182.72 ,2018/12/17,DE1800010
A0710,1182.72 ,2018/12/18,DE1805374
A1297,1182.72 ,2018/12/18,DE1808573
A0431,1182.72 ,2018/12/19,DE1806699
A1187,1182.72 ,2018/12/19,DE1804217
A1020,1182.72 ,2018/12/19,DE1800049
A0997,1182.72 ,2018/12/20,DE1807293
A1334,1182.72 ,2018/12/21,DE1801170
A1116,1182.72 ,2018/12/24,DE1808407
A1257,1182.72 ,2018/12/24,DE1805377
A1009,1182.72 ,2018/12/24,DE1807805
A1054,1182.72 ,2018/12/24,DE1803663
A0707,1182.72 ,2018/12/26,DE1802313
A1249,1182.72 ,2018/12/27,DE1807587
A0894,1182.72 ,2018/12/28,DE1807422
A1068,1182.72 ,2018/12/28,DE1809296
A0990,1182.72 ,2018/12/28,DE1809321
A0627,1182.72 ,2018/12/31,DE1807800
A0471,1182.72 ,2019/01/01,JA1901318
A0773,1182.72 ,2019/01/01,JA1906624
A0467,1182.72 ,2019/01/02,JA1900031
A0431,1182.72 ,2019/01/04,JA1906407
A1277,1182.72 ,2019/01/04,JA1905154
A1202,2164.06 ,2018/04/02,AP1809020
A1416,2164.06 ,2018/04/03,AP1803929
A1153,2164.06 ,2018/04/09,AP1800947
A1226,2164.06 ,2018/04/09,AP1803547
A0353,2164.06 ,2018/04/10,AP1807606
A0457,2164.06 ,2018/04/10,AP1807772
A0726,2164.06 ,2018/04/11,AP1802280
A0450,2164.06 ,2018/04/11,AP1801545
A1193,2164.06 ,2018/04/12,AP1803662
A1181,2164.06 ,2018/04/12,AP1802988
A0672,2164.06 ,2018/04/12,AP1801407
A0718,2164.06 ,2018/04/13,AP1803210
A1290,2164.06 ,2018/04/17,AP1801674
A0944,2164.06 ,2018/04/18,AP1807332
A0852,2164.06 ,2018/04/19,AP1804398
A0415,2164.06 ,2018/04/20,AP1807153
A0800,2164.06 ,2018/04/23,AP1805056
A1131,2164.06 ,2018/04/25,AP1806557
A0375,2164.06 ,2018/04/25,AP1807296
A1007,2164.06 ,2018/04/30,AP1808307
A0994,2164.06 ,2018/04/30,AP1801088
A0944,2164.06 ,2018/05/01,MA1807231
A1014,2164.06 ,2018/05/01,MA1806780
A0810,2164.06 ,2018/05/02,MA1801582
A1305,2164.06 ,2018/05/02,MA1801761
A0587,2164.06 ,2018/05/02,MA1803835
A0762,2164.06 ,2018/05/04,MA1803767
A1386,2164.06 ,2018/05/07,MA1804265
A1130,2164.06 ,2018/05/07,MA1809197
A0693,2164.06 ,2018/05/07,MA1804608
A0480,2164.06 ,2018/05/07,MA1801861
A0739,2164.06 ,2018/05/08,MA1801804
A0965,2164.06 ,2018/05/14,MA1806126
A1146,2164.06 ,2018/05/16,MA1805130
A0760,2164.06 ,2018/05/18,MA1806754
A0931,2164.06 ,2018/05/21,MA1808548
A0399,2164.06 ,2018/05/22,MA1808064
A0473,2164.06 ,2018/05/22,MA1803850
A1271,2164.06 ,2018/05/23,MA1802538
A0725,2164.06 ,2018/05/23,MA1800768
A0520,2164.06 ,2018/05/24,MA1801791
A0377,2164.06 ,2018/05/24,MA1806086
A0382,2164.06 ,2018/05/24,MA1806133
A0601,2164.06 ,2018/05/25,MA1806097
A0828,2164.06 ,2018/05/28,MA1809186
A0569,2164.06 ,2018/05/28,MA1805191
A1388,2164.06 ,2018/05/28,MA1806263
A0686,2164.06 ,2018/05/29,MA1807920
A1300,2164.06 ,2018/06/01,JU1807673
A0516,2164.06 ,2018/06/05,JU1801116
A0427,2164.06 ,2018/06/06,JU1801399
A1103,2164.06 ,2018/06/07,JU1804859
A0781,2164.06 ,2018/06/08,JU1800272
A1116,2164.06 ,2018/06/11,JU1804558
A1226,2164.06 ,2018/06/14,JU1801418
A1333,2164.06 ,2018/06/15,JU1800814
A0686,2164.06 ,2018/06/15,JU1804050
A0778,2164.06 ,2018/06/18,JU1804173
A0512,2164.06 ,2018/06/18,JU1808770
A0586,2164.06 ,2018/06/19,JU1802916
A1336,2164.06 ,2018/06/19,JU1804559
A0408,2164.06 ,2018/06/19,JU1802473
A1133,2164.06 ,2018/06/20,JU1803086
A1329,2164.06 ,2018/06/26,JU1807785
A1181,2164.06 ,2018/06/27,JU1801271
A0679,2164.06 ,2018/06/29,JU1800398
A0578,2164.06 ,2018/06/29,JU1808821
A1329,2164.06 ,2018/08/01,AU1805834
A0456,2164.06 ,2018/08/02,AU1804727
A0852,2164.06 ,2018/08/06,AU1805848
A0654,2164.06 ,2018/08/07,AU1808697
A1337,2164.06 ,2018/08/08,AU1808844
A0819,2164.06 ,2018/08/08,AU1801734
A1101,2164.06 ,2018/08/10,AU1806602
A0795,2164.06 ,2018/08/15,AU1801290
A0432,2164.06 ,2018/08/16,AU1805859
A0632,2164.06 ,2018/08/16,AU1806223
A0802,2164.06 ,2018/08/17,AU1802092
A0819,2164.06 ,2018/08/17,AU1805728
A0921,2164.06 ,2018/08/20,AU1805325
A1009,2164.06 ,2018/08/22,AU1803630
A0811,2164.06 ,2018/08/23,AU1806707
A1168,2164.06 ,2018/08/27,AU1800987
A0720,2164.06 ,2018/08/27,AU1807340
A1395,2164.06 ,2018/08/28,AU1806101
A0627,2164.06 ,2018/08/28,AU1807279
A1232,2164.06 ,2018/08/28,AU1804135
A0708,2164.06 ,2018/08/29,AU1805529
A0516,2164.06 ,2018/08/31,AU1800080
A1395,2164.06 ,2018/08/31,AU1803017
A1412,2164.06 ,2018/09/04,SE1807571
A1320,2164.06 ,2018/09/05,SE1805805
A0539,2164.06 ,2018/09/06,SE1809221
A1320,2164.06 ,2018/09/06,SE1801095
A0830,2164.06 ,2018/09/07,SE1805414
A1103,2164.06 ,2018/09/07,SE1805102
A1419,2164.06 ,2018/09/10,SE1800694
A1037,2164.06 ,2018/09/10,SE1803038
A0574,2164.06 ,2018/09/12,SE1805530
A0446,2164.06 ,2018/09/13,SE1805755
A1216,2164.06 ,2018/09/13,SE1803047
A0880,2164.06 ,2018/09/18,SE1808713
A1129,2164.06 ,2018/09/18,SE1808907
A0972,2164.06 ,2018/09/19,SE1801737
A0403,2164.06 ,2018/09/19,SE1801033
A0607,2164.06 ,2018/09/20,SE1805439
A1406,2164.06 ,2018/09/20,SE1802077
A1103,2164.06 ,2018/09/20,SE1805287
A1265,2164.06 ,2018/09/21,SE1808258
A0428,2164.06 ,2018/09/21,SE1801901
A1254,2164.06 ,2018/09/21,SE1800901
A0695,2164.06 ,2018/09/24,SE1801080
A1332,2164.06 ,2018/09/24,SE1809023
A0716,2164.06 ,2018/09/25,SE1800122
A1065,2164.06 ,2018/09/26,SE1802489
A0824,2164.06 ,2018/09/26,SE1801735
A0865,2164.06 ,2018/09/27,SE1804006
A0534,2164.06 ,2018/09/28,SE1805782
A1146,2164.06 ,2018/09/28,SE1800510
A1334,2164.06 ,2018/09/28,SE1800555
A0764,2100.48 ,2018/01/02,JA1802933
A1135,2100.48 ,2018/01/03,JA1804904
A0881,2100.48 ,2018/01/05,JA1808484
A0892,2100.48 ,2018/01/09,JA1800955
A0903,2100.48 ,2018/01/10,JA1800368
A1349,2100.48 ,2018/01/12,JA1809230
A0796,2100.48 ,2018/01/15,JA1804562
A0781,2100.48 ,2018/01/15,JA1808889
A1416,2100.48 ,2018/01/17,JA1806073
A1212,2100.48 ,2018/01/17,JA1807888
A0587,2100.48 ,2018/01/18,JA1809005
A0419,2100.48 ,2018/01/18,JA1801833
A0681,2100.48 ,2018/01/19,JA1808430
A1285,2100.48 ,2018/01/22,JA1805358
A0427,2100.48 ,2018/01/23,JA1800764
A0431,2100.48 ,2018/01/24,JA1806718
A0616,2100.48 ,2018/01/25,JA1805285
A1178,2100.48 ,2018/01/26,JA1806801
A0835,2100.48 ,2018/01/29,JA1801084
A1002,2100.48 ,2018/01/31,JA1804257
A0749,2100.48 ,2018/01/31,JA1803870
A1345,2100.48 ,2018/01/31,JA1805277
A0852,2100.48 ,2018/02/01,FE1806437
A1085,2100.48 ,2018/02/02,FE1808989
A0495,2100.48 ,2018/02/02,FE1806859
A0693,2100.48 ,2018/02/02,FE1808146
A0503,2100.48 ,2018/02/02,FE1801371
A1020,2100.48 ,2018/02/02,FE1809152
A0987,2100.48 ,2018/02/06,FE1801608
A0996,2100.48 ,2018/02/07,FE1808883
A1265,2100.48 ,2018/02/07,FE1800118
A1240,2100.48 ,2018/02/09,FE1808386
A1419,2100.48 ,2018/02/12,FE1806550
A1278,2100.48 ,2018/02/13,FE1804476
A0708,2100.48 ,2018/02/13,FE1808542
A0836,2100.48 ,2018/02/14,FE1808191
A1103,2100.48 ,2018/02/14,FE1805175
A0963,2100.48 ,2018/02/15,FE1804717
A0463,2100.48 ,2018/02/15,FE1807103
A0953,2100.48 ,2018/02/16,FE1806089
A0380,2100.48 ,2018/02/20,FE1809223
A0481,2100.48 ,2018/02/21,FE1806876
A0587,2100.48 ,2018/02/21,FE1806763
A1420,2100.48 ,2018/02/21,FE1806764
A0842,2100.48 ,2018/02/21,FE1808465
A0845,2100.48 ,2018/02/23,FE1808948
A1062,2100.48 ,2018/02/27,FE1807521
A0495,2100.48 ,2018/02/27,FE1805450
A1092,2100.48 ,2018/02/28,FE1804745
A1329,2100.48 ,2018/03/01,MA1807466
A0552,2100.48 ,2018/10/29,OC1808827
A0945,2100.48 ,2018/10/30,OC1804832
A0429,2100.48 ,2018/11/05,NO1808761
A0963,2100.48 ,2018/11/06,NO1808034
A1030,2100.48 ,2018/11/06,NO1801561
A1416,2100.48 ,2018/11/07,NO1806975
A0977,2100.48 ,2018/11/08,NO1804777
A0942,2100.48 ,2018/11/08,NO1800816
A0798,2100.48 ,2018/11/08,NO1801871
A1282,2100.48 ,2018/11/09,NO1803373
A0760,2100.48 ,2018/11/09,NO1800158
A0548,2100.48 ,2018/11/13,NO1806242
A0576,2100.48 ,2018/11/13,NO1805355
A0749,2100.48 ,2018/11/14,NO1803506
A0916,2100.48 ,2018/11/14,NO1806315
A1410,2100.48 ,2018/11/15,NO1804310
A0724,2100.48 ,2018/11/15,NO1803360
A1055,2100.48 ,2018/11/15,NO1800249
A1343,2100.48 ,2018/11/16,NO1806205
A1390,2100.48 ,2018/11/19,NO1800893
A0350,2100.48 ,2018/11/19,NO1806955
A0927,2100.48 ,2018/11/20,NO1800943
A0633,2100.48 ,2018/11/21,NO1802871
A1007,2100.48 ,2018/11/21,NO1804699
A0861,2100.48 ,2018/11/21,NO1804954
A1282,2100.48 ,2018/11/21,NO1808671
A0952,2100.48 ,2018/11/23,NO1808335
A1292,2100.48 ,2018/11/23,NO1807177
A0445,2100.48 ,2018/11/23,NO1805700
A1278,2100.48 ,2018/11/26,NO1808316
A0655,2100.48 ,2018/11/28,NO1803993
A1236,2100.48 ,2018/11/29,NO1800404
A0935,2100.48 ,2018/11/30,NO1804976
A0879,2100.48 ,2018/11/30,NO1801410
A0945,2100.48 ,2018/11/30,NO1804751
A1412,2100.48 ,2018/11/30,NO1807412
A0771,2100.48 ,2018/12/03,DE1809067
A0673,2100.48 ,2018/12/04,DE1806135
A0887,2100.48 ,2018/12/05,DE1808207
A1363,2100.48 ,2018/12/06,DE1805053
A1243,2100.48 ,2018/12/06,DE1800082
A1353,2100.48 ,2018/12/06,DE1806429
A1329,2100.48 ,2018/12/06,DE1805564
A0655,2100.48 ,2018/12/07,DE1804773
A0995,2100.48 ,2018/12/10,DE1803229
A1369,2100.48 ,2018/12/10,DE1808561
A0871,2100.48 ,2018/12/12,DE1808814
A0531,2100.48 ,2018/12/13,DE1802083
A0697,2100.48 ,2018/12/13,DE1804357
A0582,2100.48 ,2018/12/18,DE1800424
A0429,2100.48 ,2018/12/18,DE1801174
A0431,2100.48 ,2018/12/19,DE1804923
A1313,2100.48 ,2018/12/20,DE1806583
A1332,2100.48 ,2018/12/21,DE1803455
A0487,2100.48 ,2018/12/24,DE1804232
A1114,2100.48 ,2018/12/24,DE1803648
A0462,2100.48 ,2018/12/24,DE1806636
A0927,2100.48 ,2018/12/25,DE1801207
A0884,2100.48 ,2018/12/25,DE1805156
A1278,2100.48 ,2018/12/25,DE1808136
A0505,2100.48 ,2018/12/26,DE1806676
A1067,2100.48 ,2018/12/27,DE1803895
A1068,2100.48 ,2018/12/27,DE1804451
A0415,2100.48 ,2018/12/31,DE1809016
A1170,2100.48 ,2018/12/31,DE1802918
A0695,2100.48 ,2018/12/31,DE1805347
A0927,2100.48 ,2019/01/01,JA1905761
A1316,2100.48 ,2019/01/01,JA1905100
A1085,2100.48 ,2019/01/01,JA1904201
A1110,2100.48 ,2019/01/03,JA1901947
A0861,668.80 ,2018/04/02,AP1805349
A1130,668.80 ,2018/04/02,AP1806345
A0548,668.80 ,2018/04/03,AP1801518
A1079,668.80 ,2018/04/03,AP1806403
A0610,668.80 ,2018/04/03,AP1806346
A1138,668.80 ,2018/04/06,AP1808856
A0643,668.80 ,2018/04/10,AP1804724
A0781,668.80 ,2018/04/10,AP1806916
A1337,668.80 ,2018/04/11,AP1806520
A0458,668.80 ,2018/04/17,AP1802265
A1054,668.80 ,2018/04/18,AP1800405
A0708,668.80 ,2018/04/18,AP1805320
A0429,668.80 ,2018/04/20,AP1808822
A0925,668.80 ,2018/04/20,AP1807361
A0933,668.80 ,2018/04/20,AP1804576
A0847,668.80 ,2018/04/24,AP1803689
A0432,668.80 ,2018/04/24,AP1803821
A0762,668.80 ,2018/04/24,AP1809044
A1270,668.80 ,2018/04/24,AP1802960
A0863,668.80 ,2018/04/25,AP1802628
A1305,668.80 ,2018/04/26,AP1801603
A1142,668.80 ,2018/04/27,AP1806864
A0522,668.80 ,2018/05/01,MA1807366
A0943,668.80 ,2018/05/02,MA1808633
A1221,668.80 ,2018/05/04,MA1808217
A1055,668.80 ,2018/05/04,MA1804190
A0649,668.80 ,2018/05/07,MA1803831
A0369,668.80 ,2018/05/07,MA1807224
A0422,668.80 ,2018/05/08,MA1802909
A1193,668.80 ,2018/05/08,MA1802014
A0498,668.80 ,2018/05/09,MA1807115
A0655,668.80 ,2018/05/09,MA1800302
A0952,668.80 ,2018/05/10,MA1805548
A1030,668.80 ,2018/05/15,MA1808023
A1369,668.80 ,2018/05/16,MA1800871
A0861,668.80 ,2018/05/18,MA1805749
A1089,668.80 ,2018/05/18,MA1802364
A0629,668.80 ,2018/05/21,MA1801558
A1011,668.80 ,2018/05/21,MA1804384
A1029,668.80 ,2018/05/22,MA1807084
A1162,668.80 ,2018/05/22,MA1804166
A0467,668.80 ,2018/05/23,MA1803167
A0542,668.80 ,2018/05/23,MA1807286
A0761,668.80 ,2018/05/24,MA1805199
A1163,668.80 ,2018/05/24,MA1805557
A0660,668.80 ,2018/05/25,MA1801117
A0881,668.80 ,2018/05/29,MA1806171
A0557,668.80 ,2018/05/29,MA1806400
A1163,668.80 ,2018/05/31,MA1801633
A1058,668.80 ,2018/05/31,MA1806445
A1131,668.80 ,2018/06/01,JU1808983
A1142,668.80 ,2018/06/04,JU1805646
A0906,668.80 ,2018/06/06,JU1802456
A0760,668.80 ,2018/06/07,JU1807924
A1338,668.80 ,2018/06/08,JU1802122
A0369,668.80 ,2018/06/08,JU1801082
A0517,668.80 ,2018/06/11,JU1802061
A1416,668.80 ,2018/06/12,JU1807497
A0506,668.80 ,2018/06/13,JU1805408
A0408,668.80 ,2018/06/14,JU1808326
A0802,668.80 ,2018/06/20,JU1803660
A0643,668.80 ,2018/06/22,JU1807517
A0666,668.80 ,2018/06/25,JU1803168
A0838,668.80 ,2018/06/25,JU1807777
A0942,668.80 ,2018/06/25,JU1806265
A0853,668.80 ,2018/06/27,JU1808458
A0661,668.80 ,2018/07/30,JU1806071
A0798,668.80 ,2018/08/06,AU1802928
A0506,668.80 ,2018/08/06,AU1806911
A0480,668.80 ,2018/08/06,AU1805692
A0480,668.80 ,2018/08/07,AU1803992
A1163,668.80 ,2018/08/09,AU1807691
A0749,668.80 ,2018/08/10,AU1801471
A0399,668.80 ,2018/08/13,AU1802758
A0965,668.80 ,2018/08/14,AU1808740
A0528,668.80 ,2018/08/17,AU1803293
A1272,668.80 ,2018/08/20,AU1802078
A0949,668.80 ,2018/08/22,AU1806746
A1316,668.80 ,2018/08/22,AU1807280
A0710,668.80 ,2018/08/22,AU1807745
A0799,668.80 ,2018/08/23,AU1808536
A0529,668.80 ,2018/08/24,AU1800659
A1146,668.80 ,2018/08/27,AU1807561
A0879,668.80 ,2018/08/27,AU1805060
A1358,668.80 ,2018/08/27,AU1807211
A1410,668.80 ,2018/08/27,AU1803451
A1270,668.80 ,2018/08/27,AU1803633
A0444,668.80 ,2018/08/27,AU1801755
A0791,668.80 ,2018/08/28,AU1807936
A0672,668.80 ,2018/09/04,SE1805531
A1164,668.80 ,2018/09/04,SE1803225
A1360,668.80 ,2018/09/05,SE1802852
A1142,668.80 ,2018/09/05,SE1808937
A0867,668.80 ,2018/09/06,SE1808803
A0415,668.80 ,2018/09/06,SE1803299
A1137,668.80 ,2018/09/07,SE1803134
A1305,668.80 ,2018/09/07,SE1809038
A0542,668.80 ,2018/09/13,SE1803048
A0706,668.80 ,2018/09/18,SE1808275
A0542,668.80 ,2018/09/18,SE1805633
A1409,668.80 ,2018/09/19,SE1800942
A0487,668.80 ,2018/09/20,SE1805136
A0472,668.80 ,2018/09/21,SE1805388
A1225,668.80 ,2018/09/21,SE1801909
A1113,668.80 ,2018/09/25,SE1808759
A0660,668.80 ,2018/09/27,SE1807711
A1307,668.80 ,2018/09/27,SE1805437
A1333,668.80 ,2018/09/27,SE1803201
A0952,668.80 ,2018/10/03,OC1800121
A1412,2929.13 ,2018/04/04,AP1802881
A0749,2929.13 ,2018/04/04,AP1801181
A0665,2929.13 ,2018/04/09,AP1801585
A1116,2929.13 ,2018/04/10,AP1805587
A0830,2929.13 ,2018/04/10,AP1800965
A1388,2929.13 ,2018/04/12,AP1808488
A1332,2929.13 ,2018/04/12,AP1804109
A1286,2929.13 ,2018/04/16,AP1807369
A1333,2929.13 ,2018/04/20,AP1807101
A0798,2929.13 ,2018/04/23,AP1801700
A1271,2929.13 ,2018/04/24,AP1803464
A0718,2929.13 ,2018/04/24,AP1804496
A1221,2929.13 ,2018/04/26,AP1808586
A0422,2929.13 ,2018/04/26,AP1803301
A1062,2929.13 ,2018/04/26,AP1806113
A0880,2929.13 ,2018/04/30,AP1801656
A1123,2929.13 ,2018/04/30,AP1804812
A0616,2929.13 ,2018/04/30,AP1807288
A0903,2929.13 ,2018/05/01,MA1805881
A0587,2929.13 ,2018/05/03,MA1805382
A0670,2929.13 ,2018/05/03,MA1806631
A1313,2929.13 ,2018/05/03,MA1806858
A1064,2929.13 ,2018/05/07,MA1803510
A0647,2929.13 ,2018/05/07,MA1803624
A0778,2929.13 ,2018/05/07,MA1808760
A1345,2929.13 ,2018/05/08,MA1806343
A1260,2929.13 ,2018/05/10,MA1809344
A0792,2929.13 ,2018/05/10,MA1801429
A0461,2929.13 ,2018/05/17,MA1804908
A0716,2929.13 ,2018/05/18,MA1801261
A1216,2929.13 ,2018/05/18,MA1806150
A0679,2929.13 ,2018/05/18,MA1801956
A0574,2929.13 ,2018/05/21,MA1802008
A0792,2929.13 ,2018/05/23,MA1807645
A0800,2929.13 ,2018/05/24,MA1800990
A1129,2929.13 ,2018/05/29,MA1803432
A0701,2929.13 ,2018/06/04,JU1803063
A0387,2929.13 ,2018/06/05,JU1808340
A1320,2929.13 ,2018/06/05,JU1800372
A1072,2929.13 ,2018/06/06,JU1808605
A0371,2929.13 ,2018/06/08,JU1804118
A0978,2929.13 ,2018/06/11,JU1806029
A0949,2929.13 ,2018/06/12,JU1809113
A1164,2929.13 ,2018/06/13,JU1806199
A1395,2929.13 ,2018/06/14,JU1804982
A1288,2929.13 ,2018/06/15,JU1804626
A0988,2929.13 ,2018/06/15,JU1802609
A1244,2929.13 ,2018/06/15,JU1800343
A1313,2929.13 ,2018/06/18,JU1805961
A0918,2929.13 ,2018/06/18,JU1802983
A1172,2929.13 ,2018/06/19,JU1809216
A1029,2929.13 ,2018/06/20,JU1800818
A0839,2929.13 ,2018/06/21,JU1801061
A0459,2929.13 ,2018/06/21,JU1802894
A1076,2929.13 ,2018/06/21,JU1802795
A0767,2929.13 ,2018/06/22,JU1800489
A0550,2929.13 ,2018/06/27,JU1807741
A0762,2929.13 ,2018/06/27,JU1809107
A0781,2929.13 ,2018/08/01,AU1806404
A0470,2929.13 ,2018/08/01,AU1806819
A0632,2929.13 ,2018/08/01,AU1803365
A0997,2929.13 ,2018/08/02,AU1808237
A0728,2929.13 ,2018/08/03,AU1805510
A0466,2929.13 ,2018/08/07,AU1806929
A0512,2929.13 ,2018/08/08,AU1803251
A1410,2929.13 ,2018/08/08,AU1807670
A1204,2929.13 ,2018/08/09,AU1801708
A0934,2929.13 ,2018/08/10,AU1802154
A0952,2929.13 ,2018/08/16,AU1801264
A0853,2929.13 ,2018/08/20,AU1801974
A0845,2929.13 ,2018/08/21,AU1800238
A0802,2929.13 ,2018/08/22,AU1802964
A1100,2929.13 ,2018/08/22,AU1804153
A1092,2929.13 ,2018/08/23,AU1808553
A1232,2929.13 ,2018/08/28,AU1805889
A1278,2929.13 ,2018/08/29,AU1804870
A1332,2929.13 ,2018/08/30,AU1806722
A0693,2929.13 ,2018/08/31,AU1808954
A0693,2929.13 ,2018/08/31,AU1808004
A0802,2929.13 ,2018/09/03,SE1802091
A0576,2929.13 ,2018/09/04,SE1801514
A0933,2929.13 ,2018/09/05,SE1803388
A0412,2929.13 ,2018/09/06,SE1802341
A0877,2929.13 ,2018/09/06,SE1802196
A0528,2929.13 ,2018/09/06,SE1802254
A0412,2929.13 ,2018/09/06,SE1809198
A1165,2929.13 ,2018/09/07,SE1804790
A0778,2929.13 ,2018/09/11,SE1802549
A1195,2929.13 ,2018/09/11,SE1807498
A0371,2929.13 ,2018/09/11,SE1804294
A0884,2929.13 ,2018/09/17,SE1805235
A1277,2929.13 ,2018/09/17,SE1809349
A0918,2929.13 ,2018/09/17,SE1803327
A0747,2929.13 ,2018/09/18,SE1803002
A0408,2929.13 ,2018/09/18,SE1805856
A0761,2929.13 ,2018/09/21,SE1808429
A1036,2929.13 ,2018/09/21,SE1800421
A1311,2929.13 ,2018/09/21,SE1805401
A0593,2929.13 ,2018/09/24,SE1804513
A1120,2929.13 ,2018/09/24,SE1806064
A0720,2929.13 ,2018/09/25,SE1808052
A1202,2929.13 ,2018/09/26,SE1804647
A0943,2929.13 ,2018/09/26,SE1802657
A1167,2929.13 ,2018/09/27,SE1802120
A0660,2929.13 ,2018/09/27,SE1808165
A0603,2929.13 ,2018/10/03,OC1806463
A0800,1133.44 ,2018/04/03,AP1802804
A0918,1133.44 ,2018/04/03,AP1804846
A1343,1133.44 ,2018/04/03,AP1800149
A0853,1133.44 ,2018/04/04,AP1802449
A1092,1133.44 ,2018/04/06,AP1802811
A1332,1133.44 ,2018/04/06,AP1808354
A0464,1133.44 ,2018/04/06,AP1808748
A0665,1133.44 ,2018/04/09,AP1803454
A1360,1133.44 ,2018/04/11,AP1803807
A0464,1133.44 ,2018/04/12,AP1805331
A0815,1133.44 ,2018/04/12,AP1802868
A0593,1133.44 ,2018/04/13,AP1805753
A0987,1133.44 ,2018/04/16,AP1804032
A0791,1133.44 ,2018/04/16,AP1806025
A1002,1133.44 ,2018/04/16,AP1801742
A0808,1133.44 ,2018/04/16,AP1801905
A1292,1133.44 ,2018/04/17,AP1804133
A0515,1133.44 ,2018/04/17,AP1805033
A0641,1133.44 ,2018/04/19,AP1801446
A1092,1133.44 ,2018/04/19,AP1808010
A1092,1133.44 ,2018/04/19,AP1808232
A0802,1133.44 ,2018/04/19,AP1804035
A1232,1133.44 ,2018/04/20,AP1805137
A1152,1133.44 ,2018/04/23,AP1802453
A0531,1133.44 ,2018/04/23,AP1800736
A0661,1133.44 ,2018/04/25,AP1807148
A0815,1133.44 ,2018/04/27,AP1804290
A0597,1133.44 ,2018/04/30,AP1801743
A0811,1133.44 ,2018/05/01,MA1806587
A0493,1133.44 ,2018/05/01,MA1800746
A1197,1133.44 ,2018/05/04,MA1807291
A1092,1133.44 ,2018/05/07,MA1806843
A0811,1133.44 ,2018/05/09,MA1802468
A1348,1133.44 ,2018/05/15,MA1800243
A0462,1133.44 ,2018/05/15,MA1802127
A0504,1133.44 ,2018/05/16,MA1806782
A0578,1133.44 ,2018/05/16,MA1803575
A0629,1133.44 ,2018/05/22,MA1807879
A0771,1133.44 ,2018/05/23,MA1805063
A0887,1133.44 ,2018/05/24,MA1800151
A1068,1133.44 ,2018/05/24,MA1803156
A1374,1133.44 ,2018/05/25,MA1809117
A1057,1133.44 ,2018/05/25,MA1806584
A0739,1133.44 ,2018/05/29,MA1800488
A0589,1133.44 ,2018/05/29,MA1808364
A0641,1133.44 ,2018/06/04,JU1803140
A0660,1133.44 ,2018/06/05,JU1800166
A1285,1133.44 ,2018/06/06,JU1801713
A1188,1133.44 ,2018/06/06,JU1803215
A0808,1133.44 ,2018/06/07,JU1801634
A0428,1133.44 ,2018/06/08,JU1804665
A1091,1133.44 ,2018/06/11,JU1805701
A1092,1133.44 ,2018/06/12,JU1800970
A0703,1133.44 ,2018/06/13,JU1801047
A1348,1133.44 ,2018/06/18,JU1802059
A0852,1133.44 ,2018/06/19,JU1803461
A0633,1133.44 ,2018/06/20,JU1806015
A1216,1133.44 ,2018/06/20,JU1806449
A0706,1133.44 ,2018/06/27,JU1808557
A0693,1133.44 ,2018/06/28,JU1803192
A1009,1133.44 ,2018/06/28,JU1800227
A1057,1133.44 ,2018/06/29,JU1800352
A0728,1133.44 ,2018/07/30,JU1800526
A0559,1133.44 ,2018/08/03,AU1804792
A0893,1133.44 ,2018/08/03,AU1800852
A0828,1133.44 ,2018/08/10,AU1807821
A0519,1133.44 ,2018/08/14,AU1801485
A0412,1133.44 ,2018/08/14,AU1802050
A1125,1133.44 ,2018/08/15,AU1800541
A0673,1133.44 ,2018/08/15,AU1801966
A0959,1133.44 ,2018/08/16,AU1808799
A0701,1133.44 ,2018/08/16,AU1800616
A0930,1133.44 ,2018/08/17,AU1804281
A0627,1133.44 ,2018/08/21,AU1807414
A1370,1133.44 ,2018/08/22,AU1806986
A1363,1133.44 ,2018/08/22,AU1805256
A1056,1133.44 ,2018/08/22,AU1808551
A1129,1133.44 ,2018/08/23,AU1804722
A0357,1133.44 ,2018/08/23,AU1803687
A0797,1133.44 ,2018/08/24,AU1802504
A0446,1133.44 ,2018/08/27,AU1804633
A1216,1133.44 ,2018/08/30,AU1806868
A0933,1133.44 ,2018/08/30,AU1806712
A1252,1133.44 ,2018/08/31,AU1804985
A0377,1133.44 ,2018/09/05,SE1805759
A0701,1133.44 ,2018/09/06,SE1809015
A1139,1133.44 ,2018/09/10,SE1805213
A1113,1133.44 ,2018/09/11,SE1805023
A0589,1133.44 ,2018/09/11,SE1807367
A1320,1133.44 ,2018/09/12,SE1802968
A0462,1133.44 ,2018/09/12,SE1802782
A1243,1133.44 ,2018/09/13,SE1802592
A1114,1133.44 ,2018/09/14,SE1801688
A0944,1133.44 ,2018/09/14,SE1803650
A1314,1133.44 ,2018/09/17,SE1802443
A0552,1133.44 ,2018/09/18,SE1800019
A0414,1133.44 ,2018/09/20,SE1800637
A0630,1133.44 ,2018/09/20,SE1803994
A1236,1133.44 ,2018/09/20,SE1806193
A1062,1133.44 ,2018/09/20,SE1804577
A0431,1133.44 ,2018/09/24,SE1805332
A0480,1133.44 ,2018/09/25,SE1805989
A0377,1133.44 ,2018/09/27,SE1805893
A0963,1133.44 ,2018/09/28,SE1808638
A0629,1133.44 ,2018/09/28,SE1808564
A1291,1619.20 ,2018/04/02,AP1801224
A1290,1619.20 ,2018/04/04,AP1807529
A0547,1619.20 ,2018/04/06,AP1808861
A1089,1619.20 ,2018/04/09,AP1808481
A0744,1619.20 ,2018/04/09,AP1803025
A1279,1619.20 ,2018/04/10,AP1808089
A1208,1619.20 ,2018/04/13,AP1803950
A0472,1619.20 ,2018/04/13,AP1807607
A0821,1619.20 ,2018/04/13,AP1807708
A0419,1619.20 ,2018/04/17,AP1802030
A1375,1619.20 ,2018/04/18,AP1806658
A1279,1619.20 ,2018/04/18,AP1806934
A1188,1619.20 ,2018/04/18,AP1804509
A0987,1619.20 ,2018/04/18,AP1805340
A0464,1619.20 ,2018/04/18,AP1800079
A0914,1619.20 ,2018/04/19,AP1800065
A0515,1619.20 ,2018/04/20,AP1800270
A1360,1619.20 ,2018/04/23,AP1806446
A0352,1619.20 ,2018/04/25,AP1802711
A0445,1619.20 ,2018/04/30,AP1805958
A0486,1619.20 ,2018/04/30,AP1804126
A0816,1619.20 ,2018/05/07,MA1809063
A1232,1619.20 ,2018/05/07,MA1808149
A1095,1619.20 ,2018/05/07,MA1803332
A1015,1619.20 ,2018/05/08,MA1804920
A1146,1619.20 ,2018/05/08,MA1803072
A1226,1619.20 ,2018/05/11,MA1803719
A1115,1619.20 ,2018/05/16,MA1801510
A0375,1619.20 ,2018/05/17,MA1802712
A0977,1619.20 ,2018/05/17,MA1802268
A1261,1619.20 ,2018/05/18,MA1808148
A1359,1619.20 ,2018/05/23,MA1800309
A0771,1619.20 ,2018/05/23,MA1806698
A1269,1619.20 ,2018/05/24,MA1801255
A0504,1619.20 ,2018/05/24,MA1808120
A0556,1619.20 ,2018/05/25,MA1802011
A0635,1619.20 ,2018/05/25,MA1800538
A0607,1619.20 ,2018/05/25,MA1801453
A0937,1619.20 ,2018/05/28,MA1805970
A1163,1619.20 ,2018/05/28,MA1807316
A1412,1619.20 ,2018/05/30,MA1803602
A0633,1619.20 ,2018/06/01,JU1801651
A1137,1619.20 ,2018/06/04,JU1807469
A0725,1619.20 ,2018/06/05,JU1806058
A0704,1619.20 ,2018/06/06,JU1808030
A0583,1619.20 ,2018/06/11,JU1807202
A0380,1619.20 ,2018/06/11,JU1803480
A0688,1619.20 ,2018/06/11,JU1801682
A1163,1619.20 ,2018/06/11,JU1802912
A0893,1619.20 ,2018/06/12,JU1804354
A0411,1619.20 ,2018/06/12,JU1803241
A1135,1619.20 ,2018/06/14,JU1802161
A1228,1619.20 ,2018/06/18,JU1801866
A0534,1619.20 ,2018/06/20,JU1809302
A0994,1619.20 ,2018/06/20,JU1803826
A0754,1619.20 ,2018/06/21,JU1808575
A1302,1619.20 ,2018/06/21,JU1803670
A1039,1619.20 ,2018/06/22,JU1801094
A0931,1619.20 ,2018/06/28,JU1808751
A0887,1619.20 ,2018/08/02,AU1804875
A1176,1619.20 ,2018/08/06,AU1802103
A0461,1619.20 ,2018/08/07,AU1807814
A0881,1619.20 ,2018/08/09,AU1807678
A1362,1619.20 ,2018/08/09,AU1807702
A0943,1619.20 ,2018/08/10,AU1805896
A0519,1619.20 ,2018/08/17,AU1808679
A1151,1619.20 ,2018/08/21,AU1801544
A0529,1619.20 ,2018/08/21,AU1804208
A0453,1619.20 ,2018/08/22,AU1803776
A0557,1619.20 ,2018/08/22,AU1805917
A0611,1619.20 ,2018/08/29,AU1807206
A1130,1619.20 ,2018/08/29,AU1800742
A1047,1619.20 ,2018/08/30,AU1800385
A0673,1619.20 ,2018/08/31,AU1807351
A1101,1619.20 ,2018/09/03,SE1803550
A0773,1619.20 ,2018/09/03,SE1808133
A0965,1619.20 ,2018/09/04,SE1801835
A0972,1619.20 ,2018/09/04,SE1804891
A1142,1619.20 ,2018/09/04,SE1803685
A0459,1619.20 ,2018/09/07,SE1802585
A0528,1619.20 ,2018/09/10,SE1806966
A0856,1619.20 ,2018/09/11,SE1802849
A0578,1619.20 ,2018/09/11,SE1808631
A0583,1619.20 ,2018/09/14,SE1809082
A1036,1619.20 ,2018/09/18,SE1803224
A1067,1619.20 ,2018/09/18,SE1807339
A0830,1619.20 ,2018/09/18,SE1806606
A0422,1619.20 ,2018/09/18,SE1802686
A0997,1619.20 ,2018/09/19,SE1802067
A0681,1619.20 ,2018/09/19,SE1807183
A1413,1619.20 ,2018/09/19,SE1807513
A0988,1619.20 ,2018/09/19,SE1808504
A1299,1619.20 ,2018/09/21,SE1803845
A1274,1619.20 ,2018/09/24,SE1808906
A1201,1619.20 ,2018/09/25,SE1808922
A0686,1619.20 ,2018/09/26,SE1803008
A0632,1619.20 ,2018/09/26,SE1803374
A0380,1619.20 ,2018/09/26,SE1803800
A0703,1619.20 ,2018/09/27,SE1808252
A0693,1619.20 ,2018/09/28,SE1801509
A1299,1619.20 ,2018/09/28,SE1809003
A0620,411.40 ,2018/01/01,JA1803995
A0937,411.40 ,2018/01/02,JA1805224
A0802,411.40 ,2018/01/03,JA1808935
A0990,411.40 ,2018/01/04,JA1801653
A0350,411.40 ,2018/01/05,JA1805474
A0864,411.40 ,2018/01/08,JA1808812
A0890,411.40 ,2018/01/11,JA1805252
A1206,411.40 ,2018/01/12,JA1801779
A0686,411.40 ,2018/01/12,JA1804925
A0679,411.40 ,2018/01/15,JA1804575
A1092,411.40 ,2018/01/15,JA1800081
A0382,411.40 ,2018/01/16,JA1805004
A0464,411.40 ,2018/01/17,JA1806108
A0701,411.40 ,2018/01/17,JA1802663
A0550,411.40 ,2018/01/22,JA1807586
A0864,411.40 ,2018/01/23,JA1803244
A1370,411.40 ,2018/01/23,JA1809358
A0906,411.40 ,2018/01/23,JA1801620
A0884,411.40 ,2018/01/24,JA1800113
A1305,411.40 ,2018/01/25,JA1809266
A0923,411.40 ,2018/01/26,JA1806216
A0990,411.40 ,2018/01/26,JA1804686
A0953,411.40 ,2018/01/26,JA1807644
A0886,411.40 ,2018/01/30,JA1800503
A1319,411.40 ,2018/01/30,JA1801275
A0583,411.40 ,2018/01/30,JA1805502
A1089,411.40 ,2018/01/31,JA1807611
A1059,411.40 ,2018/02/01,FE1804341
A0670,411.40 ,2018/02/01,FE1802637
A1367,411.40 ,2018/02/02,FE1806426
A0512,411.40 ,2018/02/05,FE1806832
A0574,411.40 ,2018/02/05,FE1808139
A1065,411.40 ,2018/02/06,FE1800929
A0550,411.40 ,2018/02/07,FE1808747
A0387,411.40 ,2018/02/08,FE1802355
A0472,411.40 ,2018/02/09,FE1807985
A1055,411.40 ,2018/02/15,FE1801703
A1410,411.40 ,2018/02/16,FE1807600
A1296,411.40 ,2018/02/20,FE1803911
A0764,411.40 ,2018/02/26,FE1803057
A0557,411.40 ,2018/02/26,FE1801668
A1343,411.40 ,2018/02/28,FE1805518
A0940,411.40 ,2018/03/01,MA1801760
A0791,411.40 ,2018/11/02,NO1801712
A1067,411.40 ,2018/11/05,NO1807370
A0637,411.40 ,2018/11/07,NO1800168
A0427,411.40 ,2018/11/07,NO1808211
A0514,411.40 ,2018/11/08,NO1803198
A0506,411.40 ,2018/11/09,NO1804364
A0616,411.40 ,2018/11/13,NO1807988
A1358,411.40 ,2018/11/15,NO1803280
A0642,411.40 ,2018/11/20,NO1800268
A1381,411.40 ,2018/11/20,NO1802143
A1208,411.40 ,2018/11/21,NO1805931
A0642,411.40 ,2018/11/22,NO1803889
A1215,411.40 ,2018/11/26,NO1804158
A0499,411.40 ,2018/11/26,NO1806451
A0472,411.40 ,2018/11/26,NO1806735
A0496,411.40 ,2018/11/26,NO1807439
A1387,411.40 ,2018/11/27,NO1801859
A0941,411.40 ,2018/11/27,NO1806378
A0427,411.40 ,2018/11/29,NO1801752
A0388,411.40 ,2018/11/29,NO1802068
A1197,411.40 ,2018/11/30,NO1809105
A1410,411.40 ,2018/12/03,DE1806720
A1193,411.40 ,2018/12/05,DE1806549
A0458,411.40 ,2018/12/05,DE1805070
A0678,411.40 ,2018/12/06,DE1800709
A1129,411.40 ,2018/12/07,DE1806906
A0406,411.40 ,2018/12/11,DE1801552
A0693,411.40 ,2018/12/11,DE1808959
A1329,411.40 ,2018/12/12,DE1808630
A0990,411.40 ,2018/12/12,DE1804025
A1228,411.40 ,2018/12/12,DE1805829
A1002,411.40 ,2018/12/14,DE1804299
A0495,411.40 ,2018/12/17,DE1808652
A0686,411.40 ,2018/12/19,DE1803883
A0786,411.40 ,2018/12/19,DE1801670
A1345,411.40 ,2018/12/19,DE1803810
A0795,411.40 ,2018/12/20,DE1808367
A1311,411.40 ,2018/12/20,DE1800619
A0673,411.40 ,2018/12/20,DE1805522
A1049,411.40 ,2018/12/21,DE1807147
A0709,411.40 ,2018/12/21,DE1806715
A0607,411.40 ,2018/12/24,DE1803090
A1092,411.40 ,2018/12/24,DE1808452
A0821,411.40 ,2018/12/24,DE1800304
A0836,411.40 ,2018/12/24,DE1804144
A0937,411.40 ,2018/12/24,DE1807967
A1164,411.40 ,2018/12/24,DE1804322
A1249,411.40 ,2018/12/25,DE1807707
A0758,411.40 ,2018/12/25,DE1806489
A1307,411.40 ,2018/12/25,DE1808797
A0744,411.40 ,2018/12/26,DE1805477
A1264,411.40 ,2018/12/27,DE1803922
A1076,411.40 ,2018/12/27,DE1801784
A0704,411.40 ,2018/12/27,DE1803738
A0601,1943.04 ,2018/04/03,AP1801060
A0799,1943.04 ,2018/04/03,AP1803743
A1362,1943.04 ,2018/04/05,AP1808388
A1116,1943.04 ,2018/04/05,AP1802130
A0356,1943.04 ,2018/04/06,AP1805600
A0610,1943.04 ,2018/04/09,AP1800440
A0352,1943.04 ,2018/04/10,AP1806820
A1353,1943.04 ,2018/04/10,AP1803787
A1334,1943.04 ,2018/04/12,AP1807203
A0458,1943.04 ,2018/04/17,AP1805588
A0514,1943.04 ,2018/04/19,AP1801877
A1027,1943.04 ,2018/04/26,AP1807130
A1100,1943.04 ,2018/04/30,AP1809298
A1278,1943.04 ,2018/04/30,AP1804655
A0817,1943.04 ,2018/05/01,MA1801185
A0881,1943.04 ,2018/05/01,MA1809094
A1176,1943.04 ,2018/05/02,MA1802132
A1060,1943.04 ,2018/05/03,MA1804798
A0716,1943.04 ,2018/05/03,MA1807273
A1116,1943.04 ,2018/05/03,MA1806732
A0625,1943.04 ,2018/05/04,MA1803028
A1187,1943.04 ,2018/05/07,MA1802981
A1090,1943.04 ,2018/05/09,MA1802558
A1093,1943.04 ,2018/05/09,MA1800806
A1007,1943.04 ,2018/05/09,MA1807530
A1144,1943.04 ,2018/05/11,MA1802985
A0457,1943.04 ,2018/05/14,MA1803561
A1135,1943.04 ,2018/05/16,MA1801167
A1412,1943.04 ,2018/05/17,MA1805049
A1150,1943.04 ,2018/05/22,MA1809119
A0910,1943.04 ,2018/05/22,MA1809209
A1413,1943.04 ,2018/05/22,MA1805558
A1406,1943.04 ,2018/05/22,MA1805642
A1307,1943.04 ,2018/05/24,MA1807613
A1167,1943.04 ,2018/05/24,MA1809206
A1092,1943.04 ,2018/05/24,MA1800846
A0878,1943.04 ,2018/05/25,MA1800540
A1014,1943.04 ,2018/05/30,MA1800765
A0800,1943.04 ,2018/06/01,JU1804676
A1260,1943.04 ,2018/06/04,JU1809309
A0438,1943.04 ,2018/06/04,JU1803383
A0785,1943.04 ,2018/06/04,JU1800399
A0453,1943.04 ,2018/06/04,JU1804596
A0781,1943.04 ,2018/06/06,JU1807564
A1236,1943.04 ,2018/06/06,JU1804485
A1367,1943.04 ,2018/06/06,JU1800278
A0431,1943.04 ,2018/06/11,JU1803914
A0412,1943.04 ,2018/06/12,JU1800770
A0701,1943.04 ,2018/06/13,JU1801814
A1271,1943.04 ,2018/06/14,JU1804813
A1240,1943.04 ,2018/06/14,JU1808163
A1374,1943.04 ,2018/06/15,JU1805314
A0742,1943.04 ,2018/06/19,JU1802247
A0744,1943.04 ,2018/06/22,JU1803325
A1338,1943.04 ,2018/06/25,JU1809295
A0763,1943.04 ,2018/06/26,JU1807143
A1007,1943.04 ,2018/06/29,JU1801915
A0597,1943.04 ,2018/08/03,AU1800125
A1149,1943.04 ,2018/08/03,AU1807454
A0708,1943.04 ,2018/08/03,AU1800415
A0880,1943.04 ,2018/08/07,AU1801964
A1296,1943.04 ,2018/08/08,AU1803436
A1403,1943.04 ,2018/08/08,AU1800290
A1164,1943.04 ,2018/08/10,AU1806755
A1226,1943.04 ,2018/08/14,AU1803257
A0665,1943.04 ,2018/08/16,AU1804395
A0611,1943.04 ,2018/08/17,AU1806590
A0702,1943.04 ,2018/08/20,AU1808604
A0987,1943.04 ,2018/08/20,AU1800284
A0528,1943.04 ,2018/08/20,AU1802665
A0861,1943.04 ,2018/08/21,AU1800993
A0681,1943.04 ,2018/08/22,AU1806211
A0816,1943.04 ,2018/08/23,AU1804379
A0846,1943.04 ,2018/08/23,AU1808212
A0466,1943.04 ,2018/08/27,AU1800029
A1149,1943.04 ,2018/08/27,AU1802950
A1038,1943.04 ,2018/08/27,AU1802754
A0753,1943.04 ,2018/08/30,AU1802332
A1101,1943.04 ,2018/08/30,AU1806141
A0693,1943.04 ,2018/08/31,AU1807528
A1370,1943.04 ,2018/08/31,AU1804210
A1311,1943.04 ,2018/08/31,AU1803253
A0943,1943.04 ,2018/09/06,SE1801232
A0369,1943.04 ,2018/09/06,SE1801681
A0952,1943.04 ,2018/09/10,SE1807885
A0627,1943.04 ,2018/09/10,SE1802272
A1124,1943.04 ,2018/09/11,SE1801412
A0493,1943.04 ,2018/09/12,SE1802162
A0982,1943.04 ,2018/09/13,SE1803507
A1373,1943.04 ,2018/09/14,SE1806999
A0725,1943.04 ,2018/09/19,SE1808966
A1003,1943.04 ,2018/09/21,SE1804204
A1240,1943.04 ,2018/09/24,SE1800988
A0843,1943.04 ,2018/09/26,SE1809071
A0801,1943.04 ,2018/09/28,SE1803609
A0375,1416.80 ,2018/04/02,AP1806548
A0878,1416.80 ,2018/04/02,AP1801200
A0835,1416.80 ,2018/04/03,AP1804880
A1076,1416.80 ,2018/04/10,AP1806988
A1162,1416.80 ,2018/04/11,AP1801917
A0528,1416.80 ,2018/04/12,AP1801926
A1338,1416.80 ,2018/04/12,AP1807596
A1313,1416.80 ,2018/04/13,AP1801430
A1208,1416.80 ,2018/04/16,AP1809258
A1167,1416.80 ,2018/04/16,AP1800534
A0928,1416.80 ,2018/04/17,AP1802502
A0716,1416.80 ,2018/04/17,AP1806159
A1067,1416.80 ,2018/04/17,AP1802448
A1409,1416.80 ,2018/04/18,AP1801352
A1258,1416.80 ,2018/04/20,AP1805682
A0747,1416.80 ,2018/04/23,AP1809347
A1116,1416.80 ,2018/04/24,AP1805835
A0514,1416.80 ,2018/05/01,MA1807657
A1406,1416.80 ,2018/05/03,MA1803656
A0404,1416.80 ,2018/05/07,MA1806983
A0897,1416.80 ,2018/05/08,MA1801982
A0754,1416.80 ,2018/05/09,MA1804533
A0428,1416.80 ,2018/05/10,MA1802321
A0842,1416.80 ,2018/05/15,MA1805421
A1362,1416.80 ,2018/05/15,MA1806512
A0473,1416.80 ,2018/05/15,MA1808124
A0965,1416.80 ,2018/05/18,MA1802229
A0990,1416.80 ,2018/05/22,MA1801616
A1195,1416.80 ,2018/05/24,MA1804948
A0688,1416.80 ,2018/05/25,MA1805786
A0869,1416.80 ,2018/05/29,MA1807437
A1067,1416.80 ,2018/05/29,MA1805179
A1306,1416.80 ,2018/05/30,MA1806904
A0786,1416.80 ,2018/05/31,MA1805703
A0990,1416.80 ,2018/05/31,MA1800189
A0404,1416.80 ,2018/06/01,JU1800973
A0927,1416.80 ,2018/06/04,JU1800210
A1353,1416.80 ,2018/06/05,JU1801517
A1065,1416.80 ,2018/06/06,JU1808069
A1162,1416.80 ,2018/06/06,JU1808075
A0701,1416.80 ,2018/06/08,JU1805594
A1332,1416.80 ,2018/06/08,JU1803985
A0559,1416.80 ,2018/06/12,JU1807135
A0845,1416.80 ,2018/06/14,JU1804335
A0921,1416.80 ,2018/06/14,JU1803706
A0961,1416.80 ,2018/06/14,JU1805928
A1100,1416.80 ,2018/06/14,JU1806894
A0582,1416.80 ,2018/06/15,JU1801750
A0467,1416.80 ,2018/06/18,JU1800598
A1381,1416.80 ,2018/06/18,JU1805494
A0862,1416.80 ,2018/06/20,JU1801498
A0796,1416.80 ,2018/06/20,JU1800565
A0457,1416.80 ,2018/06/20,JU1807677
A0887,1416.80 ,2018/06/21,JU1801663
A0982,1416.80 ,2018/06/22,JU1806174
A0946,1416.80 ,2018/06/22,JU1804650
A1274,1416.80 ,2018/06/25,JU1807565
A0922,1416.80 ,2018/06/25,JU1808949
A0762,1416.80 ,2018/06/26,JU1800038
A0660,1416.80 ,2018/06/28,JU1803655
A0426,1416.80 ,2018/06/28,JU1801747
A1003,1416.80 ,2018/08/01,AU1807578
A0944,1416.80 ,2018/08/01,AU1802148
A0421,1416.80 ,2018/08/03,AU1807337
A0815,1416.80 ,2018/08/07,AU1803947
A0531,1416.80 ,2018/08/07,AU1805189
A0559,1416.80 ,2018/08/07,AU1801678
A1102,1416.80 ,2018/08/07,AU1803987
A1217,1416.80 ,2018/08/08,AU1807938
A1181,1416.80 ,2018/08/14,AU1808965
A0556,1416.80 ,2018/08/14,AU1804407
A0519,1416.80 ,2018/08/15,AU1806010
A0703,1416.80 ,2018/08/15,AU1808793
A1416,1416.80 ,2018/08/16,AU1806118
A0690,1416.80 ,2018/08/21,AU1800611
A0422,1416.80 ,2018/08/22,AU1807815
A0798,1416.80 ,2018/08/22,AU1806419
A0916,1416.80 ,2018/08/27,AU1802479
A0679,1416.80 ,2018/08/28,AU1808401
A1343,1416.80 ,2018/08/28,AU1803966
A1278,1416.80 ,2018/08/30,AU1803469
A1188,1416.80 ,2018/08/31,AU1804240
A1221,1416.80 ,2018/09/05,SE1808570
A0808,1416.80 ,2018/09/05,SE1808501
A0977,1416.80 ,2018/09/06,SE1807251
A0480,1416.80 ,2018/09/10,SE1805271
A0450,1416.80 ,2018/09/13,SE1800418
A1206,1416.80 ,2018/09/17,SE1807281
A1276,1416.80 ,2018/09/21,SE1807953
A0893,1416.80 ,2018/09/25,SE1807037
A0773,1416.80 ,2018/09/25,SE1803438
A1215,1416.80 ,2018/09/26,SE1809194
A1282,1416.80 ,2018/09/26,SE1802872
A0744,1416.80 ,2018/09/27,SE1809164
A0459,1416.80 ,2018/10/05,OC1809261
A1269,329.12 ,2018/01/04,JA1806944
A0629,329.12 ,2018/01/05,JA1802375
A0350,329.12 ,2018/01/05,JA1800606
A0552,329.12 ,2018/01/08,JA1803161
A0431,329.12 ,2018/01/08,JA1808380
A0893,329.12 ,2018/01/08,JA1809287
A1255,329.12 ,2018/01/10,JA1806351
A0982,329.12 ,2018/01/10,JA1802359
A0918,329.12 ,2018/01/12,JA1802094
A0887,329.12 ,2018/01/15,JA1800938
A0986,329.12 ,2018/01/16,JA1808800
A1067,329.12 ,2018/01/16,JA1802200
A1163,329.12 ,2018/01/16,JA1802721
A1079,329.12 ,2018/01/18,JA1803589
A0811,329.12 ,2018/01/18,JA1804600
A1202,329.12 ,2018/01/18,JA1807993
A1412,329.12 ,2018/01/22,JA1805022
A0497,329.12 ,2018/01/22,JA1802494
A0478,329.12 ,2018/01/23,JA1804828
A1161,329.12 ,2018/01/23,JA1803093
A1002,329.12 ,2018/01/23,JA1801834
A0496,329.12 ,2018/01/24,JA1808487
A0853,329.12 ,2018/01/25,JA1809212
A1208,329.12 ,2018/01/29,JA1805448
A0350,329.12 ,2018/01/29,JA1808029
A1186,329.12 ,2018/01/30,JA1805873
A0657,329.12 ,2018/01/30,JA1805221
A0743,329.12 ,2018/02/02,FE1806480
A0458,329.12 ,2018/02/05,FE1806452
A0665,329.12 ,2018/02/06,FE1807996
A1254,329.12 ,2018/02/06,FE1807431
A0655,329.12 ,2018/02/08,FE1802414
A1297,329.12 ,2018/02/09,FE1803118
A0826,329.12 ,2018/02/12,FE1804512
A1325,329.12 ,2018/02/16,FE1801883
A1164,329.12 ,2018/02/19,FE1806597
A1226,329.12 ,2018/02/20,FE1804237
A0385,329.12 ,2018/02/21,FE1801949
A0377,329.12 ,2018/02/21,FE1805655
A0445,329.12 ,2018/02/22,FE1807595
A0799,329.12 ,2018/02/26,FE1803559
A0930,329.12 ,2018/02/26,FE1806724
A1312,329.12 ,2018/10/29,OC1808798
A1056,329.12 ,2018/11/06,NO1802093
A1050,329.12 ,2018/11/06,NO1800549
A0701,329.12 ,2018/11/07,NO1808920
A1334,329.12 ,2018/11/07,NO1808804
A1334,329.12 ,2018/11/12,NO1805918
A1337,329.12 ,2018/11/13,NO1803504
A0952,329.12 ,2018/11/14,NO1809124
A0871,329.12 ,2018/11/15,NO1808953
A1193,329.12 ,2018/11/15,NO1807326
A0903,329.12 ,2018/11/16,NO1803744
A0743,329.12 ,2018/11/19,NO1803490
A0427,329.12 ,2018/11/20,NO1802401
A0643,329.12 ,2018/11/22,NO1803657
A0771,329.12 ,2018/11/27,NO1808047
A0867,329.12 ,2018/11/27,NO1804594
A0709,329.12 ,2018/11/29,NO1802612
A1277,329.12 ,2018/11/29,NO1805711
A1014,329.12 ,2018/11/29,NO1802708
A0495,329.12 ,2018/12/03,DE1808263
A0771,329.12 ,2018/12/04,DE1804939
A1286,329.12 ,2018/12/04,DE1807514
A0743,329.12 ,2018/12/05,DE1801480
A0512,329.12 ,2018/12/05,DE1803103
A0513,329.12 ,2018/12/05,DE1805624
A1162,329.12 ,2018/12/11,DE1804663
A0513,329.12 ,2018/12/12,DE1807555
A0798,329.12 ,2018/12/12,DE1802953
A1353,329.12 ,2018/12/13,DE1801289
A0801,329.12 ,2018/12/13,DE1805908
A1292,329.12 ,2018/12/18,DE1807352
A1120,329.12 ,2018/12/19,DE1800886
A0944,329.12 ,2018/12/19,DE1809217
A1251,329.12 ,2018/12/19,DE1803382
A0998,329.12 ,2018/12/21,DE1805438
A1015,329.12 ,2018/12/24,DE1809277
A1055,329.12 ,2018/12/24,DE1802644
A1215,329.12 ,2018/12/24,DE1805569
A0890,329.12 ,2018/12/24,DE1806344
A1202,329.12 ,2018/12/24,DE1807955
A0879,329.12 ,2018/12/25,DE1802384
A0587,329.12 ,2018/12/25,DE1804043
A0693,329.12 ,2018/12/26,DE1803489
A1331,329.12 ,2018/12/26,DE1803972
A1064,329.12 ,2018/12/26,DE1802155
A0987,329.12 ,2018/12/27,DE1807668
A1228,329.12 ,2018/12/27,DE1804915
A0530,329.12 ,2018/12/28,DE1802411
A1406,329.12 ,2019/01/01,JA1906828
A1076,329.12 ,2019/01/01,JA1900792
A0864,329.12 ,2019/01/03,JA1907647
A0982,329.12 ,2019/01/04,JA1908614
A0808,1045.00 ,2018/04/02,AP1805837
A0761,1045.00 ,2018/04/03,AP1804629
A1390,1045.00 ,2018/04/03,AP1807440
A0993,1045.00 ,2018/04/06,AP1801530
A1239,1045.00 ,2018/04/10,AP1803843
A0922,1045.00 ,2018/04/13,AP1807033
A1287,1045.00 ,2018/04/16,AP1807590
A0690,1045.00 ,2018/04/23,AP1807811
A0686,1045.00 ,2018/04/25,AP1803032
A0933,1045.00 ,2018/04/25,AP1807570
A1419,1045.00 ,2018/04/26,AP1808502
A1292,1045.00 ,2018/05/01,MA1806291
A0997,1045.00 ,2018/05/01,MA1802682
A0678,1045.00 ,2018/05/03,MA1802826
A1326,1045.00 ,2018/05/04,MA1800679
A0380,1045.00 ,2018/05/07,MA1803127
A1089,1045.00 ,2018/05/07,MA1806800
A1284,1045.00 ,2018/05/08,MA1804787
A0709,1045.00 ,2018/05/08,MA1803050
A0745,1045.00 ,2018/05/09,MA1807196
A0753,1045.00 ,2018/05/10,MA1808102
A0458,1045.00 ,2018/05/11,MA1807038
A0375,1045.00 ,2018/05/11,MA1801391
A1419,1045.00 ,2018/05/14,MA1809319
A0678,1045.00 ,2018/05/16,MA1809292
A0493,1045.00 ,2018/05/16,MA1800842
A0473,1045.00 ,2018/05/18,MA1807284
A0945,1045.00 ,2018/05/22,MA1805307
A0602,1045.00 ,2018/05/22,MA1804073
A0365,1045.00 ,2018/05/23,MA1809048
A0710,1045.00 ,2018/05/23,MA1809250
A1360,1045.00 ,2018/05/24,MA1807768
A1271,1045.00 ,2018/05/28,MA1807554
A1302,1045.00 ,2018/05/30,MA1801878
A0987,1045.00 ,2018/05/30,MA1803887
A1369,1045.00 ,2018/06/01,JU1804921
A0574,1045.00 ,2018/06/06,JU1807720
A1036,1045.00 ,2018/06/07,JU1807393
A0659,1045.00 ,2018/06/13,JU1803839
A1240,1045.00 ,2018/06/13,JU1800690
A0351,1045.00 ,2018/06/18,JU1804430
A0987,1045.00 ,2018/06/18,JU1806748
A0815,1045.00 ,2018/06/19,JU1808254
A0686,1045.00 ,2018/06/19,JU1808513
A0931,1045.00 ,2018/06/20,JU1802400
A0380,1045.00 ,2018/06/21,JU1802292
A1292,1045.00 ,2018/06/22,JU1809192
A1212,1045.00 ,2018/06/27,JU1801263
A1100,1045.00 ,2018/06/27,JU1808746
A0800,1045.00 ,2018/08/01,AU1800196
A1202,1045.00 ,2018/08/02,AU1806965
A1232,1045.00 ,2018/08/02,AU1809145
A0536,1045.00 ,2018/08/06,AU1807083
A0826,1045.00 ,2018/08/07,AU1803175
A0965,1045.00 ,2018/08/07,AU1802244
A1407,1045.00 ,2018/08/09,AU1801699
A0673,1045.00 ,2018/08/09,AU1800381
A0938,1045.00 ,2018/08/09,AU1806794
A1212,1045.00 ,2018/08/10,AU1800641
A0616,1045.00 ,2018/08/10,AU1800221
A1131,1045.00 ,2018/08/13,AU1806341
A0869,1045.00 ,2018/08/13,AU1806769
A0761,1045.00 ,2018/08/16,AU1801955
A0548,1045.00 ,2018/08/17,AU1806553
A0504,1045.00 ,2018/08/20,AU1804074
A1153,1045.00 ,2018/08/21,AU1808253
A1336,1045.00 ,2018/08/23,AU1809252
A1306,1045.00 ,2018/08/23,AU1808115
A0993,1045.00 ,2018/08/23,AU1806933
A0933,1045.00 ,2018/08/24,AU1807222
A0930,1045.00 ,2018/08/27,AU1802146
A0497,1045.00 ,2018/08/27,AU1802850
A1293,1045.00 ,2018/08/31,AU1802775
A0795,1045.00 ,2018/08/31,AU1800683
A1124,1045.00 ,2018/09/03,SE1803613
A1407,1045.00 ,2018/09/05,SE1802435
A0815,1045.00 ,2018/09/06,SE1802421
A0375,1045.00 ,2018/09/07,SE1800389
A0601,1045.00 ,2018/09/07,SE1805694
A0382,1045.00 ,2018/09/07,SE1802508
A1119,1045.00 ,2018/09/10,SE1808122
A1057,1045.00 ,2018/09/12,SE1803842
A1334,1045.00 ,2018/09/12,SE1802684
A0830,1045.00 ,2018/09/12,SE1807021
A0992,1045.00 ,2018/09/12,SE1800490
A1163,1045.00 ,2018/09/12,SE1806234
A1319,1045.00 ,2018/09/14,SE1800580
A0480,1045.00 ,2018/09/14,SE1806012
A1118,1045.00 ,2018/09/18,SE1801575
A1316,1045.00 ,2018/09/19,SE1807692
A0494,1045.00 ,2018/09/26,SE1803185
A0963,1045.00 ,2018/09/28,SE1805124
A0835,1045.00 ,2018/09/28,SE1804972
A0667,2843.07 ,2018/01/02,JA1807201
A1014,2843.07 ,2018/01/02,JA1803169
A0810,2843.07 ,2018/01/05,JA1802797
A0696,2843.07 ,2018/01/05,JA1806773
A1236,2843.07 ,2018/01/05,JA1802426
A0744,2843.07 ,2018/01/08,JA1804467
A0696,2843.07 ,2018/01/09,JA1807457
A0949,2843.07 ,2018/01/09,JA1806408
A1197,2843.07 ,2018/01/09,JA1803418
A0907,2843.07 ,2018/01/12,JA1808645
A0422,2843.07 ,2018/01/15,JA1800200
A0512,2843.07 ,2018/01/15,JA1801568
A1410,2843.07 ,2018/01/16,JA1800640
A1363,2843.07 ,2018/01/17,JA1806334
A1381,2843.07 ,2018/01/22,JA1802796
A0990,2843.07 ,2018/01/22,JA1807342
A0589,2843.07 ,2018/01/23,JA1802808
A0593,2843.07 ,2018/01/24,JA1805842
A0709,2843.07 ,2018/01/26,JA1805643
A1068,2843.07 ,2018/01/26,JA1800759
A0679,2843.07 ,2018/01/26,JA1804617
A0708,2843.07 ,2018/01/30,JA1800660
A0907,2843.07 ,2018/01/30,JA1805161
A0919,2843.07 ,2018/01/30,JA1808483
A0566,2843.07 ,2018/01/31,JA1807175
A1030,2843.07 ,2018/02/01,FE1805828
A0837,2843.07 ,2018/02/05,FE1806641
A1191,2843.07 ,2018/02/06,FE1803976
A0867,2843.07 ,2018/02/06,FE1801719
A0845,2843.07 ,2018/02/06,FE1806945
A0707,2843.07 ,2018/02/08,FE1808037
A1073,2843.07 ,2018/02/09,FE1806949
A1057,2843.07 ,2018/02/12,FE1803891
A0776,2843.07 ,2018/02/14,FE1804864
A0918,2843.07 ,2018/02/21,FE1804192
A0994,2843.07 ,2018/02/21,FE1806297
A0690,2843.07 ,2018/02/22,FE1808321
A0765,2843.07 ,2018/02/22,FE1806710
A0452,2843.07 ,2018/02/22,FE1806744
A0982,2843.07 ,2018/02/22,FE1804569
A0415,2843.07 ,2018/02/23,FE1802419
A1367,2843.07 ,2018/02/23,FE1803385
A0835,2843.07 ,2018/02/26,FE1806476
A1035,2843.07 ,2018/02/27,FE1804683
A0987,2843.07 ,2018/02/28,FE1800850
A1292,2843.07 ,2018/02/28,FE1800655
A1153,2843.07 ,2018/11/01,NO1804179
A0903,2843.07 ,2018/11/01,NO1807275
A0353,2843.07 ,2018/11/08,NO1803942
A0897,2843.07 ,2018/11/08,NO1800487
A1410,2843.07 ,2018/11/12,NO1807476
A0693,2843.07 ,2018/11/12,NO1801372
A1297,2843.07 ,2018/11/12,NO1800902
A0387,2843.07 ,2018/11/13,NO1801107
A1009,2843.07 ,2018/11/16,NO1808838
A0702,2843.07 ,2018/11/19,NO1803208
A0506,2843.07 ,2018/11/19,NO1800131
A1240,2843.07 ,2018/11/19,NO1803021
A0942,2843.07 ,2018/11/20,NO1805087
A1320,2843.07 ,2018/11/21,NO1800156
A0557,2843.07 ,2018/11/21,NO1804072
A0375,2843.07 ,2018/11/21,NO1808607
A1325,2843.07 ,2018/11/22,NO1804415
A1381,2843.07 ,2018/11/27,NO1802366
A0409,2843.07 ,2018/11/29,NO1801590
A0861,2843.07 ,2018/11/29,NO1804531
A1187,2843.07 ,2018/11/29,NO1800416
A0955,2843.07 ,2018/11/29,NO1807961
A1214,2843.07 ,2018/11/30,NO1804534
A0930,2843.07 ,2018/11/30,NO1802201
A0375,2843.07 ,2018/12/03,DE1803520
A0869,2843.07 ,2018/12/03,DE1801055
A0354,2843.07 ,2018/12/04,DE1806809
A0456,2843.07 ,2018/12/10,DE1806579
A0519,2843.07 ,2018/12/11,DE1807792
A0953,2843.07 ,2018/12/13,DE1808934
A1305,2843.07 ,2018/12/17,DE1803279
A0497,2843.07 ,2018/12/18,DE1806030
A0835,2843.07 ,2018/12/18,DE1808618
A1253,2843.07 ,2018/12/19,DE1800724
A0869,2843.07 ,2018/12/19,DE1806353
A0802,2843.07 ,2018/12/20,DE1805227
A1381,2843.07 ,2018/12/20,DE1807650
A0906,2843.07 ,2018/12/21,DE1800881
A0742,2843.07 ,2018/12/24,DE1800412
A0890,2843.07 ,2018/12/25,DE1800788
A1188,2843.07 ,2018/12/25,DE1801508
A0789,2843.07 ,2018/12/26,DE1800864
A1039,2843.07 ,2018/12/26,DE1808031
A0749,2843.07 ,2018/12/27,DE1808834
A1057,2843.07 ,2018/12/27,DE1805525
A0516,2843.07 ,2019/01/02,JA1906305
A0763,2843.07 ,2019/01/04,JA1904707
A1369,2024.00 ,2018/04/02,AP1806638
A1278,2024.00 ,2018/04/03,AP1809074
A0895,2024.00 ,2018/04/04,AP1802304
A0531,2024.00 ,2018/04/04,AP1804466
A0357,2024.00 ,2018/04/06,AP1807599
A1013,2024.00 ,2018/04/10,AP1800474
A0944,2024.00 ,2018/04/11,AP1803801
A0412,2024.00 ,2018/04/12,AP1802269
A1296,2024.00 ,2018/04/12,AP1802773
A1054,2024.00 ,2018/04/12,AP1803516
A1020,2024.00 ,2018/04/12,AP1801054
A0575,2024.00 ,2018/04/13,AP1803939
A1362,2024.00 ,2018/04/17,AP1807914
A0862,2024.00 ,2018/04/19,AP1806881
A0798,2024.00 ,2018/04/19,AP1805599
A1302,2024.00 ,2018/04/20,AP1804712
A1128,2024.00 ,2018/04/23,AP1803331
A0701,2024.00 ,2018/04/23,AP1806516
A0496,2024.00 ,2018/04/24,AP1806277
A0429,2024.00 ,2018/04/26,AP1805945
A1069,2024.00 ,2018/04/27,AP1802785
A1381,2024.00 ,2018/04/27,AP1804771
A1142,2024.00 ,2018/04/30,AP1807801
A1193,2024.00 ,2018/05/03,MA1800803
A1064,2024.00 ,2018/05/04,MA1804945
A1214,2024.00 ,2018/05/07,MA1807389
A0356,2024.00 ,2018/05/11,MA1802691
A1100,2024.00 ,2018/05/14,MA1803721
A0443,2024.00 ,2018/05/14,MA1805370
A0737,2024.00 ,2018/05/15,MA1802095
A0502,2024.00 ,2018/05/17,MA1803805
A1089,2024.00 ,2018/05/17,MA1805780
A0836,2024.00 ,2018/05/18,MA1803697
A0445,2024.00 ,2018/05/21,MA1804442
A1323,2024.00 ,2018/05/22,MA1804013
A0704,2024.00 ,2018/05/22,MA1806806
A1341,2024.00 ,2018/05/22,MA1805250
A1390,2024.00 ,2018/05/23,MA1803381
A0887,2024.00 ,2018/05/24,MA1808634
A0531,2024.00 ,2018/05/25,MA1801286
A1320,2024.00 ,2018/05/28,MA1801139
A0942,2024.00 ,2018/05/29,MA1801018
A0411,2024.00 ,2018/05/31,MA1800890
A0919,2024.00 ,2018/05/31,MA1808091
A0422,2024.00 ,2018/06/06,JU1807580
A1237,2024.00 ,2018/06/06,JU1802226
A0945,2024.00 ,2018/06/08,JU1800827
A1343,2024.00 ,2018/06/08,JU1801236
A0481,2024.00 ,2018/06/13,JU1803570
A1056,2024.00 ,2018/06/13,JU1809142
A1089,2024.00 ,2018/06/14,JU1803897
A0771,2024.00 ,2018/06/15,JU1804755
A1106,2024.00 ,2018/06/19,JU1804653
A0925,2024.00 ,2018/06/20,JU1806136
A0586,2024.00 ,2018/06/20,JU1806439
A0493,2024.00 ,2018/06/21,JU1802432
A1057,2024.00 ,2018/06/22,JU1805430
A0512,2024.00 ,2018/06/25,JU1807598
A1251,2024.00 ,2018/06/26,JU1800576
A0472,2024.00 ,2018/06/26,JU1801685
A0731,2024.00 ,2018/06/26,JU1802685
A1299,2024.00 ,2018/06/29,JU1805632
A1029,2024.00 ,2018/08/02,AU1805304
A0972,2024.00 ,2018/08/06,AU1802563
A0905,2024.00 ,2018/08/06,AU1806626
A1276,2024.00 ,2018/08/07,AU1800590
A0552,2024.00 ,2018/08/07,AU1802099
A0445,2024.00 ,2018/08/08,AU1803707
A0961,2024.00 ,2018/08/09,AU1802598
A0987,2024.00 ,2018/08/13,AU1804896
A1103,2024.00 ,2018/08/15,AU1805794
A1274,2024.00 ,2018/08/15,AU1802972
A0673,2024.00 ,2018/08/20,AU1802267
A1009,2024.00 ,2018/08/21,AU1804440
A1307,2024.00 ,2018/08/23,AU1804004
A0916,2024.00 ,2018/08/23,AU1805791
A0965,2024.00 ,2018/08/28,AU1806220
A0862,2024.00 ,2018/08/30,AU1802734
A0918,2024.00 ,2018/08/31,AU1808431
A1136,2024.00 ,2018/09/03,SE1807188
A0446,2024.00 ,2018/09/04,SE1808891
A0880,2024.00 ,2018/09/06,SE1800546
A0382,2024.00 ,2018/09/10,SE1806380
A0716,2024.00 ,2018/09/10,SE1806185
A1055,2024.00 ,2018/09/11,SE1807312
A0774,2024.00 ,2018/09/20,SE1801532
A0852,2024.00 ,2018/09/20,SE1806759
A1050,2024.00 ,2018/09/20,SE1807467
A1003,2024.00 ,2018/09/20,SE1804731
A0781,2024.00 ,2018/09/25,SE1801272
A0655,2024.00 ,2018/09/25,SE1801251
A0709,2024.00 ,2018/09/27,SE1808589
A0887,1576.96 ,2018/01/03,JA1806249
A1142,1576.96 ,2018/01/03,JA1804989
A1375,1576.96 ,2018/01/05,JA1804414
A1357,1576.96 ,2018/01/09,JA1809376
A0607,1576.96 ,2018/01/11,JA1806632
A0690,1576.96 ,2018/01/11,JA1800094
A0952,1576.96 ,2018/01/11,JA1808226
A0552,1576.96 ,2018/01/12,JA1805851
A1285,1576.96 ,2018/01/12,JA1800380
A0764,1576.96 ,2018/01/12,JA1803149
A0629,1576.96 ,2018/01/17,JA1801155
A1095,1576.96 ,2018/01/17,JA1806406
A0963,1576.96 ,2018/01/18,JA1806883
A0853,1576.96 ,2018/01/18,JA1804018
A0916,1576.96 ,2018/01/18,JA1807505
A1083,1576.96 ,2018/01/19,JA1803473
A0813,1576.96 ,2018/01/19,JA1805083
A0375,1576.96 ,2018/01/24,JA1806814
A1162,1576.96 ,2018/01/25,JA1803033
A0630,1576.96 ,2018/01/26,JA1806991
A1260,1576.96 ,2018/01/29,JA1806690
A0552,1576.96 ,2018/01/29,JA1806823
A0607,1576.96 ,2018/01/29,JA1807527
A0544,1576.96 ,2018/01/30,JA1805622
A0640,1576.96 ,2018/01/31,JA1803611
A0510,1576.96 ,2018/02/01,FE1803921
A0915,1576.96 ,2018/02/01,FE1806415
A1062,1576.96 ,2018/02/06,FE1804097
A0629,1576.96 ,2018/02/06,FE1806585
A0506,1576.96 ,2018/02/07,FE1804182
A0760,1576.96 ,2018/02/12,FE1802543
A1110,1576.96 ,2018/02/12,FE1803237
A1403,1576.96 ,2018/02/14,FE1806500
A0778,1576.96 ,2018/02/14,FE1801490
A0771,1576.96 ,2018/02/14,FE1804107
A0583,1576.96 ,2018/02/14,FE1801667
A1348,1576.96 ,2018/02/19,FE1808131
A1363,1576.96 ,2018/02/26,FE1807363
A0903,1576.96 ,2018/02/27,FE1808892
A0720,1576.96 ,2018/02/28,FE1808853
A0494,1576.96 ,2018/11/01,NO1806054
A1076,1576.96 ,2018/11/01,NO1800913
A1039,1576.96 ,2018/11/05,NO1802554
A0444,1576.96 ,2018/11/06,NO1807813
A1293,1576.96 ,2018/11/06,NO1807029
A0474,1576.96 ,2018/11/07,NO1802450
A1386,1576.96 ,2018/11/08,NO1809318
A1103,1576.96 ,2018/11/12,NO1802069
A0510,1576.96 ,2018/11/13,NO1800784
A1167,1576.96 ,2018/11/14,NO1805416
A1130,1576.96 ,2018/11/15,NO1801064
A0693,1576.96 ,2018/11/16,NO1802348
A0942,1576.96 ,2018/11/16,NO1800308
A0873,1576.96 ,2018/11/16,NO1800639
A1161,1576.96 ,2018/11/19,NO1802866
A1257,1576.96 ,2018/11/19,NO1803957
A1241,1576.96 ,2018/11/20,NO1808441
A0559,1576.96 ,2018/11/20,NO1805306
A0633,1576.96 ,2018/11/21,NO1809314
A1325,1576.96 ,2018/11/21,NO1807687
A0655,1576.96 ,2018/11/21,NO1801841
A0842,1576.96 ,2018/11/21,NO1807844
A0445,1576.96 ,2018/11/22,NO1808890
A0945,1576.96 ,2018/11/23,NO1806040
A0615,1576.96 ,2018/11/26,NO1808176
A0862,1576.96 ,2018/11/27,NO1800558
A0994,1576.96 ,2018/11/30,NO1802319
A0375,1576.96 ,2018/11/30,NO1804291
A0785,1576.96 ,2018/12/03,DE1802123
A1138,1576.96 ,2018/12/05,DE1804062
A0684,1576.96 ,2018/12/06,DE1805520
A0496,1576.96 ,2018/12/06,DE1806298
A1072,1576.96 ,2018/12/10,DE1808330
A1306,1576.96 ,2018/12/10,DE1807867
A0726,1576.96 ,2018/12/11,DE1805121
A0627,1576.96 ,2018/12/12,DE1805212
A0648,1576.96 ,2018/12/13,DE1805151
A0522,1576.96 ,2018/12/13,DE1804725
A1055,1576.96 ,2018/12/14,DE1802197
A0632,1576.96 ,2018/12/14,DE1807068
A0742,1576.96 ,2018/12/17,DE1801162
A0905,1576.96 ,2018/12/18,DE1801519
A0512,1576.96 ,2018/12/19,DE1800528
A1076,1576.96 ,2018/12/20,DE1801662
A0593,1576.96 ,2018/12/24,DE1805073
A0994,1576.96 ,2018/12/25,DE1808859
A1159,1576.96 ,2018/12/26,DE1808636
A0997,1576.96 ,2018/12/27,DE1805801
A0982,1576.96 ,2018/12/27,DE1808811
A1348,1576.96 ,2018/12/28,DE1805973
A0679,1576.96 ,2019/01/03,JA1901631
A0952,1576.96 ,2019/01/04,JA1907991
A1095,744.88 ,2018/04/02,AP1807267
A1063,744.88 ,2018/04/02,AP1802329
A1285,744.88 ,2018/04/04,AP1808715
A1249,744.88 ,2018/04/05,AP1803122
A0826,744.88 ,2018/04/06,AP1807559
A1413,744.88 ,2018/04/06,AP1804718
A0495,744.88 ,2018/04/09,AP1800937
A1188,744.88 ,2018/04/10,AP1803056
A0761,744.88 ,2018/04/10,AP1808972
A0824,744.88 ,2018/04/13,AP1806686
A0365,744.88 ,2018/04/16,AP1801666
A0803,744.88 ,2018/04/18,AP1808967
A1007,744.88 ,2018/04/19,AP1806992
A1254,744.88 ,2018/04/19,AP1802236
A1307,744.88 ,2018/04/20,AP1804957
A1007,744.88 ,2018/04/23,AP1804887
A0811,744.88 ,2018/04/24,AP1803417
A0720,744.88 ,2018/04/25,AP1806103
A1367,744.88 ,2018/04/26,AP1808277
A1164,744.88 ,2018/04/27,AP1802792
A1416,744.88 ,2018/04/30,AP1804261
A1000,744.88 ,2018/05/01,MA1808771
A0559,744.88 ,2018/05/01,MA1800363
A0607,744.88 ,2018/05/02,MA1800091
A1182,744.88 ,2018/05/02,MA1806320
A1216,744.88 ,2018/05/03,MA1803844
A1323,744.88 ,2018/05/04,MA1801306
A1118,744.88 ,2018/05/11,MA1807791
A0643,744.88 ,2018/05/14,MA1801903
A0854,744.88 ,2018/05/15,MA1807376
A1260,744.88 ,2018/05/17,MA1806974
A0801,744.88 ,2018/05/21,MA1806487
A1118,744.88 ,2018/05/21,MA1802901
A1067,744.88 ,2018/05/23,MA1806418
A0903,744.88 ,2018/05/24,MA1800171
A0630,744.88 ,2018/05/29,MA1807402
A1372,744.88 ,2018/05/31,MA1806017
A0408,744.88 ,2018/06/01,JU1805364
A0955,744.88 ,2018/06/05,JU1804962
A0686,744.88 ,2018/06/07,JU1801898
A1036,744.88 ,2018/06/07,JU1805608
A1182,744.88 ,2018/06/11,JU1801505
A0514,744.88 ,2018/06/11,JU1807235
A1193,744.88 ,2018/06/12,JU1808390
A0988,744.88 ,2018/06/13,JU1800989
A0557,744.88 ,2018/06/14,JU1802326
A0708,744.88 ,2018/06/15,JU1800353
A0720,744.88 ,2018/06/18,JU1808058
A1413,744.88 ,2018/06/19,JU1806637
A0456,744.88 ,2018/06/20,JU1802477
A1345,744.88 ,2018/06/21,JU1808065
A0632,744.88 ,2018/06/21,JU1807049
A1302,744.88 ,2018/06/26,JU1808427
A0884,744.88 ,2018/06/26,JU1803566
A1381,744.88 ,2018/06/28,JU1803416
A0877,744.88 ,2018/08/01,AU1807456
A1202,744.88 ,2018/08/01,AU1808416
A1357,744.88 ,2018/08/01,AU1806197
A1349,744.88 ,2018/08/01,AU1804749
A0627,744.88 ,2018/08/07,AU1806302
A0724,744.88 ,2018/08/08,AU1806891
A1142,744.88 ,2018/08/10,AU1808699
A1370,744.88 ,2018/08/10,AU1808731
A0943,744.88 ,2018/08/13,AU1805316
A0708,744.88 ,2018/08/13,AU1808926
A0438,744.88 ,2018/08/15,AU1807553
A0942,744.88 ,2018/08/15,AU1804502
A0761,744.88 ,2018/08/16,AU1802300
A0781,744.88 ,2018/08/17,AU1805323
A0950,744.88 ,2018/08/20,AU1808022
A0412,744.88 ,2018/08/22,AU1801104
A0881,744.88 ,2018/08/23,AU1805001
A1353,744.88 ,2018/08/24,AU1802275
A1271,744.88 ,2018/08/24,AU1800884
A0918,744.88 ,2018/08/30,AU1801451
A0830,744.88 ,2018/08/30,AU1802024
A0744,744.88 ,2018/08/31,AU1804104
A0862,744.88 ,2018/08/31,AU1809306
A0576,744.88 ,2018/09/04,SE1808121
A1164,744.88 ,2018/09/04,SE1804804
A1078,744.88 ,2018/09/04,SE1805079
A1323,744.88 ,2018/09/06,SE1808403
A0869,744.88 ,2018/09/07,SE1803277
A0743,744.88 ,2018/09/10,SE1803551
A1277,744.88 ,2018/09/12,SE1803864
A0943,744.88 ,2018/09/18,SE1804958
A1402,744.88 ,2018/09/21,SE1808486
A0761,744.88 ,2018/09/21,SE1801024
A0581,744.88 ,2018/10/02,OC1805495
A0403,1103.87 ,2018/01/02,JA1808241
A1345,1103.87 ,2018/01/02,JA1806618
A1408,1103.87 ,2018/01/03,JA1805086
A0739,1103.87 ,2018/01/04,JA1800364
A0690,1103.87 ,2018/01/04,JA1802405
A0880,1103.87 ,2018/01/04,JA1804764
A0429,1103.87 ,2018/01/05,JA1807939
A1193,1103.87 ,2018/01/08,JA1806580
A1214,1103.87 ,2018/01/08,JA1800525
A0741,1103.87 ,2018/01/11,JA1801380
A1054,1103.87 ,2018/01/11,JA1801948
A1009,1103.87 ,2018/01/12,JA1802998
A1003,1103.87 ,2018/01/12,JA1807864
A0371,1103.87 ,2018/01/15,JA1808841
A1137,1103.87 ,2018/01/16,JA1801256
A0472,1103.87 ,2018/01/19,JA1801889
A1278,1103.87 ,2018/01/22,JA1808674
A0915,1103.87 ,2018/01/23,JA1806430
A1408,1103.87 ,2018/01/23,JA1804666
A0708,1103.87 ,2018/01/25,JA1802922
A1162,1103.87 ,2018/01/25,JA1808673
A0915,1103.87 ,2018/01/26,JA1802774
A0422,1103.87 ,2018/01/26,JA1802193
A1403,1103.87 ,2018/01/26,JA1808897
A0720,1103.87 ,2018/01/29,JA1808791
A1341,1103.87 ,2018/01/31,JA1805689
A0436,1103.87 ,2018/01/31,JA1807857
A1308,1103.87 ,2018/02/01,FE1800070
A0749,1103.87 ,2018/02/02,FE1801010
A0380,1103.87 ,2018/02/02,FE1807545
A1182,1103.87 ,2018/02/05,FE1809184
A1387,1103.87 ,2018/02/05,FE1802725
A0917,1103.87 ,2018/02/07,FE1807460
A0945,1103.87 ,2018/02/08,FE1803938
A0978,1103.87 ,2018/02/08,FE1806593
A0796,1103.87 ,2018/02/09,FE1802141
A0519,1103.87 ,2018/02/23,FE1801526
A0792,1103.87 ,2018/02/23,FE1803873
A0356,1103.87 ,2018/02/26,FE1809293
A0716,1103.87 ,2018/02/26,FE1804861
A0871,1103.87 ,2018/02/27,FE1805301
A0798,1103.87 ,2018/02/28,FE1806685
A0764,1103.87 ,2018/10/29,OC1801615
A0420,1103.87 ,2018/11/01,NO1808250
A1257,1103.87 ,2018/11/01,NO1803629
A0665,1103.87 ,2018/11/02,NO1803878
A1240,1103.87 ,2018/11/07,NO1808329
A1055,1103.87 ,2018/11/08,NO1801000
A1120,1103.87 ,2018/11/12,NO1801237
A0632,1103.87 ,2018/11/13,NO1802938
A0579,1103.87 ,2018/11/14,NO1805255
A0990,1103.87 ,2018/11/14,NO1808928
A0582,1103.87 ,2018/11/16,NO1804014
A0504,1103.87 ,2018/11/20,NO1806332
A1164,1103.87 ,2018/11/20,NO1805790
A1302,1103.87 ,2018/11/21,NO1807470
A1118,1103.87 ,2018/11/22,NO1803974
A0791,1103.87 ,2018/11/22,NO1800726
A0515,1103.87 ,2018/11/22,NO1804960
A0837,1103.87 ,2018/11/26,NO1808503
A0942,1103.87 ,2018/11/28,NO1804941
A0428,1103.87 ,2018/11/28,NO1805684
A0671,1103.87 ,2018/11/30,NO1809116
A0478,1103.87 ,2018/12/03,DE1808134
A0764,1103.87 ,2018/12/04,DE1807699
A1228,1103.87 ,2018/12/05,DE1806066
A1228,1103.87 ,2018/12/05,DE1805032
A1336,1103.87 ,2018/12/07,DE1807365
A1169,1103.87 ,2018/12/10,DE1805868
A1381,1103.87 ,2018/12/12,DE1806167
A0852,1103.87 ,2018/12/12,DE1805209
A0754,1103.87 ,2018/12/13,DE1802659
A0428,1103.87 ,2018/12/13,DE1802012
A0557,1103.87 ,2018/12/17,DE1808153
A0351,1103.87 ,2018/12/19,DE1803171
A1313,1103.87 ,2018/12/20,DE1802705
A0643,1103.87 ,2018/12/21,DE1805719
A1216,1103.87 ,2018/12/21,DE1801112
A0952,1103.87 ,2018/12/24,DE1800365
A0921,1103.87 ,2018/12/24,DE1802019
A0503,1103.87 ,2018/12/26,DE1804419
A1408,1103.87 ,2018/12/28,DE1804328
A0655,1103.87 ,2018/12/31,DE1801618
A1067,1103.87 ,2019/01/01,JA1900569
A1193,1103.87 ,2019/01/01,JA1904023
A1079,1103.87 ,2019/01/02,JA1908426
A1064,522.50 ,2018/04/09,AP1804250
A0763,522.50 ,2018/04/10,AP1804905
A0385,522.50 ,2018/04/10,AP1801523
A0505,522.50 ,2018/04/11,AP1804021
A0502,522.50 ,2018/04/11,AP1800522
A0927,522.50 ,2018/04/12,AP1805500
A0846,522.50 ,2018/04/12,AP1800273
A0945,522.50 ,2018/04/16,AP1806604
A0620,522.50 ,2018/04/17,AP1804578
A1009,522.50 ,2018/04/18,AP1805987
A1089,522.50 ,2018/04/20,AP1804998
A1067,522.50 ,2018/04/24,AP1808681
A0801,522.50 ,2018/04/24,AP1809341
A0428,522.50 ,2018/04/26,AP1803308
A1353,522.50 ,2018/04/27,AP1801504
A0393,522.50 ,2018/04/27,AP1808201
A1381,522.50 ,2018/04/30,AP1803445
A1007,522.50 ,2018/05/03,MA1803476
A0665,522.50 ,2018/05/03,MA1803809
A1204,522.50 ,2018/05/09,MA1800527
A0798,522.50 ,2018/05/10,MA1806609
A0782,522.50 ,2018/05/11,MA1801357
A0744,522.50 ,2018/05/14,MA1808568
A0428,522.50 ,2018/05/14,MA1805715
A0745,522.50 ,2018/05/17,MA1805878
A1182,522.50 ,2018/05/28,MA1803315
A0913,522.50 ,2018/05/30,MA1807761
A1387,522.50 ,2018/06/01,JU1805078
A0665,522.50 ,2018/06/04,JU1803194
A0758,522.50 ,2018/06/04,JU1804500
A0998,522.50 ,2018/06/05,JU1803261
A1079,522.50 ,2018/06/06,JU1802395
A0731,522.50 ,2018/06/06,JU1802183
A1378,522.50 ,2018/06/07,JU1801070
A0722,522.50 ,2018/06/11,JU1807375
A0683,522.50 ,2018/06/11,JU1806238
A1163,522.50 ,2018/06/13,JU1803128
A0655,522.50 ,2018/06/15,JU1800395
A0963,522.50 ,2018/06/15,JU1802308
A0411,522.50 ,2018/06/18,JU1800041
A1110,522.50 ,2018/06/19,JU1804601
A0836,522.50 ,2018/06/21,JU1806598
A0607,522.50 ,2018/06/22,JU1807055
A0919,522.50 ,2018/06/22,JU1806695
A0724,522.50 ,2018/06/26,JU1803199
A0471,522.50 ,2018/06/28,JU1800292
A0845,522.50 ,2018/06/28,JU1806289
A0408,522.50 ,2018/08/08,AU1802220
A0879,522.50 ,2018/08/08,AU1808523
A1104,522.50 ,2018/08/09,AU1801919
A1204,522.50 ,2018/08/09,AU1802214
A0530,522.50 ,2018/08/09,AU1804716
A0480,522.50 ,2018/08/13,AU1801704
A0745,522.50 ,2018/08/14,AU1809093
A0869,522.50 ,2018/08/14,AU1808985
A1153,522.50 ,2018/08/15,AU1805724
A1295,522.50 ,2018/08/16,AU1806652
A1370,522.50 ,2018/08/16,AU1806156
A0745,522.50 ,2018/08/17,AU1806299
A0795,522.50 ,2018/08/17,AU1807748
A1089,522.50 ,2018/08/20,AU1803165
A1116,522.50 ,2018/08/20,AU1800009
A1067,522.50 ,2018/08/21,AU1803230
A0905,522.50 ,2018/08/21,AU1806941
A1062,522.50 ,2018/08/28,AU1801384
A0943,522.50 ,2018/08/28,AU1808059
A1299,522.50 ,2018/08/28,AU1801234
A0497,522.50 ,2018/08/28,AU1804863
A0781,522.50 ,2018/08/31,AU1809039
A0819,522.50 ,2018/09/03,SE1804036
A1279,522.50 ,2018/09/05,SE1805443
A1271,522.50 ,2018/09/05,SE1808119
A1092,522.50 ,2018/09/06,SE1807738
A0869,522.50 ,2018/09/06,SE1807114
A0375,522.50 ,2018/09/12,SE1805804
A1302,522.50 ,2018/09/13,SE1808655
A0884,522.50 ,2018/09/17,SE1809242
A1146,522.50 ,2018/09/19,SE1801849
A0883,522.50 ,2018/09/19,SE1809028
A0933,522.50 ,2018/09/26,SE1804668
A1254,522.50 ,2018/09/26,SE1805698
A1348,522.50 ,2018/09/26,SE1806412
A0952,522.50 ,2018/09/27,SE1802152
A1172,522.50 ,2018/10/03,OC1805169
A0566,931.10 ,2018/04/02,AP1803428
A1353,931.10 ,2018/04/02,AP1805813
A1357,931.10 ,2018/04/02,AP1808601
A0922,931.10 ,2018/04/02,AP1803838
A1203,931.10 ,2018/04/04,AP1801486
A0824,931.10 ,2018/04/06,AP1805904
A0445,931.10 ,2018/04/06,AP1803563
A0377,931.10 ,2018/04/06,AP1804273
A1193,931.10 ,2018/04/09,AP1801419
A1334,931.10 ,2018/04/10,AP1805883
A1390,931.10 ,2018/04/11,AP1801652
A1331,931.10 ,2018/04/12,AP1809350
A1079,931.10 ,2018/04/16,AP1804993
A1057,931.10 ,2018/04/17,AP1801147
A0737,931.10 ,2018/04/18,AP1806737
A0927,931.10 ,2018/04/18,AP1802917
A0582,931.10 ,2018/04/18,AP1806684
A1226,931.10 ,2018/04/19,AP1800370
A1403,931.10 ,2018/04/20,AP1801932
A1255,931.10 ,2018/04/24,AP1805803
A0696,931.10 ,2018/04/30,AP1803989
A0513,931.10 ,2018/05/01,MA1801554
A1381,931.10 ,2018/05/04,MA1800507
A0773,931.10 ,2018/05/04,MA1800689
A0892,931.10 ,2018/05/08,MA1802245
A0754,931.10 ,2018/05/09,MA1806227
A0842,931.10 ,2018/05/10,MA1808111
A0978,931.10 ,2018/05/11,MA1801341
A0955,931.10 ,2018/05/14,MA1805589
A1284,931.10 ,2018/05/18,MA1809033
A0497,931.10 ,2018/05/22,MA1804635
A0616,931.10 ,2018/05/23,MA1807471
A0801,931.10 ,2018/05/24,MA1807602
A0906,931.10 ,2018/05/28,MA1802295
A1101,931.10 ,2018/05/28,MA1801989
A1311,931.10 ,2018/05/28,MA1808306
A0528,931.10 ,2018/05/29,MA1800483
A0648,931.10 ,2018/05/31,MA1806052
A0419,931.10 ,2018/06/06,JU1801311
A0737,931.10 ,2018/06/08,JU1800584
A0446,931.10 ,2018/06/08,JU1802189
A0415,931.10 ,2018/06/12,JU1802000
A1297,931.10 ,2018/06/13,JU1804929
A0765,931.10 ,2018/06/14,JU1801203
A1305,931.10 ,2018/06/14,JU1800756
A1137,931.10 ,2018/06/18,JU1809334
A0436,931.10 ,2018/06/18,JU1802753
A0411,931.10 ,2018/06/19,JU1803813
A0679,931.10 ,2018/06/20,JU1800966
A1137,931.10 ,2018/06/20,JU1804748
A0541,931.10 ,2018/06/26,JU1807495
A1073,931.10 ,2018/06/26,JU1805185
A1349,931.10 ,2018/06/29,JU1807927
A0641,931.10 ,2018/08/01,AU1804449
A1123,931.10 ,2018/08/03,AU1802874
A0870,931.10 ,2018/08/06,AU1806920
A1302,931.10 ,2018/08/06,AU1804836
A0464,931.10 ,2018/08/07,AU1801184
A0436,931.10 ,2018/08/07,AU1807108
A0659,931.10 ,2018/08/08,AU1800400
A1073,931.10 ,2018/08/10,AU1800256
A1244,931.10 ,2018/08/10,AU1802567
A1144,931.10 ,2018/08/10,AU1804521
A1142,931.10 ,2018/08/14,AU1809196
A1369,931.10 ,2018/08/27,AU1806811
A0815,931.10 ,2018/08/27,AU1806294
A1133,931.10 ,2018/08/28,AU1807712
A0641,931.10 ,2018/08/29,AU1801304
A0632,931.10 ,2018/08/30,AU1806162
A0684,931.10 ,2018/09/06,SE1807192
A0771,931.10 ,2018/09/10,SE1805479
A0686,931.10 ,2018/09/10,SE1803154
A1030,931.10 ,2018/09/11,SE1803819
A1164,931.10 ,2018/09/11,SE1807818
A0385,931.10 ,2018/09/12,SE1803806
A0428,931.10 ,2018/09/18,SE1808585
A0428,931.10 ,2018/09/19,SE1802371
A0845,931.10 ,2018/09/20,SE1807895
A1387,931.10 ,2018/09/24,SE1807963
A1410,931.10 ,2018/09/24,SE1806767
A1133,931.10 ,2018/09/26,SE1803541
A1146,931.10 ,2018/09/27,SE1800867
A0429,931.10 ,2018/09/28,SE1806356
A1240,931.10 ,2018/10/03,OC1806861
A0393,1862.19 ,2018/04/02,AP1807276
A0987,1862.19 ,2018/04/02,AP1805787
A0763,1862.19 ,2018/04/03,AP1804397
A0944,1862.19 ,2018/04/04,AP1802624
A1101,1862.19 ,2018/04/04,AP1805537
A1362,1862.19 ,2018/04/05,AP1807829
A1362,1862.19 ,2018/04/05,AP1807548
A0720,1862.19 ,2018/04/09,AP1804789
A1164,1862.19 ,2018/04/10,AP1800016
A1116,1862.19 ,2018/04/10,AP1806109
A1022,1862.19 ,2018/04/16,AP1807972
A0624,1862.19 ,2018/04/18,AP1807007
A0933,1862.19 ,2018/04/19,AP1808417
A0852,1862.19 ,2018/04/25,AP1807667
A0630,1862.19 ,2018/04/25,AP1807872
A0953,1862.19 ,2018/04/30,AP1808894
A1416,1862.19 ,2018/05/01,MA1806898
A0693,1862.19 ,2018/05/02,MA1804742
A1003,1862.19 ,2018/05/02,MA1806340
A0481,1862.19 ,2018/05/04,MA1800869
A0515,1862.19 ,2018/05/04,MA1807464
A0731,1862.19 ,2018/05/07,MA1801193
A0544,1862.19 ,2018/05/08,MA1808199
A0996,1862.19 ,2018/05/09,MA1800743
A1020,1862.19 ,2018/05/09,MA1800261
A0887,1862.19 ,2018/05/10,MA1802875
A0660,1862.19 ,2018/05/10,MA1807636
A0772,1862.19 ,2018/05/14,MA1802888
A0395,1862.19 ,2018/05/16,MA1801986
A1092,1862.19 ,2018/05/18,MA1804793
A0436,1862.19 ,2018/05/22,MA1802855
A0821,1862.19 ,2018/05/23,MA1804259
A0693,1862.19 ,2018/05/24,MA1807869
A0893,1862.19 ,2018/05/25,MA1801586
A1018,1862.19 ,2018/05/28,MA1804603
A0355,1862.19 ,2018/05/28,MA1804586
A0987,1862.19 ,2018/05/30,MA1807496
A0466,1862.19 ,2018/05/31,MA1804086
A0375,1862.19 ,2018/06/01,JU1805503
A0350,1862.19 ,2018/06/05,JU1806143
A0610,1862.19 ,2018/06/05,JU1807662
A0953,1862.19 ,2018/06/08,JU1801548
A0972,1862.19 ,2018/06/11,JU1801040
A0426,1862.19 ,2018/06/13,JU1802820
A0764,1862.19 ,2018/06/14,JU1808539
A0655,1862.19 ,2018/06/22,JU1805535
A0937,1862.19 ,2018/06/27,JU1807825
A0861,1862.19 ,2018/06/27,JU1808494
A1236,1862.19 ,2018/06/28,JU1802032
A0869,1862.19 ,2018/06/28,JU1803272
A0610,1862.19 ,2018/06/29,JU1800976
A0975,1862.19 ,2018/08/09,AU1805008
A1055,1862.19 ,2018/08/10,AU1809120
A0880,1862.19 ,2018/08/14,AU1801406
A1027,1862.19 ,2018/08/14,AU1801580
A0496,1862.19 ,2018/08/22,AU1809367
A0701,1862.19 ,2018/08/22,AU1806558
A1319,1862.19 ,2018/08/28,AU1801630
A1003,1862.19 ,2018/08/29,AU1807256
A1282,1862.19 ,2018/08/29,AU1808280
A0496,1862.19 ,2018/08/31,AU1802610
A0993,1862.19 ,2018/08/31,AU1809017
A0933,1862.19 ,2018/08/31,AU1806260
A0582,1862.19 ,2018/09/04,SE1802882
A1036,1862.19 ,2018/09/10,SE1803292
A0602,1862.19 ,2018/09/13,SE1808293
A0707,1862.19 ,2018/09/13,SE1803434
A1142,1862.19 ,2018/09/14,SE1801661
A0879,1862.19 ,2018/09/18,SE1806182
A0436,1862.19 ,2018/09/19,SE1800826
A1277,1862.19 ,2018/09/19,SE1804445
A0660,1862.19 ,2018/09/19,SE1803173
A1420,1862.19 ,2018/09/21,SE1800320
A0881,1862.19 ,2018/09/21,SE1801413
A0616,1862.19 ,2018/09/24,SE1804197
A1153,1862.19 ,2018/09/24,SE1805488
A0679,1862.19 ,2018/09/27,SE1804272
A1232,1862.19 ,2018/09/28,SE1804723
A0965,1862.19 ,2018/09/28,SE1804691
A1055,1862.19 ,2018/09/28,SE1807035
A0777,730.74 ,2018/01/03,JA1806924
A1002,730.74 ,2018/01/03,JA1808629
A1306,730.74 ,2018/01/03,JA1801655
A0352,730.74 ,2018/01/04,JA1804251
A0350,730.74 ,2018/01/09,JA1806323
A0826,730.74 ,2018/01/09,JA1803814
A0754,730.74 ,2018/01/10,JA1805490
A1014,730.74 ,2018/01/16,JA1805638
A0412,730.74 ,2018/01/16,JA1804822
A0495,730.74 ,2018/01/16,JA1804106
A0760,730.74 ,2018/01/18,JA1808957
A0401,730.74 ,2018/01/19,JA1801212
A1101,730.74 ,2018/01/19,JA1802830
A0357,730.74 ,2018/01/19,JA1809127
A0744,730.74 ,2018/01/22,JA1802274
A0379,730.74 ,2018/01/23,JA1804784
A0799,730.74 ,2018/01/25,JA1809300
A1035,730.74 ,2018/01/25,JA1808137
A0693,730.74 ,2018/01/25,JA1808257
A0764,730.74 ,2018/01/29,JA1800496
A0997,730.74 ,2018/01/30,JA1808358
A1343,730.74 ,2018/01/30,JA1802822
A0893,730.74 ,2018/01/31,JA1800769
A1110,730.74 ,2018/02/05,FE1803503
A0454,730.74 ,2018/02/07,FE1800377
A0945,730.74 ,2018/02/07,FE1804152
A0419,730.74 ,2018/02/07,FE1808833
A1092,730.74 ,2018/02/12,FE1804271
A0480,730.74 ,2018/02/14,FE1802394
A1343,730.74 ,2018/02/15,FE1804995
A0977,730.74 ,2018/02/16,FE1808947
A0377,730.74 ,2018/02/16,FE1800145
A0815,730.74 ,2018/02/19,FE1802223
A0495,730.74 ,2018/02/19,FE1808101
A0377,730.74 ,2018/02/26,FE1802837
A1197,730.74 ,2018/02/26,FE1808576
A0434,730.74 ,2018/02/27,FE1808007
A1014,730.74 ,2018/02/28,FE1808836
A0352,730.74 ,2018/11/02,NO1808356
A1108,730.74 ,2018/11/05,NO1807086
A1124,730.74 ,2018/11/06,NO1800052
A0883,730.74 ,2018/11/06,NO1803923
A0907,730.74 ,2018/11/07,NO1806919
A0967,730.74 ,2018/11/09,NO1808910
A0862,730.74 ,2018/11/13,NO1806756
A0945,730.74 ,2018/11/15,NO1804671
A1265,730.74 ,2018/11/16,NO1800144
A0625,730.74 ,2018/11/20,NO1801254
A1054,730.74 ,2018/11/20,NO1808506
A1269,730.74 ,2018/11/22,NO1803998
A0385,730.74 ,2018/11/22,NO1802749
A1153,730.74 ,2018/11/23,NO1807874
A1168,730.74 ,2018/11/26,NO1804300
A1412,730.74 ,2018/11/27,NO1800542
A1068,730.74 ,2018/11/28,NO1801809
A0742,730.74 ,2018/11/28,NO1808083
A1161,730.74 ,2018/11/29,NO1800300
A1299,730.74 ,2018/12/03,DE1805583
A0842,730.74 ,2018/12/04,DE1806129
A1390,730.74 ,2018/12/04,DE1803120
A0718,730.74 ,2018/12/05,DE1803232
A0853,730.74 ,2018/12/06,DE1804876
A1039,730.74 ,2018/12/07,DE1808903
A0997,730.74 ,2018/12/11,DE1801781
A1054,730.74 ,2018/12/11,DE1803186
A0587,730.74 ,2018/12/11,DE1806805
A0567,730.74 ,2018/12/13,DE1805812
A1130,730.74 ,2018/12/14,DE1801292
A0610,730.74 ,2018/12/14,DE1802310
A0771,730.74 ,2018/12/14,DE1800854
A0466,730.74 ,2018/12/17,DE1807194
A0661,730.74 ,2018/12/17,DE1802877
A0799,730.74 ,2018/12/19,DE1807696
A1057,730.74 ,2018/12/25,DE1808963
A0961,730.74 ,2018/12/26,DE1800994
A0931,730.74 ,2018/12/26,DE1800696
A1362,730.74 ,2018/12/27,DE1800703
A1103,730.74 ,2018/12/31,DE1802667
A1388,730.74 ,2018/12/31,DE1803853
A1362,730.74 ,2019/01/01,JA1902521
A1146,822.80 ,2018/01/03,JA1800785
A1130,822.80 ,2018/01/08,JA1807557
A0369,822.80 ,2018/01/10,JA1806049
A1350,822.80 ,2018/01/11,JA1805015
A0654,822.80 ,2018/01/16,JA1802846
A0941,822.80 ,2018/01/16,JA1807621
A0913,822.80 ,2018/01/19,JA1800064
A1334,822.80 ,2018/01/19,JA1805376
A0903,822.80 ,2018/01/23,JA1807210
A0907,822.80 ,2018/01/23,JA1803732
A0997,822.80 ,2018/01/25,JA1803131
A0403,822.80 ,2018/01/26,JA1803342
A0744,822.80 ,2018/01/29,JA1802614
A1138,822.80 ,2018/02/02,FE1807391
A0534,822.80 ,2018/02/05,FE1801942
A1123,822.80 ,2018/02/05,FE1802238
A0995,822.80 ,2018/02/05,FE1801426
A1113,822.80 ,2018/02/06,FE1800597
A1170,822.80 ,2018/02/06,FE1805366
A1063,822.80 ,2018/02/07,FE1806007
A1307,822.80 ,2018/02/07,FE1805138
A0504,822.80 ,2018/02/07,FE1804001
A1124,822.80 ,2018/02/09,FE1807031
A0665,822.80 ,2018/02/09,FE1806168
A0808,822.80 ,2018/02/15,FE1806301
A1401,822.80 ,2018/02/16,FE1807404
A0906,822.80 ,2018/02/16,FE1800449
A0686,822.80 ,2018/02/16,FE1807852
A0880,822.80 ,2018/02/16,FE1808135
A0357,822.80 ,2018/02/16,FE1805524
A0879,822.80 ,2018/02/19,FE1808409
A1306,822.80 ,2018/02/21,FE1805981
A1162,822.80 ,2018/02/22,FE1801810
A1345,822.80 ,2018/02/22,FE1808527
A1002,822.80 ,2018/02/23,FE1802337
A0815,822.80 ,2018/02/23,FE1801006
A0427,822.80 ,2018/02/27,FE1806752
A0531,822.80 ,2018/02/28,FE1802397
A1236,822.80 ,2018/10/30,OC1801402
A0486,822.80 ,2018/10/31,OC1805177
A0934,822.80 ,2018/11/01,NO1808249
A0952,822.80 ,2018/11/06,NO1807064
A0816,822.80 ,2018/11/07,NO1807490
A0382,822.80 ,2018/11/16,NO1806370
A0762,822.80 ,2018/11/19,NO1805678
A0482,822.80 ,2018/11/20,NO1806779
A1197,822.80 ,2018/11/20,NO1803714
A1039,822.80 ,2018/11/22,NO1804827
A0418,822.80 ,2018/11/22,NO1805360
A0512,822.80 ,2018/11/23,NO1804503
A1036,822.80 ,2018/11/23,NO1808596
A0785,822.80 ,2018/11/26,NO1800981
A0603,822.80 ,2018/11/26,NO1805860
A0863,822.80 ,2018/11/27,NO1805330
A1152,822.80 ,2018/11/29,NO1802745
A0914,822.80 ,2018/11/29,NO1802541
A1226,822.80 ,2018/11/29,NO1801291
A0463,822.80 ,2018/11/30,NO1802396
A1178,822.80 ,2018/12/03,DE1809265
A0431,822.80 ,2018/12/03,DE1803659
A0523,822.80 ,2018/12/04,DE1803684
A1265,822.80 ,2018/12/05,DE1803437
A1020,822.80 ,2018/12/05,DE1807863
A1360,822.80 ,2018/12/06,DE1804975
A0853,822.80 ,2018/12/11,DE1802361
A0495,822.80 ,2018/12/18,DE1802816
A0629,822.80 ,2018/12/18,DE1805085
A1415,822.80 ,2018/12/18,DE1804909
A0531,822.80 ,2018/12/19,DE1805902
A1270,822.80 ,2018/12/21,DE1807535
A1290,822.80 ,2018/12/24,DE1808688
A0578,822.80 ,2018/12/24,DE1804353
A1413,822.80 ,2018/12/25,DE1804767
A1412,822.80 ,2018/12/26,DE1808039
A1142,822.80 ,2018/12/27,DE1807345
A0547,822.80 ,2018/12/27,DE1807248
A1333,822.80 ,2018/12/27,DE1800560
A1301,822.80 ,2019/01/01,JA1908774
A1221,822.80 ,2019/01/01,JA1904214
A0781,822.80 ,2019/01/02,JA1904613
A1178,3748.08 ,2018/04/02,AP1808521
A1142,3748.08 ,2018/04/02,AP1804378
A0933,3748.08 ,2018/04/03,AP1801121
A1406,3748.08 ,2018/04/03,AP1802492
A0463,3748.08 ,2018/04/03,AP1808825
A1164,3748.08 ,2018/04/04,AP1801865
A0679,3748.08 ,2018/04/05,AP1806943
A1271,3748.08 ,2018/04/05,AP1803704
A1345,3748.08 ,2018/04/09,AP1803453
A0603,3748.08 ,2018/04/10,AP1802144
A1179,3748.08 ,2018/04/12,AP1806875
A1110,3748.08 ,2018/04/13,AP1805816
A0903,3748.08 ,2018/04/23,AP1803577
A1357,3748.08 ,2018/04/24,AP1805241
A0409,3748.08 ,2018/04/25,AP1800317
A1367,3748.08 ,2018/04/26,AP1803243
A0589,3748.08 ,2018/04/26,AP1807102
A0578,3748.08 ,2018/04/27,AP1802936
A1240,3748.08 ,2018/04/27,AP1806995
A0990,3748.08 ,2018/04/30,AP1803588
A0842,3748.08 ,2018/05/01,MA1804557
A1092,3748.08 ,2018/05/01,MA1801527
A0427,3748.08 ,2018/05/01,MA1803343
A0534,3748.08 ,2018/05/02,MA1806450
A0496,3748.08 ,2018/05/07,MA1806091
A0371,3748.08 ,2018/05/09,MA1806376
A1252,3748.08 ,2018/05/10,MA1809170
A0990,3748.08 ,2018/05/14,MA1802212
A0760,3748.08 ,2018/05/17,MA1808729
A1050,3748.08 ,2018/05/21,MA1804866
A0496,3748.08 ,2018/05/22,MA1800998
A1305,3748.08 ,2018/05/28,MA1801507
A1065,3748.08 ,2018/05/30,MA1802805
A0443,3748.08 ,2018/05/31,MA1807271
A0708,3748.08 ,2018/05/31,MA1808610
A1092,3748.08 ,2018/05/31,MA1802568
A1088,3748.08 ,2018/06/01,JU1803959
A0377,3748.08 ,2018/06/01,JU1802767
A0548,3748.08 ,2018/06/06,JU1805040
A0375,3748.08 ,2018/06/08,JU1802380
A0749,3748.08 ,2018/06/08,JU1803321
A1416,3748.08 ,2018/06/08,JU1804737
A1236,3748.08 ,2018/06/18,JU1806092
A1144,3748.08 ,2018/06/18,JU1803316
A0576,3748.08 ,2018/06/19,JU1806123
A1125,3748.08 ,2018/06/25,JU1806027
A0927,3748.08 ,2018/06/25,JU1803982
A0659,3748.08 ,2018/06/27,JU1802436
A0408,3748.08 ,2018/06/29,JU1803979
A0955,3748.08 ,2018/08/06,AU1800614
A0934,3748.08 ,2018/08/07,AU1805337
A0747,3748.08 ,2018/08/08,AU1800257
A0534,3748.08 ,2018/08/10,AU1804130
A0357,3748.08 ,2018/08/10,AU1802022
A1297,3748.08 ,2018/08/13,AU1802971
A1129,3748.08 ,2018/08/16,AU1805769
A0655,3748.08 ,2018/08/16,AU1805756
A1133,3748.08 ,2018/08/16,AU1802285
A1184,3748.08 ,2018/08/17,AU1808979
A0810,3748.08 ,2018/08/20,AU1804026
A1202,3748.08 ,2018/08/20,AU1800828
A1370,3748.08 ,2018/08/23,AU1808032
A0953,3748.08 ,2018/08/24,AU1805982
A0565,3748.08 ,2018/08/28,AU1806616
A0952,3748.08 ,2018/08/28,AU1807411
A0724,3748.08 ,2018/08/28,AU1800518
A0934,3748.08 ,2018/08/30,AU1807519
A0382,3748.08 ,2018/08/30,AU1800126
A0702,3748.08 ,2018/09/03,SE1809262
A1135,3748.08 ,2018/09/10,SE1806922
A0975,3748.08 ,2018/09/13,SE1801564
A1361,3748.08 ,2018/09/14,SE1804967
A0749,3748.08 ,2018/09/14,SE1806381
A0846,3748.08 ,2018/09/20,SE1801137
A0507,3748.08 ,2018/09/21,SE1802702
A0457,3748.08 ,2018/09/21,SE1801925
A0574,3748.08 ,2018/09/26,SE1805466
A1326,3748.08 ,2018/09/27,SE1803953
A0808,3748.08 ,2018/09/28,SE1800420
A0741,3606.77 ,2018/04/04,AP1807716
A1341,3606.77 ,2018/04/10,AP1809335
A1306,3606.77 ,2018/04/11,AP1801403
A1068,3606.77 ,2018/04/16,AP1801906
A0605,3606.77 ,2018/04/17,AP1800905
A0471,3606.77 ,2018/04/17,AP1807073
A0932,3606.77 ,2018/04/20,AP1807360
A1136,3606.77 ,2018/04/20,AP1802987
A0670,3606.77 ,2018/04/20,AP1802051
A1390,3606.77 ,2018/04/20,AP1802580
A0835,3606.77 ,2018/04/24,AP1803680
A0495,3606.77 ,2018/04/25,AP1808882
A0496,3606.77 ,2018/05/01,MA1802342
A1333,3606.77 ,2018/05/02,MA1803756
A0726,3606.77 ,2018/05/02,MA1801772
A1187,3606.77 ,2018/05/02,MA1808784
A1265,3606.77 ,2018/05/02,MA1809072
A1169,3606.77 ,2018/05/10,MA1805615
A0878,3606.77 ,2018/05/11,MA1808336
A0522,3606.77 ,2018/05/11,MA1801798
A1049,3606.77 ,2018/05/14,MA1800109
A1302,3606.77 ,2018/05/14,MA1807770
A1197,3606.77 ,2018/05/14,MA1801649
A0665,3606.77 ,2018/05/17,MA1808128
A0459,3606.77 ,2018/05/18,MA1805195
A1125,3606.77 ,2018/05/22,MA1802844
A1302,3606.77 ,2018/05/22,MA1806348
A1229,3606.77 ,2018/05/24,MA1801693
A1188,3606.77 ,2018/05/24,MA1804977
A0643,3606.77 ,2018/05/28,MA1804156
A1292,3606.77 ,2018/05/30,MA1807262
A0997,3606.77 ,2018/05/31,MA1804241
A1236,3606.77 ,2018/05/31,MA1800933
A0906,3606.77 ,2018/06/01,JU1806770
A0742,3606.77 ,2018/06/06,JU1803004
A0947,3606.77 ,2018/06/06,JU1803718
A0760,3606.77 ,2018/06/06,JU1805114
A1335,3606.77 ,2018/06/08,JU1800931
A1029,3606.77 ,2018/06/11,JU1801910
A1316,3606.77 ,2018/06/14,JU1800615
A1020,3606.77 ,2018/06/18,JU1805566
A1163,3606.77 ,2018/06/19,JU1806438
A1255,3606.77 ,2018/06/20,JU1802622
A0801,3606.77 ,2018/06/21,JU1804007
A0800,3606.77 ,2018/06/25,JU1805647
A0741,3606.77 ,2018/06/29,JU1804091
A1260,3606.77 ,2018/06/29,JU1806821
A0626,3606.77 ,2018/06/29,JU1802904
A0353,3606.77 ,2018/07/30,JU1809090
A0438,3606.77 ,2018/08/03,AU1809372
A0662,3606.77 ,2018/08/06,AU1800578
A0589,3606.77 ,2018/08/09,AU1801516
A0625,3606.77 ,2018/08/10,AU1808042
A1232,3606.77 ,2018/08/13,AU1809328
A1260,3606.77 ,2018/08/14,AU1809018
A0458,3606.77 ,2018/08/14,AU1809157
A0993,3606.77 ,2018/08/17,AU1802278
A0897,3606.77 ,2018/08/20,AU1805426
A1062,3606.77 ,2018/08/21,AU1803271
A1031,3606.77 ,2018/08/23,AU1801408
A1002,3606.77 ,2018/08/28,AU1805188
A1419,3606.77 ,2018/08/29,AU1808968
A0353,3606.77 ,2018/08/29,AU1807473
A1034,3606.77 ,2018/08/30,AU1807756
A1338,3606.77 ,2018/09/03,SE1807097
A0945,3606.77 ,2018/09/07,SE1803211
A0761,3606.77 ,2018/09/07,SE1806808
A0945,3606.77 ,2018/09/10,SE1802098
A0615,3606.77 ,2018/09/13,SE1803226
A0934,3606.77 ,2018/09/13,SE1808579
A1274,3606.77 ,2018/09/17,SE1801625
A0480,3606.77 ,2018/09/17,SE1807760
A1142,3606.77 ,2018/09/17,SE1805820
A1185,3606.77 ,2018/09/18,SE1801567
A0480,3606.77 ,2018/09/20,SE1801579
A0567,3606.77 ,2018/09/25,SE1801914
A0801,3606.77 ,2018/09/25,SE1802111
A1362,3606.77 ,2018/09/25,SE1804969
A0547,2524.74 ,2018/04/03,AP1807661
A0434,2524.74 ,2018/04/04,AP1805134
A0371,2524.74 ,2018/04/04,AP1807560
A1077,2524.74 ,2018/04/05,AP1803730
A1386,2524.74 ,2018/04/06,AP1803204
A0497,2524.74 ,2018/04/06,AP1800307
A0679,2524.74 ,2018/04/06,AP1807341
A1416,2524.74 ,2018/04/09,AP1801918
A1181,2524.74 ,2018/04/11,AP1803572
A0576,2524.74 ,2018/04/11,AP1803941
A0747,2524.74 ,2018/04/13,AP1807362
A1311,2524.74 ,2018/04/20,AP1803329
A1124,2524.74 ,2018/04/20,AP1800133
A1329,2524.74 ,2018/04/23,AP1802863
A0497,2524.74 ,2018/04/24,AP1803097
A0498,2524.74 ,2018/04/27,AP1800195
A0559,2524.74 ,2018/05/03,MA1809325
A1092,2524.74 ,2018/05/03,MA1807050
A0835,2524.74 ,2018/05/03,MA1803548
A0764,2524.74 ,2018/05/08,MA1805590
A1254,2524.74 ,2018/05/08,MA1800436
A1419,2524.74 ,2018/05/08,MA1802722
A0981,2524.74 ,2018/05/09,MA1808559
A0616,2524.74 ,2018/05/10,MA1809080
A1072,2524.74 ,2018/05/11,MA1800361
A0470,2524.74 ,2018/05/16,MA1803486
A0781,2524.74 ,2018/05/17,MA1802360
A0774,2524.74 ,2018/05/18,MA1805152
A0610,2524.74 ,2018/05/22,MA1805093
A0736,2524.74 ,2018/05/23,MA1800532
A0579,2524.74 ,2018/05/24,MA1800865
A1069,2524.74 ,2018/05/30,MA1802293
A0743,2524.74 ,2018/05/30,MA1801058
A1130,2524.74 ,2018/05/30,MA1804480
A1011,2524.74 ,2018/05/31,MA1806603
A1265,2524.74 ,2018/05/31,MA1807379
A0630,2524.74 ,2018/06/04,JU1802932
A0899,2524.74 ,2018/06/04,JU1802915
A0531,2524.74 ,2018/06/05,JU1802112
A0802,2524.74 ,2018/06/08,JU1806736
A0548,2524.74 ,2018/06/13,JU1808724
A0458,2524.74 ,2018/06/14,JU1805363
A1329,2524.74 ,2018/06/15,JU1801897
A0749,2524.74 ,2018/06/18,JU1801669
A1320,2524.74 ,2018/06/19,JU1800348
A1408,2524.74 ,2018/06/19,JU1802158
A1159,2524.74 ,2018/06/22,JU1800078
A1236,2524.74 ,2018/07/30,JU1800880
A0767,2524.74 ,2018/08/02,AU1802666
A1255,2524.74 ,2018/08/02,AU1801269
A1062,2524.74 ,2018/08/03,AU1800390
A1068,2524.74 ,2018/08/13,AU1804359
A1020,2524.74 ,2018/08/13,AU1806810
A0457,2524.74 ,2018/08/14,AU1804019
A1360,2524.74 ,2018/08/16,AU1809098
A0942,2524.74 ,2018/08/17,AU1802794
A0503,2524.74 ,2018/08/17,AU1805770
A0845,2524.74 ,2018/08/20,AU1804682
A1302,2524.74 ,2018/08/21,AU1804323
A0414,2524.74 ,2018/08/23,AU1803269
A0747,2524.74 ,2018/08/30,AU1801937
A1103,2524.74 ,2018/09/03,SE1806757
A1362,2524.74 ,2018/09/03,SE1804488
A0940,2524.74 ,2018/09/05,SE1800206
A1073,2524.74 ,2018/09/06,SE1805852
A1089,2524.74 ,2018/09/06,SE1801114
A1306,2524.74 ,2018/09/07,SE1800045
A0452,2524.74 ,2018/09/11,SE1801171
A0978,2524.74 ,2018/09/14,SE1807173
A1184,2524.74 ,2018/09/19,SE1804112
A0824,2524.74 ,2018/09/20,SE1807164
A0497,2524.74 ,2018/09/20,SE1808646
A0455,2524.74 ,2018/09/21,SE1805825
A1020,2524.74 ,2018/09/25,SE1806140
A0655,2524.74 ,2018/09/25,SE1806028
A0531,2524.74 ,2018/09/25,SE1808248
A1065,2524.74 ,2018/09/28,SE1807436
A1116,989.08 ,2018/01/02,JA1807207
A0743,989.08 ,2018/01/02,JA1800982
A0375,989.08 ,2018/01/03,JA1809232
A0355,989.08 ,2018/01/04,JA1809000
A0965,989.08 ,2018/01/04,JA1801169
A0764,989.08 ,2018/01/04,JA1802444
A0710,989.08 ,2018/01/08,JA1805607
A0545,989.08 ,2018/01/09,JA1805230
A0380,989.08 ,2018/01/10,JA1804648
A0387,989.08 ,2018/01/11,JA1801308
A0665,989.08 ,2018/01/15,JA1801312
A0463,989.08 ,2018/01/16,JA1808946
A0743,989.08 ,2018/01/16,JA1802694
A0967,989.08 ,2018/01/16,JA1800330
A1388,989.08 ,2018/01/17,JA1809257
A0607,989.08 ,2018/01/18,JA1801802
A0713,989.08 ,2018/01/23,JA1808862
A0515,989.08 ,2018/01/25,JA1801794
A1092,989.08 ,2018/01/25,JA1808941
A1412,989.08 ,2018/01/25,JA1803401
A0412,989.08 ,2018/01/26,JA1801763
A1101,989.08 ,2018/01/26,JA1804267
A1370,989.08 ,2018/01/30,JA1802389
A0819,989.08 ,2018/01/31,JA1803026
A0452,989.08 ,2018/01/31,JA1801714
A0519,989.08 ,2018/02/01,FE1807834
A0513,989.08 ,2018/02/02,FE1800791
A0515,989.08 ,2018/02/06,FE1800329
A0686,989.08 ,2018/02/08,FE1804850
A0497,989.08 ,2018/02/08,FE1806573
A0630,989.08 ,2018/02/12,FE1805106
A1374,989.08 ,2018/02/13,FE1808818
A0731,989.08 ,2018/02/14,FE1800602
A0824,989.08 ,2018/02/15,FE1800086
A0890,989.08 ,2018/02/16,FE1803313
A1388,989.08 ,2018/02/16,FE1802416
A0610,989.08 ,2018/02/19,FE1808383
A1265,989.08 ,2018/02/21,FE1805620
A1055,989.08 ,2018/02/22,FE1808398
A0828,989.08 ,2018/02/23,FE1804935
A0632,989.08 ,2018/02/26,FE1806201
A0528,989.08 ,2018/02/27,FE1802713
A0389,989.08 ,2018/11/02,NO1804079
A1161,989.08 ,2018/11/02,NO1803637
A1311,989.08 ,2018/11/05,NO1805681
A0943,989.08 ,2018/11/06,NO1804878
A1009,989.08 ,2018/11/09,NO1807803
A1313,989.08 ,2018/11/15,NO1805717
A1100,989.08 ,2018/11/15,NO1808860
A1382,989.08 ,2018/11/16,NO1806785
A1142,989.08 ,2018/11/20,NO1807750
A1062,989.08 ,2018/11/21,NO1804991
A0906,989.08 ,2018/11/22,NO1808569
A0821,989.08 ,2018/11/27,NO1802497
A1067,989.08 ,2018/11/28,NO1804657
A0693,989.08 ,2018/11/29,NO1805095
A1230,989.08 ,2018/11/29,NO1807479
A0648,989.08 ,2018/12/05,DE1806691
A1297,989.08 ,2018/12/05,DE1807233
A1299,989.08 ,2018/12/05,DE1807635
A0919,989.08 ,2018/12/10,DE1801460
A0795,989.08 ,2018/12/11,DE1803790
A0738,989.08 ,2018/12/12,DE1800089
A1092,989.08 ,2018/12/14,DE1807641
A1290,989.08 ,2018/12/14,DE1808141
A1067,989.08 ,2018/12/14,DE1802958
A1338,989.08 ,2018/12/17,DE1806996
A0615,989.08 ,2018/12/18,DE1800351
A1416,989.08 ,2018/12/18,DE1804478
A0903,989.08 ,2018/12/24,DE1802556
A0529,989.08 ,2018/12/26,DE1801483
A1018,989.08 ,2018/12/27,DE1803740
A0970,989.08 ,2018/12/28,DE1807344
A0945,989.08 ,2018/12/31,DE1801433
A0603,989.08 ,2018/12/31,DE1808526
A0582,989.08 ,2019/01/02,JA1901868
A1100,989.08 ,2019/01/04,JA1905249
A0544,1971.20 ,2018/01/02,JA1805166
A1135,1971.20 ,2018/01/08,JA1803900
A0815,1971.20 ,2018/01/09,JA1803407
A0660,1971.20 ,2018/01/10,JA1800044
A0890,1971.20 ,2018/01/10,JA1800347
A1271,1971.20 ,2018/01/11,JA1807957
A1060,1971.20 ,2018/01/12,JA1807771
A1161,1971.20 ,2018/01/12,JA1807926
A1260,1971.20 ,2018/01/12,JA1801950
A0754,1971.20 ,2018/01/15,JA1802949
A0506,1971.20 ,2018/01/17,JA1801103
A0422,1971.20 ,2018/01/17,JA1802031
A0420,1971.20 ,2018/01/18,JA1800107
A0837,1971.20 ,2018/01/19,JA1800172
A1015,1971.20 ,2018/01/19,JA1807932
A1197,1971.20 ,2018/01/25,JA1805890
A0670,1971.20 ,2018/01/29,JA1805565
A0781,1971.20 ,2018/01/29,JA1808025
A0949,1971.20 ,2018/02/01,FE1806878
A0975,1971.20 ,2018/02/02,FE1806774
A0640,1971.20 ,2018/02/07,FE1801351
A0412,1971.20 ,2018/02/08,FE1809338
A0616,1971.20 ,2018/02/09,FE1803748
A0914,1971.20 ,2018/02/12,FE1804826
A0542,1971.20 ,2018/02/13,FE1806105
A0785,1971.20 ,2018/02/15,FE1806527
A0922,1971.20 ,2018/02/15,FE1808917
A0880,1971.20 ,2018/02/16,FE1808846
A1309,1971.20 ,2018/02/20,FE1804188
A0897,1971.20 ,2018/02/20,FE1802740
A0800,1971.20 ,2018/02/21,FE1809274
A0819,1971.20 ,2018/02/22,FE1806888
A1314,1971.20 ,2018/02/22,FE1807052
A1114,1971.20 ,2018/02/27,FE1803529
A1277,1971.20 ,2018/10/30,OC1804884
A1186,1971.20 ,2018/11/01,NO1800896
A1116,1971.20 ,2018/11/01,NO1802126
A0529,1971.20 ,2018/11/02,NO1802194
A1319,1971.20 ,2018/11/07,NO1800464
A1071,1971.20 ,2018/11/08,NO1802732
A1215,1971.20 ,2018/11/12,NO1808046
A1277,1971.20 ,2018/11/13,NO1808053
A1047,1971.20 ,2018/11/14,NO1805627
A1251,1971.20 ,2018/11/16,NO1800136
A0539,1971.20 ,2018/11/16,NO1809163
A0833,1971.20 ,2018/11/19,NO1807655
A0963,1971.20 ,2018/11/20,NO1806021
A0495,1971.20 ,2018/11/21,NO1802970
A0547,1971.20 ,2018/11/22,NO1804218
A1165,1971.20 ,2018/11/27,NO1800727
A1124,1971.20 ,2018/11/27,NO1804837
A1076,1971.20 ,2018/11/28,NO1801751
A0408,1971.20 ,2018/11/28,NO1802989
A1240,1971.20 ,2018/11/28,NO1801166
A0464,1971.20 ,2018/11/29,NO1804574
A0724,1971.20 ,2018/11/30,NO1801295
A1313,1971.20 ,2018/12/03,DE1807071
A0380,1971.20 ,2018/12/03,DE1807377
A1219,1971.20 ,2018/12/10,DE1800853
A1093,1971.20 ,2018/12/12,DE1806099
A0684,1971.20 ,2018/12/12,DE1801172
A1119,1971.20 ,2018/12/13,DE1802601
A0480,1971.20 ,2018/12/13,DE1803584
A0897,1971.20 ,2018/12/14,DE1808027
A0350,1971.20 ,2018/12/14,DE1803155
A1240,1971.20 ,2018/12/17,DE1808485
A1208,1971.20 ,2018/12/18,DE1804080
A1178,1971.20 ,2018/12/19,DE1805862
A0821,1971.20 ,2018/12/19,DE1805397
A0774,1971.20 ,2018/12/21,DE1800450
A0744,1971.20 ,2018/12/21,DE1806842
A0695,1971.20 ,2018/12/24,DE1808593
A0444,1971.20 ,2018/12/25,DE1806533
A1089,1971.20 ,2018/12/25,DE1801796
A0683,1971.20 ,2018/12/28,DE1800344
A1305,1971.20 ,2018/12/28,DE1805668
A0817,1028.50 ,2018/01/03,JA1803502
A1316,1028.50 ,2018/01/09,JA1804523
A0887,1028.50 ,2018/01/10,JA1800749
A0372,1028.50 ,2018/01/11,JA1806559
A1161,1028.50 ,2018/01/12,JA1806247
A1202,1028.50 ,2018/01/12,JA1802900
A0945,1028.50 ,2018/01/16,JA1809058
A0528,1028.50 ,2018/01/16,JA1805798
A1406,1028.50 ,2018/01/17,JA1803450
A0783,1028.50 ,2018/01/22,JA1804785
A0429,1028.50 ,2018/01/22,JA1803478
A1331,1028.50 ,2018/01/26,JA1806373
A0497,1028.50 ,2018/01/26,JA1803378
A1118,1028.50 ,2018/01/30,JA1805507
A1003,1028.50 ,2018/02/01,FE1805734
A1334,1028.50 ,2018/02/01,FE1809150
A1038,1028.50 ,2018/02/02,FE1805891
A0415,1028.50 ,2018/02/02,FE1806971
A0946,1028.50 ,2018/02/05,FE1801766
A1103,1028.50 ,2018/02/06,FE1802205
A1232,1028.50 ,2018/02/06,FE1805065
A0883,1028.50 ,2018/02/08,FE1802055
A0420,1028.50 ,2018/02/09,FE1802672
A1202,1028.50 ,2018/02/09,FE1801563
A0578,1028.50 ,2018/02/09,FE1800297
A0393,1028.50 ,2018/02/13,FE1800283
A0627,1028.50 ,2018/02/13,FE1800394
A1311,1028.50 ,2018/02/16,FE1808019
A1076,1028.50 ,2018/02/19,FE1809135
A1193,1028.50 ,2018/02/22,FE1803110
A1124,1028.50 ,2018/02/22,FE1804202
A1110,1028.50 ,2018/02/22,FE1806267
A0369,1028.50 ,2018/02/22,FE1809307
A0444,1028.50 ,2018/02/22,FE1800150
A0847,1028.50 ,2018/02/26,FE1800032
A1138,1028.50 ,2018/03/02,MA1804931
A0380,1028.50 ,2018/11/02,NO1809053
A0403,1028.50 ,2018/11/07,NO1803885
A0943,1028.50 ,2018/11/07,NO1802547
A1338,1028.50 ,2018/11/08,NO1807538
A0747,1028.50 ,2018/11/12,NO1800341
A1304,1028.50 ,2018/11/13,NO1805452
A1366,1028.50 ,2018/11/13,NO1802629
A1278,1028.50 ,2018/11/13,NO1804069
A0684,1028.50 ,2018/11/13,NO1804037
A0927,1028.50 ,2018/11/16,NO1802641
A0931,1028.50 ,2018/11/16,NO1803133
A0862,1028.50 ,2018/11/19,NO1805572
A1062,1028.50 ,2018/11/19,NO1808094
A1390,1028.50 ,2018/11/20,NO1809177
A0708,1028.50 ,2018/11/20,NO1808339
A1230,1028.50 ,2018/11/22,NO1802510
A0815,1028.50 ,2018/11/23,NO1809373
A1287,1028.50 ,2018/11/28,NO1804244
A0833,1028.50 ,2018/11/28,NO1802344
A0695,1028.50 ,2018/11/29,NO1803339
A1365,1028.50 ,2018/11/29,NO1800340
A1159,1028.50 ,2018/11/29,NO1801887
A1197,1028.50 ,2018/11/29,NO1801825
A1229,1028.50 ,2018/12/03,DE1803259
A1291,1028.50 ,2018/12/03,DE1808376
A0377,1028.50 ,2018/12/04,DE1800018
A0429,1028.50 ,2018/12/11,DE1807134
A1210,1028.50 ,2018/12/11,DE1800583
A0922,1028.50 ,2018/12/11,DE1802040
A1169,1028.50 ,2018/12/12,DE1808474
A0519,1028.50 ,2018/12/13,DE1804628
A0997,1028.50 ,2018/12/14,DE1801191
A1161,1028.50 ,2018/12/17,DE1806243
A1095,1028.50 ,2018/12/20,DE1800410
A0670,1028.50 ,2018/12/21,DE1801824
A1039,1028.50 ,2018/12/24,DE1800825
A0625,1028.50 ,2018/12/28,DE1804720
A0694,1028.50 ,2018/12/28,DE1806592
A1338,1028.50 ,2018/12/31,DE1804697
A0917,1028.50 ,2019/01/01,JA1908188
A1371,411.40 ,2018/01/02,JA1802973
A0799,411.40 ,2018/01/03,JA1801416
A1353,411.40 ,2018/01/04,JA1803326
A1301,411.40 ,2018/01/08,JA1804303
A0422,411.40 ,2018/01/10,JA1801003
A0414,411.40 ,2018/01/11,JA1803899
A0471,411.40 ,2018/01/12,JA1805974
A1277,411.40 ,2018/01/15,JA1803771
A0746,411.40 ,2018/01/16,JA1806704
A0356,411.40 ,2018/01/17,JA1801083
A0806,411.40 ,2018/01/18,JA1800116
A0897,411.40 ,2018/01/19,JA1805550
A0870,411.40 ,2018/01/23,JA1808871
A0890,411.40 ,2018/01/23,JA1800305
A1167,411.40 ,2018/01/23,JA1806065
A0928,411.40 ,2018/01/24,JA1805178
A0357,411.40 ,2018/01/24,JA1802340
A1035,411.40 ,2018/01/25,JA1806183
A0743,411.40 ,2018/01/26,JA1803829
A0704,411.40 ,2018/01/29,JA1800969
A0690,411.40 ,2018/01/31,JA1803603
A0387,411.40 ,2018/02/02,FE1807290
A1225,411.40 ,2018/02/02,FE1801300
A1239,411.40 ,2018/02/05,FE1800715
A1133,411.40 ,2018/02/07,FE1803070
A0530,411.40 ,2018/02/07,FE1804077
A1240,411.40 ,2018/02/07,FE1809047
A0531,411.40 ,2018/02/07,FE1802518
A1142,411.40 ,2018/02/08,FE1805335
A1307,411.40 ,2018/02/14,FE1808147
A1331,411.40 ,2018/02/15,FE1808785
A0473,411.40 ,2018/02/15,FE1802279
A0763,411.40 ,2018/02/20,FE1801709
A1118,411.40 ,2018/02/21,FE1806169
A0393,411.40 ,2018/02/22,FE1807970
A0632,411.40 ,2018/02/22,FE1801614
A1413,411.40 ,2018/02/22,FE1803920
A0982,411.40 ,2018/02/26,FE1809364
A0720,411.40 ,2018/02/27,FE1805629
A1297,411.40 ,2018/02/28,FE1802731
A1163,411.40 ,2018/02/28,FE1800482
A1195,411.40 ,2018/03/01,MA1808382
A1178,411.40 ,2018/03/01,MA1808132
A0716,411.40 ,2018/11/02,NO1805652
A0548,411.40 ,2018/11/05,NO1801134
A1162,411.40 ,2018/11/07,NO1803671
A0824,411.40 ,2018/11/08,NO1801770
A0611,411.40 ,2018/11/09,NO1803213
A0978,411.40 ,2018/11/12,NO1808912
A1313,411.40 ,2018/11/13,NO1803770
A1343,411.40 ,2018/11/15,NO1803988
A0463,411.40 ,2018/11/15,NO1803132
A1002,411.40 ,2018/11/15,NO1807100
A0587,411.40 ,2018/11/19,NO1802893
A0407,411.40 ,2018/11/19,NO1803789
A1186,411.40 ,2018/11/20,NO1805158
A0731,411.40 ,2018/11/21,NO1802064
A0470,411.40 ,2018/12/03,DE1800543
A1020,411.40 ,2018/12/05,DE1805461
A0582,411.40 ,2018/12/06,DE1808817
A0464,411.40 ,2018/12/10,DE1801249
A0743,411.40 ,2018/12/11,DE1804526
A0883,411.40 ,2018/12/11,DE1801068
A1410,411.40 ,2018/12/13,DE1807434
A0965,411.40 ,2018/12/18,DE1806402
A0633,411.40 ,2018/12/19,DE1807722
A0695,411.40 ,2018/12/20,DE1802673
A1332,411.40 ,2018/12/20,DE1806835
A0574,411.40 ,2018/12/20,DE1804959
A1286,411.40 ,2018/12/21,DE1804105
A0385,411.40 ,2018/12/24,DE1808644
A1371,411.40 ,2018/12/27,DE1803405
A1409,411.40 ,2018/12/28,DE1806063
A0372,411.40 ,2018/12/31,DE1807236
A0531,411.40 ,2019/01/01,JA1906514
A0426,411.40 ,2019/01/01,JA1901506
A0587,2121.67 ,2018/02/26,FE1805427
A1161,2121.67 ,2018/03/01,MA1803766
A1326,2121.67 ,2018/03/02,MA1802227
A0819,2121.67 ,2018/03/06,MA1805978
A0978,2121.67 ,2018/03/07,MA1805506
A0798,2121.67 ,2018/03/08,MA1806115
A1162,2121.67 ,2018/03/08,MA1807943
A0635,2121.67 ,2018/03/09,MA1805281
A1037,2121.67 ,2018/03/09,MA1807310
A0795,2121.67 ,2018/03/09,MA1805248
A0403,2121.67 ,2018/03/09,MA1806009
A1236,2121.67 ,2018/03/09,MA1805527
A1214,2121.67 ,2018/03/12,MA1808171
A1151,2121.67 ,2018/03/14,MA1802803
A0414,2121.67 ,2018/03/15,MA1804704
A1307,2121.67 ,2018/03/15,MA1802891
A0414,2121.67 ,2018/03/16,MA1805796
A1029,2121.67 ,2018/03/16,MA1807322
A1277,2121.67 ,2018/03/19,MA1801953
A0502,2121.67 ,2018/03/19,MA1805747
A0925,2121.67 ,2018/03/20,MA1805914
A0778,2121.67 ,2018/03/21,MA1805666
A1270,2121.67 ,2018/03/21,MA1806496
A0826,2121.67 ,2018/03/21,MA1802828
A1406,2121.67 ,2018/03/22,MA1805849
A1360,2121.67 ,2018/03/23,MA1804719
A0493,2121.67 ,2018/03/26,MA1804673
A1341,2121.67 ,2018/03/27,MA1806212
A1278,2121.67 ,2018/03/27,MA1806285
A0665,2121.67 ,2018/03/28,MA1808505
A0633,2121.67 ,2018/03/28,MA1807865
A0657,2121.67 ,2018/03/29,MA1801933
A0838,2121.67 ,2018/03/30,MA1800536
A1094,2121.67 ,2018/10/01,OC1802454
A1064,2121.67 ,2018/10/01,OC1804971
A0450,2121.67 ,2018/10/01,OC1805465
A1277,2121.67 ,2018/10/02,OC1803492
A1049,2121.67 ,2018/10/04,OC1800821
A0657,2121.67 ,2018/10/05,OC1806901
A0371,2121.67 ,2018/10/08,OC1800936
A0415,2121.67 ,2018/10/08,OC1808300
A1345,2121.67 ,2018/10/09,OC1802542
A1120,2121.67 ,2018/10/09,OC1801665
A0763,2121.67 ,2018/10/09,OC1807999
A0480,2121.67 ,2018/10/09,OC1806134
A1101,2121.67 ,2018/10/10,OC1806562
A1139,2121.67 ,2018/10/10,OC1808000
A1345,2121.67 ,2018/10/11,OC1805440
A0776,2121.67 ,2018/10/12,OC1802199
A0880,2121.67 ,2018/10/12,OC1804597
A0749,2121.67 ,2018/10/12,OC1800582
A1110,2121.67 ,2018/10/15,OC1807359
A0799,2121.67 ,2018/10/15,OC1807026
A1361,2121.67 ,2018/10/15,OC1803040
A0778,2121.67 ,2018/10/17,OC1803102
A0850,2121.67 ,2018/10/18,OC1802118
A1419,2121.67 ,2018/10/18,OC1803585
A1020,2121.67 ,2018/10/19,OC1807552
A1078,2121.67 ,2018/10/22,OC1804283
A0877,2121.67 ,2018/10/22,OC1808142
A1412,2121.67 ,2018/10/22,OC1805254
A0371,2121.67 ,2018/10/23,OC1809173
A0377,2121.67 ,2018/10/24,OC1800688
A0637,2121.67 ,2018/10/25,OC1804556
A1401,2121.67 ,2018/10/25,OC1800339
A1113,2121.67 ,2018/10/26,OC1809240
A0835,2121.67 ,2018/10/26,OC1805870
A0937,2121.67 ,2018/10/26,OC1804140
A0743,2121.67 ,2018/10/26,OC1803969
A0514,2121.67 ,2018/10/29,OC1802704
A0390,2121.67 ,2018/10/29,OC1801157
A1290,2121.67 ,2018/10/29,OC1801218
A0607,2121.67 ,2018/10/29,OC1800447
A0716,2121.67 ,2018/10/30,OC1809045
A1007,2121.67 ,2018/10/31,OC1803053
A1336,658.24 ,2018/01/01,JA1805774
A1181,658.24 ,2018/01/02,JA1803143
A1323,658.24 ,2018/01/02,JA1808583
A1085,658.24 ,2018/01/04,JA1805669
A1341,658.24 ,2018/01/09,JA1802853
A1306,658.24 ,2018/01/09,JA1801827
A1167,658.24 ,2018/01/10,JA1802616
A0519,658.24 ,2018/01/11,JA1800247
A1137,658.24 ,2018/01/12,JA1807016
A1197,658.24 ,2018/01/12,JA1806146
A1314,658.24 ,2018/01/16,JA1805554
A1226,658.24 ,2018/01/18,JA1807131
A1343,658.24 ,2018/01/19,JA1808175
A0385,658.24 ,2018/01/23,JA1801438
A0763,658.24 ,2018/01/24,JA1802718
A0557,658.24 ,2018/01/24,JA1808732
A0575,658.24 ,2018/01/26,JA1807755
A0463,658.24 ,2018/01/31,JA1802314
A0574,658.24 ,2018/02/01,FE1804797
A0657,658.24 ,2018/02/02,FE1803493
A0582,658.24 ,2018/02/02,FE1800456
A0859,658.24 ,2018/02/06,FE1803653
A1116,658.24 ,2018/02/07,FE1808805
A0987,658.24 ,2018/02/08,FE1808318
A1057,658.24 ,2018/02/12,FE1802452
A0761,658.24 ,2018/02/12,FE1809172
A0493,658.24 ,2018/02/12,FE1801738
A0863,658.24 ,2018/02/13,FE1802097
A0724,658.24 ,2018/02/13,FE1802110
A0474,658.24 ,2018/02/16,FE1804609
A0821,658.24 ,2018/02/23,FE1804934
A0629,658.24 ,2018/02/23,FE1806982
A0472,658.24 ,2018/02/23,FE1801881
A1292,658.24 ,2018/02/28,FE1807228
A0880,658.24 ,2018/11/01,NO1801122
A0503,658.24 ,2018/11/01,NO1807054
A1197,658.24 ,2018/11/01,NO1800897
A0835,658.24 ,2018/11/02,NO1805097
A0632,658.24 ,2018/11/02,NO1801657
A0587,658.24 ,2018/11/02,NO1806566
A0943,658.24 ,2018/11/02,NO1804516
A0881,658.24 ,2018/11/06,NO1802741
A0905,658.24 ,2018/11/07,NO1802600
A0497,658.24 ,2018/11/07,NO1804667
A0667,658.24 ,2018/11/08,NO1806309
A0353,658.24 ,2018/11/08,NO1804351
A0544,658.24 ,2018/11/14,NO1804428
A0625,658.24 ,2018/11/15,NO1806731
A0923,658.24 ,2018/11/16,NO1804546
A0665,658.24 ,2018/11/16,NO1805739
A1146,658.24 ,2018/11/16,NO1800952
A0531,658.24 ,2018/11/19,NO1805259
A1240,658.24 ,2018/11/23,NO1802109
A1338,658.24 ,2018/11/23,NO1802260
A0949,658.24 ,2018/11/26,NO1800963
A1411,658.24 ,2018/11/27,NO1800201
A0993,658.24 ,2018/11/27,NO1809182
A1178,658.24 ,2018/11/28,NO1800899
A1278,658.24 ,2018/11/29,NO1801604
A0569,658.24 ,2018/11/30,NO1804829
A1089,658.24 ,2018/11/30,NO1809233
A0512,658.24 ,2018/12/03,DE1809102
A1211,658.24 ,2018/12/04,DE1800924
A1286,658.24 ,2018/12/05,DE1801396
A1058,658.24 ,2018/12/11,DE1805024
A0930,658.24 ,2018/12/11,DE1804702
A0947,658.24 ,2018/12/13,DE1800067
A1038,658.24 ,2018/12/13,DE1808067
A1390,658.24 ,2018/12/17,DE1804951
A1311,658.24 ,2018/12/18,DE1800613
A0371,658.24 ,2018/12/18,DE1808675
A0833,658.24 ,2018/12/21,DE1805840
A0446,658.24 ,2018/12/24,DE1807208
A0581,658.24 ,2018/12/25,DE1808498
A1323,658.24 ,2018/12/31,DE1809006
A0852,1008.22 ,2018/04/03,AP1808720
A0353,1008.22 ,2018/04/04,AP1801301
A0494,1008.22 ,2018/04/05,AP1805483
A0897,1008.22 ,2018/04/06,AP1807003
A0996,1008.22 ,2018/04/06,AP1808529
A0933,1008.22 ,2018/04/13,AP1805657
A0548,1008.22 ,2018/04/16,AP1805491
A1419,1008.22 ,2018/04/18,AP1802779
A1064,1008.22 ,2018/04/19,AP1808341
A1316,1008.22 ,2018/04/23,AP1808789
A0990,1008.22 ,2018/04/25,AP1809304
A0463,1008.22 ,2018/04/26,AP1806043
A0747,1008.22 ,2018/05/02,MA1804340
A0842,1008.22 ,2018/05/07,MA1805357
A1301,1008.22 ,2018/05/10,MA1803967
A0500,1008.22 ,2018/05/11,MA1809159
A1035,1008.22 ,2018/05/15,MA1807334
A0852,1008.22 ,2018/05/18,MA1809301
A0429,1008.22 ,2018/05/21,MA1805839
A1089,1008.22 ,2018/05/21,MA1802309
A0846,1008.22 ,2018/05/22,MA1800681
A1204,1008.22 ,2018/05/24,MA1804757
A0387,1008.22 ,2018/05/25,MA1803356
A0705,1008.22 ,2018/05/25,MA1801596
A1274,1008.22 ,2018/05/29,MA1808870
A1068,1008.22 ,2018/05/29,MA1808202
A0738,1008.22 ,2018/06/04,JU1802058
A1032,1008.22 ,2018/06/05,JU1807181
A1212,1008.22 ,2018/06/06,JU1809336
A0892,1008.22 ,2018/06/08,JU1800858
A0990,1008.22 ,2018/06/08,JU1805997
A0529,1008.22 ,2018/06/13,JU1802115
A0556,1008.22 ,2018/06/14,JU1804089
A0377,1008.22 ,2018/06/14,JU1808368
A1408,1008.22 ,2018/06/14,JU1800020
A0422,1008.22 ,2018/06/19,JU1805468
A0534,1008.22 ,2018/06/20,JU1801098
A1419,1008.22 ,2018/06/25,JU1807039
A1313,1008.22 ,2018/06/27,JU1809185
A0649,1008.22 ,2018/07/30,JU1806000
A0557,1008.22 ,2018/08/02,AU1805857
A1270,1008.22 ,2018/08/03,AU1804849
A1062,1008.22 ,2018/08/06,AU1804661
A0414,1008.22 ,2018/08/10,AU1809096
A1014,1008.22 ,2018/08/13,AU1801513
A1407,1008.22 ,2018/08/13,AU1808231
A0603,1008.22 ,2018/08/15,AU1802942
A1244,1008.22 ,2018/08/16,AU1807679
A1232,1008.22 ,2018/08/16,AU1802271
A1133,1008.22 ,2018/08/16,AU1801092
A0637,1008.22 ,2018/08/17,AU1804119
A0722,1008.22 ,2018/08/20,AU1802564
A0852,1008.22 ,2018/08/20,AU1802879
A0919,1008.22 ,2018/08/27,AU1801257
A1348,1008.22 ,2018/08/27,AU1804659
A0407,1008.22 ,2018/08/28,AU1806596
A0496,1008.22 ,2018/08/28,AU1804705
A0403,1008.22 ,2018/08/31,AU1804696
A0715,1008.22 ,2018/09/04,SE1800572
A0513,1008.22 ,2018/09/04,SE1806879
A0905,1008.22 ,2018/09/05,SE1805278
A1133,1008.22 ,2018/09/07,SE1800477
A0746,1008.22 ,2018/09/10,SE1808129
A0993,1008.22 ,2018/09/10,SE1800264
A0630,1008.22 ,2018/09/10,SE1805906
A0707,1008.22 ,2018/09/12,SE1806081
A0350,1008.22 ,2018/09/17,SE1809144
A0503,1008.22 ,2018/09/18,SE1808754
A0457,1008.22 ,2018/09/19,SE1803159
A0625,1008.22 ,2018/09/19,SE1807783
A0607,1008.22 ,2018/09/20,SE1800675
A1348,1008.22 ,2018/09/21,SE1809380
A0353,1008.22 ,2018/09/28,SE1802470
A1164,1008.22 ,2018/10/05,OC1809224
A0786,1892.35 ,2018/01/01,JA1801197
A0732,1892.35 ,2018/01/02,JA1806384
A0382,1892.35 ,2018/01/04,JA1800499
A0387,1892.35 ,2018/01/05,JA1805039
A1230,1892.35 ,2018/01/05,JA1801710
A1036,1892.35 ,2018/01/09,JA1803318
A1103,1892.35 ,2018/01/12,JA1800105
A1314,1892.35 ,2018/01/17,JA1805141
A0720,1892.35 ,2018/01/17,JA1800895
A0927,1892.35 ,2018/01/17,JA1806985
A0665,1892.35 ,2018/01/18,JA1804103
A1305,1892.35 ,2018/01/22,JA1808012
A1036,1892.35 ,2018/01/23,JA1800651
A0977,1892.35 ,2018/01/23,JA1802500
A0511,1892.35 ,2018/01/24,JA1802035
A0919,1892.35 ,2018/01/25,JA1806663
A0799,1892.35 ,2018/01/26,JA1803619
A0806,1892.35 ,2018/01/26,JA1800097
A1302,1892.35 ,2018/01/29,JA1806207
A1210,1892.35 ,2018/01/29,JA1807116
A0722,1892.35 ,2018/01/31,JA1808266
A1402,1892.35 ,2018/02/06,FE1801081
A0881,1892.35 ,2018/02/06,FE1800358
A1228,1892.35 ,2018/02/07,FE1807795
A1257,1892.35 ,2018/02/07,FE1802555
A1142,1892.35 ,2018/02/08,FE1806897
A0616,1892.35 ,2018/02/08,FE1809180
A1305,1892.35 ,2018/02/12,FE1800005
A1129,1892.35 ,2018/02/13,FE1802895
A0557,1892.35 ,2018/02/14,FE1804389
A0824,1892.35 ,2018/02/15,FE1808741
A0893,1892.35 ,2018/02/19,FE1801968
A1202,1892.35 ,2018/02/19,FE1800175
A1349,1892.35 ,2018/02/22,FE1808085
A0824,1892.35 ,2018/02/23,FE1808152
A0506,1892.35 ,2018/02/26,FE1800815
A0747,1892.35 ,2018/02/27,FE1808627
A1299,1892.35 ,2018/02/27,FE1805718
A0720,1892.35 ,2018/03/01,MA1803444
A0438,1892.35 ,2018/11/01,NO1808509
A1215,1892.35 ,2018/11/01,NO1804317
A0512,1892.35 ,2018/11/05,NO1805778
A1003,1892.35 ,2018/11/06,NO1808008
A1063,1892.35 ,2018/11/12,NO1802593
A1412,1892.35 ,2018/11/14,NO1807346
A1065,1892.35 ,2018/11/15,NO1806416
A1270,1892.35 ,2018/11/15,NO1805447
A0478,1892.35 ,2018/11/16,NO1808884
A1202,1892.35 ,2018/11/19,NO1800799
A0681,1892.35 ,2018/11/20,NO1802289
A1100,1892.35 ,2018/11/22,NO1802349
A1011,1892.35 ,2018/11/26,NO1802832
A0503,1892.35 ,2018/11/27,NO1807608
A0593,1892.35 ,2018/11/27,NO1803940
A0517,1892.35 ,2018/11/29,NO1806633
A1240,1892.35 ,2018/11/30,NO1800452
A0531,1892.35 ,2018/11/30,NO1804711
A0743,1892.35 ,2018/12/04,DE1806075
A0385,1892.35 ,2018/12/04,DE1805319
A0810,1892.35 ,2018/12/05,DE1800925
A0800,1892.35 ,2018/12/06,DE1807090
A0467,1892.35 ,2018/12/07,DE1802632
A1072,1892.35 ,2018/12/07,DE1803367
A0419,1892.35 ,2018/12/07,DE1806747
A0747,1892.35 ,2018/12/10,DE1809227
A1058,1892.35 ,2018/12/12,DE1803545
A0906,1892.35 ,2018/12/13,DE1804761
A0592,1892.35 ,2018/12/14,DE1805942
A0513,1892.35 ,2018/12/19,DE1806189
A1254,1892.35 ,2018/12/20,DE1807773
A1225,1892.35 ,2018/12/20,DE1808395
A1282,1892.35 ,2018/12/25,DE1802482
A1129,1892.35 ,2018/12/26,DE1807898
A0760,1892.35 ,2018/12/31,DE1801367
A1369,913.42 ,2018/01/02,JA1804872
A0764,913.42 ,2018/01/04,JA1805605
A0412,913.42 ,2018/01/04,JA1803012
A1167,913.42 ,2018/01/04,JA1800908
A1167,913.42 ,2018/01/10,JA1804255
A1242,913.42 ,2018/01/11,JA1805969
A0713,913.42 ,2018/01/12,JA1801479
A1370,913.42 ,2018/01/12,JA1800258
A1420,913.42 ,2018/01/12,JA1802975
A0987,913.42 ,2018/01/16,JA1800797
A0946,913.42 ,2018/01/18,JA1804406
A1319,913.42 ,2018/01/19,JA1808079
A1278,913.42 ,2018/01/23,JA1800714
A0970,913.42 ,2018/01/24,JA1808490
A0506,913.42 ,2018/01/24,JA1808432
A1050,913.42 ,2018/01/25,JA1804553
A0890,913.42 ,2018/01/29,JA1806246
A1216,913.42 ,2018/01/30,JA1807274
A1130,913.42 ,2018/01/30,JA1808997
A1130,913.42 ,2018/01/30,JA1801538
A1270,913.42 ,2018/01/30,JA1803518
A1362,913.42 ,2018/02/01,FE1802399
A0853,913.42 ,2018/02/01,FE1804584
A1058,913.42 ,2018/02/02,FE1800737
A0681,913.42 ,2018/02/05,FE1805296
A0655,913.42 ,2018/02/07,FE1802288
A0773,913.42 ,2018/02/08,FE1806677
A0878,913.42 ,2018/02/09,FE1808198
A1296,913.42 ,2018/02/13,FE1805303
A1236,913.42 ,2018/02/13,FE1801860
A0764,913.42 ,2018/02/13,FE1806024
A0821,913.42 ,2018/02/15,FE1801221
A1274,913.42 ,2018/02/16,FE1807525
A0382,913.42 ,2018/02/16,FE1803578
A0428,913.42 ,2018/02/16,FE1801015
A0845,913.42 ,2018/02/20,FE1809303
A0977,913.42 ,2018/02/20,FE1801923
A0761,913.42 ,2018/02/21,FE1805145
A1055,913.42 ,2018/02/21,FE1808685
A0493,913.42 ,2018/02/23,FE1804616
A0438,913.42 ,2018/02/26,FE1808507
A0458,913.42 ,2018/11/02,NO1809118
A0881,913.42 ,2018/11/08,NO1808908
A0436,913.42 ,2018/11/12,NO1806668
A0369,913.42 ,2018/11/13,NO1805444
A0438,913.42 ,2018/11/13,NO1801297
A1311,913.42 ,2018/11/14,NO1801005
A1110,913.42 ,2018/11/15,NO1803497
A1403,913.42 ,2018/11/22,NO1801638
A1064,913.42 ,2018/11/23,NO1806555
A0643,913.42 ,2018/11/23,NO1800656
A1236,913.42 ,2018/11/27,NO1803209
A0428,913.42 ,2018/11/27,NO1803153
A1036,913.42 ,2018/11/28,NO1800624
A0946,913.42 ,2018/11/28,NO1800673
A0905,913.42 ,2018/11/28,NO1807516
A1197,913.42 ,2018/11/29,NO1805108
A0660,913.42 ,2018/11/30,NO1801153
A1204,913.42 ,2018/11/30,NO1807435
A1353,913.42 ,2018/12/03,DE1806276
A1360,913.42 ,2018/12/03,DE1805512
A0380,913.42 ,2018/12/05,DE1806059
A1237,913.42 ,2018/12/06,DE1802029
A0408,913.42 ,2018/12/06,DE1805841
A0892,913.42 ,2018/12/11,DE1807444
A1316,913.42 ,2018/12/13,DE1800298
A0506,913.42 ,2018/12/19,DE1806984
A0633,913.42 ,2018/12/19,DE1803676
A1412,913.42 ,2018/12/20,DE1802791
A1230,913.42 ,2018/12/27,DE1802750
A0503,913.42 ,2018/12/28,DE1808518
A0815,913.42 ,2018/12/31,DE1809181
A1065,913.42 ,2018/12/31,DE1803162
A1307,913.42 ,2018/12/31,DE1803943
A0725,1489.75 ,2018/04/02,AP1801706
A0616,1489.75 ,2018/04/02,AP1803498
A1334,1489.75 ,2018/04/02,AP1801715
A1067,1489.75 ,2018/04/04,AP1805793
A1003,1489.75 ,2018/04/04,AP1806347
A0946,1489.75 ,2018/04/05,AP1803099
A0922,1489.75 ,2018/04/11,AP1806466
A1202,1489.75 ,2018/04/16,AP1801891
A0377,1489.75 ,2018/04/16,AP1805066
A0878,1489.75 ,2018/04/19,AP1807619
A0811,1489.75 ,2018/04/25,AP1806869
A0458,1489.75 ,2018/04/25,AP1804539
A1271,1489.75 ,2018/04/25,AP1800215
A0846,1489.75 ,2018/04/26,AP1802084
A1216,1489.75 ,2018/05/01,MA1801214
A0816,1489.75 ,2018/05/02,MA1804450
A1202,1489.75 ,2018/05/02,MA1805956
A0582,1489.75 ,2018/05/04,MA1803654
A1302,1489.75 ,2018/05/07,MA1809283
A0458,1489.75 ,2018/05/07,MA1802178
A0743,1489.75 ,2018/05/07,MA1809294
A0821,1489.75 ,2018/05/10,MA1808291
A0557,1489.75 ,2018/05/10,MA1802063
A0357,1489.75 ,2018/05/15,MA1805549
A1343,1489.75 ,2018/05/15,MA1802946
A1187,1489.75 ,2018/05/16,MA1801262
A1337,1489.75 ,2018/05/16,MA1804528
A0749,1489.75 ,2018/05/16,MA1800472
A1130,1489.75 ,2018/05/18,MA1804454
A0544,1489.75 ,2018/05/21,MA1801020
A1229,1489.75 ,2018/05/24,MA1806013
A1320,1489.75 ,2018/05/25,MA1800595
A0582,1489.75 ,2018/05/25,MA1802273
A1153,1489.75 ,2018/05/30,MA1808648
A0679,1489.75 ,2018/05/31,MA1801846
A1202,1489.75 ,2018/06/04,JU1800811
A0977,1489.75 ,2018/06/05,JU1809228
A1255,1489.75 ,2018/06/06,JU1804968
A0943,1489.75 ,2018/06/13,JU1800898
A1020,1489.75 ,2018/06/13,JU1808756
A1164,1489.75 ,2018/06/20,JU1800185
A0457,1489.75 ,2018/06/25,JU1803802
A0961,1489.75 ,2018/06/28,JU1803768
A0853,1489.75 ,2018/08/02,AU1806256
A1020,1489.75 ,2018/08/02,AU1804892
A1226,1489.75 ,2018/08/06,AU1807798
A1248,1489.75 ,2018/08/07,AU1807010
A0429,1489.75 ,2018/08/09,AU1805148
A0494,1489.75 ,2018/08/13,AU1806541
A1278,1489.75 ,2018/08/16,AU1803569
A1237,1489.75 ,2018/08/21,AU1804270
A0545,1489.75 ,2018/08/22,AU1801288
A0854,1489.75 ,2018/08/28,AU1806771
A1100,1489.75 ,2018/08/29,AU1809354
A1251,1489.75 ,2018/09/03,SE1804927
A0640,1489.75 ,2018/09/03,SE1804334
A1307,1489.75 ,2018/09/04,SE1806387
A1170,1489.75 ,2018/09/10,SE1808802
A0946,1489.75 ,2018/09/10,SE1805045
A0807,1489.75 ,2018/09/11,SE1809008
A0765,1489.75 ,2018/09/17,SE1804362
A0681,1489.75 ,2018/09/17,SE1802163
A1302,1489.75 ,2018/09/18,SE1803731
A1256,1489.75 ,2018/09/20,SE1800397
A1144,1489.75 ,2018/09/21,SE1800030
A0423,1489.75 ,2018/09/25,SE1803406
A1147,1489.75 ,2018/09/27,SE1804221
A0383,1489.75 ,2018/09/27,SE1804772
A0853,1489.75 ,2018/09/27,SE1809001
A1176,1489.75 ,2018/09/28,SE1802926
A1337,954.62 ,2018/03/02,MA1805036
A1329,954.62 ,2018/03/02,MA1808454
A0632,954.62 ,2018/03/02,MA1805900
A0459,954.62 ,2018/03/02,MA1805639
A0962,954.62 ,2018/03/02,MA1808755
A0544,954.62 ,2018/03/05,MA1809081
A1334,954.62 ,2018/03/06,MA1807232
A0879,954.62 ,2018/03/07,MA1804630
A0883,954.62 ,2018/03/09,MA1805279
A0764,954.62 ,2018/03/09,MA1801606
A0934,954.62 ,2018/03/14,MA1808981
A0529,954.62 ,2018/03/14,MA1800232
A1214,954.62 ,2018/03/14,MA1803928
A1230,954.62 ,2018/03/15,MA1807542
A0920,954.62 ,2018/03/16,MA1805676
A1108,954.62 ,2018/03/19,MA1807146
A1193,954.62 ,2018/03/19,MA1807694
A0870,954.62 ,2018/03/21,MA1805833
A0795,954.62 ,2018/03/21,MA1802015
A0686,954.62 ,2018/03/21,MA1804857
A1333,954.62 ,2018/03/22,MA1805356
A0808,954.62 ,2018/03/23,MA1805215
A1201,954.62 ,2018/03/23,MA1807793
A0708,954.62 ,2018/03/27,MA1803190
A1002,954.62 ,2018/03/27,MA1801041
A0887,954.62 ,2018/03/27,MA1802908
A0419,954.62 ,2018/03/27,MA1804641
A0933,954.62 ,2018/03/27,MA1802817
A1210,954.62 ,2018/03/28,MA1803537
A0737,954.62 ,2018/03/28,MA1807077
A0932,954.62 ,2018/03/28,MA1807109
A1395,954.62 ,2018/03/28,MA1804252
A0395,954.62 ,2018/03/29,MA1801576
A0952,954.62 ,2018/03/29,MA1800566
A0382,954.62 ,2018/03/30,MA1802643
A1153,954.62 ,2018/03/30,MA1807522
A1371,954.62 ,2018/10/01,OC1802198
A0399,954.62 ,2018/10/02,OC1807450
A1129,954.62 ,2018/10/05,OC1803034
A0459,954.62 ,2018/10/05,OC1800995
A0429,954.62 ,2018/10/05,OC1804944
A1167,954.62 ,2018/10/08,OC1803400
A0436,954.62 ,2018/10/09,OC1805858
A0761,954.62 ,2018/10/09,OC1803700
A0356,954.62 ,2018/10/11,OC1807463
A0388,954.62 ,2018/10/11,OC1803071
A0738,954.62 ,2018/10/12,OC1802505
A0643,954.62 ,2018/10/12,OC1804280
A1215,954.62 ,2018/10/15,OC1802546
A1020,954.62 ,2018/10/16,OC1806539
A1130,954.62 ,2018/10/17,OC1807458
A1357,954.62 ,2018/10/18,OC1805984
A0422,954.62 ,2018/10/19,OC1800781
A1292,954.62 ,2018/10/22,OC1800778
A0657,954.62 ,2018/10/22,OC1805202
A1079,954.62 ,2018/10/22,OC1802602
A1067,954.62 ,2018/10/24,OC1801811
A0641,954.62 ,2018/10/24,OC1807403
A0412,954.62 ,2018/10/25,OC1805341
A0408,954.62 ,2018/10/25,OC1801229
A1054,954.62 ,2018/10/26,OC1805297
A1313,954.62 ,2018/10/26,OC1800545
A1313,954.62 ,2018/10/26,OC1803228
A0486,954.62 ,2018/10/29,OC1808325
A0738,954.62 ,2018/10/30,OC1807390
A0536,954.62 ,2018/10/31,OC1809204
A1030,954.62 ,2018/10/31,OC1805170
A1211,954.62 ,2018/10/31,OC1801233
A1311,954.62 ,2018/10/31,OC1804337
A1153,1379.84 ,2018/01/02,JA1808305
A0879,1379.84 ,2018/01/03,JA1808145
A0578,1379.84 ,2018/01/04,JA1802484
A0949,1379.84 ,2018/01/05,JA1805058
A0534,1379.84 ,2018/01/05,JA1802153
A0529,1379.84 ,2018/01/08,JA1804368
A1348,1379.84 ,2018/01/10,JA1805150
A1163,1379.84 ,2018/01/11,JA1803505
A0369,1379.84 ,2018/01/11,JA1805096
A1133,1379.84 ,2018/01/18,JA1803387
A1036,1379.84 ,2018/01/19,JA1803616
A0862,1379.84 ,2018/01/23,JA1801853
A0433,1379.84 ,2018/01/23,JA1804473
A0760,1379.84 ,2018/01/25,JA1808535
A1160,1379.84 ,2018/01/25,JA1804973
A1056,1379.84 ,2018/01/30,JA1808264
A0934,1379.84 ,2018/01/31,JA1802382
A1202,1379.84 ,2018/02/05,FE1805268
A1059,1379.84 ,2018/02/05,FE1808621
A0893,1379.84 ,2018/02/06,FE1808475
A0471,1379.84 ,2018/02/07,FE1809029
A0582,1379.84 ,2018/02/08,FE1803089
A1160,1379.84 ,2018/02/09,FE1804746
A0879,1379.84 ,2018/02/12,FE1805272
A0546,1379.84 ,2018/02/13,FE1804482
A1420,1379.84 ,2018/02/13,FE1802466
A0724,1379.84 ,2018/02/14,FE1803283
A1416,1379.84 ,2018/02/15,FE1802387
A0625,1379.84 ,2018/02/20,FE1802603
A0994,1379.84 ,2018/02/20,FE1809210
A0764,1379.84 ,2018/02/20,FE1800216
A1358,1379.84 ,2018/02/23,FE1805245
A0870,1379.84 ,2018/02/26,FE1800665
A1290,1379.84 ,2018/02/26,FE1807011
A1362,1379.84 ,2018/02/26,FE1806812
A0880,1379.84 ,2018/02/27,FE1800494
A1160,1379.84 ,2018/02/27,FE1803069
A0377,1379.84 ,2018/11/01,NO1803860
A1188,1379.84 ,2018/11/01,NO1800162
A1338,1379.84 ,2018/11/01,NO1803808
A0819,1379.84 ,2018/11/07,NO1803100
A0724,1379.84 ,2018/11/07,NO1804274
A1338,1379.84 ,2018/11/07,NO1808766
A0679,1379.84 ,2018/11/07,NO1802339
A0480,1379.84 ,2018/11/08,NO1806394
A1338,1379.84 ,2018/11/13,NO1801432
A0743,1379.84 ,2018/11/13,NO1806910
A0754,1379.84 ,2018/11/14,NO1808389
A0436,1379.84 ,2018/11/16,NO1804298
A1217,1379.84 ,2018/11/22,NO1802070
A1160,1379.84 ,2018/11/28,NO1808642
A0982,1379.84 ,2018/11/29,NO1801025
A0632,1379.84 ,2018/12/03,DE1804046
A0688,1379.84 ,2018/12/04,DE1807166
A0459,1379.84 ,2018/12/04,DE1807338
A0387,1379.84 ,2018/12/04,DE1801529
A1181,1379.84 ,2018/12/05,DE1800953
A1124,1379.84 ,2018/12/06,DE1804906
A1002,1379.84 ,2018/12/13,DE1809315
A1316,1379.84 ,2018/12/14,DE1806462
A1092,1379.84 ,2018/12/17,DE1804814
A0792,1379.84 ,2018/12/20,DE1801543
A0630,1379.84 ,2018/12/21,DE1804116
A0633,1379.84 ,2018/12/24,DE1800188
A1129,1379.84 ,2018/12/25,DE1802963
A1039,1379.84 ,2018/12/26,DE1803793
A1120,1379.84 ,2018/12/27,DE1809026
A0830,1379.84 ,2019/01/04,JA1906250
A0566,1978.16 ,2018/01/02,JA1800650
A0994,1978.16 ,2018/01/04,JA1805811
A1419,1978.16 ,2018/01/09,JA1802023
A1313,1978.16 ,2018/01/10,JA1802486
A0942,1978.16 ,2018/01/12,JA1800608
A0513,1978.16 ,2018/01/15,JA1803351
A1142,1978.16 ,2018/01/17,JA1808143
A0375,1978.16 ,2018/01/18,JA1806151
A1064,1978.16 ,2018/01/18,JA1805779
A0636,1978.16 ,2018/01/18,JA1806932
A0954,1978.16 ,2018/01/22,JA1801017
A0395,1978.16 ,2018/01/22,JA1805946
A1282,1978.16 ,2018/01/23,JA1802931
A0690,1978.16 ,2018/01/24,JA1806443
A0517,1978.16 ,2018/01/24,JA1803361
A1225,1978.16 ,2018/01/26,JA1808225
A0529,1978.16 ,2018/01/29,JA1804679
A1332,1978.16 ,2018/01/29,JA1807807
A0990,1978.16 ,2018/01/30,JA1802965
A1225,1978.16 ,2018/01/31,JA1805075
A0783,1978.16 ,2018/02/01,FE1803119
A0930,1978.16 ,2018/02/05,FE1805511
A0837,1978.16 ,2018/02/08,FE1801875
A0429,1978.16 ,2018/02/08,FE1800441
A0716,1978.16 ,2018/02/15,FE1803658
A1000,1978.16 ,2018/02/15,FE1802164
A0487,1978.16 ,2018/02/15,FE1804459
A0350,1978.16 ,2018/02/19,FE1807997
A0761,1978.16 ,2018/02/21,FE1805068
A0796,1978.16 ,2018/02/23,FE1807089
A1067,1978.16 ,2018/02/23,FE1805865
A1309,1978.16 ,2018/02/26,FE1808508
A1120,1978.16 ,2018/02/27,FE1802520
A1230,1978.16 ,2018/02/27,FE1808220
A0743,1978.16 ,2018/02/27,FE1800163
A1255,1978.16 ,2018/03/01,MA1805986
A0811,1978.16 ,2018/10/31,OC1800373
A0428,1978.16 ,2018/11/01,NO1806084
A0897,1978.16 ,2018/11/02,NO1800362
A1130,1978.16 ,2018/11/08,NO1801696
A0887,1978.16 ,2018/11/08,NO1803420
A1223,1978.16 ,2018/11/12,NO1802417
A0942,1978.16 ,2018/11/13,NO1800559
A0695,1978.16 ,2018/11/14,NO1803978
A0869,1978.16 ,2018/11/14,NO1802233
A0603,1978.16 ,2018/11/19,NO1809111
A0977,1978.16 ,2018/11/23,NO1801707
A1411,1978.16 ,2018/11/27,NO1806244
A0357,1978.16 ,2018/11/27,NO1806421
A0603,1978.16 ,2018/11/28,NO1803513
A1406,1978.16 ,2018/11/29,NO1802587
A0880,1978.16 ,2018/11/30,NO1801325
A0513,1978.16 ,2018/12/04,DE1801252
A0977,1978.16 ,2018/12/05,DE1805919
A1297,1978.16 ,2018/12/05,DE1800334
A1306,1978.16 ,2018/12/05,DE1809085
A1130,1978.16 ,2018/12/06,DE1801642
A0934,1978.16 ,2018/12/10,DE1806427
A1215,1978.16 ,2018/12/10,DE1805888
A0659,1978.16 ,2018/12/12,DE1805000
A0610,1978.16 ,2018/12/18,DE1804542
A0819,1978.16 ,2018/12/18,DE1804326
A1193,1978.16 ,2018/12/21,DE1806102
A1161,1978.16 ,2018/12/24,DE1805674
A0525,1978.16 ,2018/12/25,DE1807612
A0350,1978.16 ,2018/12/26,DE1808723
A0495,1978.16 ,2018/12/26,DE1805140
A0371,3612.50 ,2018/01/02,JA1803645
A0422,3612.50 ,2018/01/02,JA1803981
A1285,3612.50 ,2018/01/09,JA1805295
A0993,3612.50 ,2018/01/09,JA1804637
A0852,3612.50 ,2018/01/12,JA1803749
A1358,3612.50 ,2018/01/15,JA1808186
A0718,3612.50 ,2018/01/16,JA1804127
A1139,3612.50 ,2018/01/16,JA1803390
A0693,3612.50 ,2018/01/16,JA1804587
A0670,3612.50 ,2018/01/16,JA1807268
A1050,3612.50 ,2018/01/17,JA1800755
A0616,3612.50 ,2018/01/18,JA1805679
A0821,3612.50 ,2018/01/23,JA1802081
A0963,3612.50 ,2018/01/24,JA1802327
A0890,3612.50 ,2018/01/25,JA1801260
A0629,3612.50 ,2018/01/26,JA1800629
A0704,3612.50 ,2018/01/26,JA1800457
A1408,3612.50 ,2018/01/30,JA1806093
A1093,3612.50 ,2018/02/01,FE1800055
A0905,3612.50 ,2018/02/01,FE1801995
A0515,3612.50 ,2018/02/02,FE1806661
A1146,3612.50 ,2018/02/02,FE1808379
A0419,3612.50 ,2018/02/05,FE1806670
A0990,3612.50 ,2018/02/07,FE1807594
A1191,3612.50 ,2018/02/09,FE1800922
A0923,3612.50 ,2018/02/12,FE1802819
A0815,3612.50 ,2018/02/12,FE1806882
A0808,3612.50 ,2018/02/13,FE1805818
A0897,3612.50 ,2018/02/14,FE1807373
A0473,3612.50 ,2018/02/16,FE1807443
A1316,3612.50 ,2018/02/16,FE1800935
A1215,3612.50 ,2018/02/19,FE1803715
A0795,3612.50 ,2018/02/21,FE1805809
A0914,3612.50 ,2018/02/22,FE1804548
A0998,3612.50 ,2018/02/23,FE1804483
A0419,3612.50 ,2018/02/26,FE1802028
A1319,3612.50 ,2018/02/28,FE1801364
A0845,3612.50 ,2018/03/02,MA1806413
A0470,3612.50 ,2018/11/05,NO1801313
A0643,3612.50 ,2018/11/06,NO1807004
A0945,3612.50 ,2018/11/06,NO1807984
A0822,3612.50 ,2018/11/13,NO1802038
A0708,3612.50 ,2018/11/14,NO1803148
A0655,3612.50 ,2018/11/14,NO1805288
A0629,3612.50 ,2018/11/19,NO1805831
A0428,3612.50 ,2018/11/20,NO1807245
A0522,3612.50 ,2018/11/20,NO1800512
A1003,3612.50 ,2018/11/22,NO1806258
A0930,3612.50 ,2018/11/29,NO1801808
A1014,3612.50 ,2018/11/30,NO1802607
A0961,3612.50 ,2018/11/30,NO1808619
A0445,3612.50 ,2018/12/06,DE1801812
A0529,3612.50 ,2018/12/06,DE1806970
A1065,3612.50 ,2018/12/06,DE1806067
A1346,3612.50 ,2018/12/07,DE1801397
A0554,3612.50 ,2018/12/07,DE1806106
A0975,3612.50 ,2018/12/10,DE1800085
A0826,3612.50 ,2018/12/11,DE1803247
A0431,3612.50 ,2018/12/11,DE1801771
A1320,3612.50 ,2018/12/12,DE1807200
A1208,3612.50 ,2018/12/13,DE1804942
A0395,3612.50 ,2018/12/21,DE1803335
A1047,3612.50 ,2018/12/24,DE1809308
A0864,3612.50 ,2018/12/25,DE1808035
A1114,3612.50 ,2018/12/27,DE1803773
A0978,3612.50 ,2019/01/01,JA1907082
A0878,3612.50 ,2019/01/01,JA1904689
A1204,2016.43 ,2018/04/03,AP1808768
A0620,2016.43 ,2018/04/03,AP1807350
A0411,2016.43 ,2018/04/11,AP1801409
A0513,2016.43 ,2018/04/12,AP1801434
A0972,2016.43 ,2018/04/13,AP1806048
A0428,2016.43 ,2018/04/16,AP1807132
A0913,2016.43 ,2018/04/20,AP1801028
A0993,2016.43 ,2018/04/20,AP1803402
A0949,2016.43 ,2018/04/23,AP1806033
A0633,2016.43 ,2018/04/24,AP1809322
A0946,2016.43 ,2018/04/24,AP1802318
A1270,2016.43 ,2018/04/25,AP1807786
A0897,2016.43 ,2018/04/25,AP1807325
A0519,2016.43 ,2018/04/27,AP1804733
A1333,2016.43 ,2018/04/30,AP1800006
A0353,2016.43 ,2018/04/30,AP1805386
A1092,2016.43 ,2018/05/03,MA1808352
A0574,2016.43 ,2018/05/03,MA1801331
A0426,2016.43 ,2018/05/03,MA1802620
A0990,2016.43 ,2018/05/03,MA1800050
A0426,2016.43 ,2018/05/09,MA1801492
A0992,2016.43 ,2018/05/09,MA1808783
A0906,2016.43 ,2018/05/10,MA1800735
A1320,2016.43 ,2018/05/14,MA1800276
A0603,2016.43 ,2018/05/15,MA1806186
A1237,2016.43 ,2018/05/15,MA1804811
A0801,2016.43 ,2018/05/17,MA1802730
A0933,2016.43 ,2018/05/18,MA1801401
A1054,2016.43 ,2018/05/18,MA1806921
A0695,2016.43 ,2018/05/23,MA1803135
A0377,2016.43 ,2018/05/28,MA1804994
A0607,2016.43 ,2018/05/28,MA1805389
A0824,2016.43 ,2018/05/30,MA1808682
A0681,2016.43 ,2018/05/30,MA1805895
A0522,2016.43 ,2018/06/04,JU1801077
A1076,2016.43 ,2018/06/05,JU1807897
A0610,2016.43 ,2018/06/08,JU1808366
A1130,2016.43 ,2018/06/15,JU1805979
A0444,2016.43 ,2018/06/15,JU1808976
A0919,2016.43 ,2018/06/22,JU1806006
A1197,2016.43 ,2018/06/27,JU1808998
A1260,2016.43 ,2018/07/30,JU1805315
A1237,2016.43 ,2018/08/01,AU1806608
A1413,2016.43 ,2018/08/02,AU1803517
A1285,2016.43 ,2018/08/07,AU1806083
A0387,2016.43 ,2018/08/10,AU1808230
A0737,2016.43 ,2018/08/13,AU1806076
A1030,2016.43 ,2018/08/21,AU1803539
A0704,2016.43 ,2018/08/21,AU1807729
A1331,2016.43 ,2018/08/27,AU1807629
A0884,2016.43 ,2018/08/29,AU1809057
A1058,2016.43 ,2018/08/29,AU1808571
A1146,2016.43 ,2018/09/07,SE1802433
A0811,2016.43 ,2018/09/07,SE1808678
A1186,2016.43 ,2018/09/10,SE1801141
A1065,2016.43 ,2018/09/11,SE1801004
A0745,2016.43 ,2018/09/12,SE1806037
A0796,2016.43 ,2018/09/12,SE1804412
A1212,2016.43 ,2018/09/19,SE1807179
A0743,2016.43 ,2018/09/21,SE1800948
A1103,2016.43 ,2018/09/21,SE1801439
A1416,2016.43 ,2018/09/21,SE1800387
A0520,2016.43 ,2018/09/25,SE1805409
A1358,2016.43 ,2018/09/26,SE1801227
A1089,2016.43 ,2018/09/27,SE1803348
A0824,1826.85 ,2018/01/02,JA1802358
A0610,1826.85 ,2018/01/03,JA1801617
A0952,1826.85 ,2018/01/03,JA1805043
A1337,1826.85 ,2018/01/04,JA1804753
A1212,1826.85 ,2018/01/04,JA1802386
A0661,1826.85 ,2018/01/10,JA1800914
A1323,1826.85 ,2018/01/10,JA1808727
A0350,1826.85 ,2018/01/10,JA1806357
A0629,1826.85 ,2018/01/11,JA1800563
A1337,1826.85 ,2018/01/12,JA1802800
A1286,1826.85 ,2018/01/17,JA1806542
A0726,1826.85 ,2018/01/26,JA1806448
A1047,1826.85 ,2018/01/30,JA1802218
A1332,1826.85 ,2018/01/31,JA1800001
A1050,1826.85 ,2018/01/31,JA1806711
A0454,1826.85 ,2018/01/31,JA1808214
A0411,1826.85 ,2018/02/05,FE1804589
A1332,1826.85 ,2018/02/05,FE1800434
A0466,1826.85 ,2018/02/07,FE1801461
A1056,1826.85 ,2018/02/09,FE1804693
A1320,1826.85 ,2018/02/13,FE1804729
A1305,1826.85 ,2018/02/14,FE1802809
A1112,1826.85 ,2018/02/15,FE1808036
A0835,1826.85 ,2018/02/19,FE1807618
A1390,1826.85 ,2018/02/21,FE1808991
A0745,1826.85 ,2018/02/27,FE1807070
A0919,1826.85 ,2018/02/28,FE1800862
A1381,1826.85 ,2018/03/02,MA1801629
A0431,1826.85 ,2018/10/31,OC1800644
A1357,1826.85 ,2018/11/01,NO1802976
A0845,1826.85 ,2018/11/06,NO1804541
A1036,1826.85 ,2018/11/08,NO1801965
A0802,1826.85 ,2018/11/09,NO1804465
A0863,1826.85 ,2018/11/09,NO1804447
A0941,1826.85 ,2018/11/13,NO1805999
A1181,1826.85 ,2018/11/14,NO1800594
A0952,1826.85 ,2018/11/15,NO1802481
A0552,1826.85 ,2018/11/15,NO1801482
A1056,1826.85 ,2018/11/20,NO1800581
A0961,1826.85 ,2018/11/23,NO1804245
A0571,1826.85 ,2018/11/26,NO1800834
A0892,1826.85 ,2018/11/26,NO1802431
A0795,1826.85 ,2018/11/26,NO1808690
A0749,1826.85 ,2018/11/27,NO1803759
A0837,1826.85 ,2018/12/04,DE1801414
A1248,1826.85 ,2018/12/04,DE1807718
A0559,1826.85 ,2018/12/04,DE1805948
A0353,1826.85 ,2018/12/05,DE1801355
A0853,1826.85 ,2018/12/06,DE1802217
A0377,1826.85 ,2018/12/11,DE1807659
A0878,1826.85 ,2018/12/11,DE1805006
A0762,1826.85 ,2018/12/17,DE1802566
A1058,1826.85 ,2018/12/17,DE1801721
A1358,1826.85 ,2018/12/17,DE1800977
A0530,1826.85 ,2018/12/17,DE1802618
A0903,1826.85 ,2018/12/17,DE1804372
A0799,1826.85 ,2018/12/18,DE1800687
A0636,1826.85 ,2018/12/20,DE1809263
A0427,1826.85 ,2018/12/25,DE1809021
A1076,1826.85 ,2018/12/26,DE1801268
A0683,1826.85 ,2018/12/26,DE1805964
A0681,1826.85 ,2018/12/26,DE1800502
A0901,1826.85 ,2018/12/28,DE1803975
A0452,1826.85 ,2019/01/01,JA1902854
A0562,3142.83 ,2018/01/02,JA1804344
A0635,5686.15 ,2018/01/02,JA1805726
A0843,2450.56 ,2018/01/02,JA1800695
A1100,10710.05 ,2018/01/02,JA1805069
A1265,1461.48 ,2018/01/02,JA1804134
A0684,4738.45 ,2018/01/02,JA1808877
A0802,4214.59 ,2018/01/02,JA1804519
A0799,2673.79 ,2018/01/02,JA1805359
A0408,17946.88 ,2018/01/02,JA1800653
A1055,205.70 ,2018/01/02,JA1805574
A0880,6020.84 ,2018/01/02,JA1808003
A0887,822.80 ,2018/01/02,JA1800463
A0602,2450.56 ,2018/01/02,JA1805644
A1277,5686.15 ,2018/01/02,JA1806733
A1089,102.85 ,2018/01/02,JA1804194
A0452,1461.48 ,2018/01/02,JA1808424
A1350,2472.70 ,2018/01/03,JA1804028
A0424,1257.13 ,2018/01/03,JA1800369
A1015,4738.45 ,2018/01/03,JA1807742
A0597,4214.59 ,2018/01/03,JA1807009
A0728,4214.59 ,2018/01/03,JA1805463
A1101,365.37 ,2018/01/03,JA1807597
A0972,822.80 ,2018/01/03,JA1804867
A1360,3565.06 ,2018/01/03,JA1807681
A0796,5934.49 ,2018/01/03,JA1800524
A0992,2365.44 ,2018/01/03,JA1807380
A0965,5686.15 ,2018/01/03,JA1809312
A0731,13602.62 ,2018/01/03,JA1802177
A0808,3142.83 ,2018/01/03,JA1806147
A0994,4200.96 ,2018/01/03,JA1809208
A1067,205.70 ,2018/01/03,JA1804312
A0542,314.28 ,2018/01/03,JA1803888
A1295,5934.49 ,2018/01/04,JA1807651
A1031,3316.92 ,2018/01/04,JA1807123
A1343,4200.96 ,2018/01/04,JA1807767
A1055,6740.80 ,2018/01/04,JA1804979
A0387,2450.56 ,2018/01/04,JA1803783
A1305,6740.80 ,2018/01/04,JA1801927
A1062,822.80 ,2018/01/04,JA1805823
A1409,4738.45 ,2018/01/04,JA1802270
A1406,3500.80 ,2018/01/04,JA1805110
A0513,25690.70 ,2018/01/04,JA1802948
A0408,20243.11 ,2018/01/04,JA1807509
A0978,7912.65 ,2018/01/04,JA1802305
A1227,3500.80 ,2018/01/04,JA1806154
A0557,365.37 ,2018/01/04,JA1804113
A0690,628.57 ,2018/01/04,JA1805184
A0409,25690.70 ,2018/01/05,JA1801584
A0807,2450.56 ,2018/01/05,JA1808100
A0736,2365.44 ,2018/01/05,JA1805651
A1149,1461.48 ,2018/01/05,JA1804168
A0424,1571.41 ,2018/01/05,JA1802778
A0470,628.57 ,2018/01/05,JA1805688
A1333,2472.70 ,2018/01/05,JA1804886
A1415,822.80 ,2018/01/05,JA1807218
A0387,7225.01 ,2018/01/05,JA1808562
A0816,6020.84 ,2018/01/05,JA1806279
A0745,2450.56 ,2018/01/05,JA1802780
A0415,4214.59 ,2018/01/05,JA1809030
A1069,4200.96 ,2018/01/08,JA1809064
A0404,4214.59 ,2018/01/08,JA1803848
A0592,3342.24 ,2018/01/08,JA1803677
A1326,4200.96 ,2018/01/08,JA1807730
A0589,514.25 ,2018/01/08,JA1802101
A0743,6020.84 ,2018/01/08,JA1805980
A1176,3500.80 ,2018/01/08,JA1804924
A1316,4200.96 ,2018/01/08,JA1801370
A1338,3500.80 ,2018/01/08,JA1804918
A1169,822.80 ,2018/01/08,JA1808169
A1311,1257.13 ,2018/01/08,JA1805915
A0684,5934.49 ,2018/01/08,JA1807237
A0399,494.54 ,2018/01/08,JA1802100
A0472,4738.45 ,2018/01/08,JA1806221
A0703,4200.96 ,2018/01/08,JA1807944
A0542,247.27 ,2018/01/08,JA1807306
A0852,514.25 ,2018/01/08,JA1803479
A1120,365.37 ,2018/01/08,JA1805217
A1420,2450.56 ,2018/01/09,JA1801026
A1384,102.85 ,2018/01/09,JA1807309
A0786,514.25 ,2018/01/09,JA1803640
A0878,822.80 ,2018/01/09,JA1803112
A0799,2673.79 ,2018/01/09,JA1808813
A1285,2450.56 ,2018/01/09,JA1803796
A1282,5686.15 ,2018/01/09,JA1804227
A1313,1461.48 ,2018/01/09,JA1804860
A1390,3500.80 ,2018/01/09,JA1801067
A1095,4214.59 ,2018/01/09,JA1806649
A0473,3142.83 ,2018/01/09,JA1804477
A1236,10111.20 ,2018/01/09,JA1809237
A0517,3316.92 ,2018/01/09,JA1806432
A1058,82.28 ,2018/01/09,JA1805677
A0552,10201.97 ,2018/01/09,JA1801343
A1195,2450.56 ,2018/01/10,JA1807928
A1018,4738.45 ,2018/01/10,JA1808857
A1308,1461.48 ,2018/01/10,JA1801939
A0616,7912.65 ,2018/01/10,JA1808213
A1362,3500.80 ,2018/01/10,JA1808195
A1030,3342.24 ,2018/01/10,JA1805449
A0880,24291.73 ,2018/01/10,JA1801131
A1056,7225.01 ,2018/01/10,JA1807901
A0576,822.80 ,2018/01/10,JA1805113
A0438,1257.13 ,2018/01/10,JA1807257
A1068,1571.41 ,2018/01/10,JA1804762
A0771,1461.48 ,2018/01/10,JA1803890
A1353,8032.54 ,2018/01/10,JA1804311
A1225,2365.44 ,2018/01/10,JA1801049
A1103,3316.92 ,2018/01/10,JA1808491
A0952,1571.41 ,2018/01/10,JA1803005
A0432,514.25 ,2018/01/10,JA1803462
A0432,2365.44 ,2018/01/11,JA1804936
A0660,6740.80 ,2018/01/11,JA1801031
A0756,3342.24 ,2018/01/11,JA1807358
A1073,3142.83 ,2018/01/11,JA1806829
A1276,514.25 ,2018/01/11,JA1803712
A0760,3500.80 ,2018/01/11,JA1807392
A0930,2365.44 ,2018/01/11,JA1800453
A0641,4456.32 ,2018/01/11,JA1806697
A0880,1236.35 ,2018/01/11,JA1801168
A0953,494.54 ,2018/01/11,JA1801951
A0380,6020.84 ,2018/01/11,JA1800954
A0747,102.85 ,2018/01/11,JA1802859
A0853,3500.80 ,2018/01/11,JA1807812
A1232,5313.00 ,2018/01/11,JA1800677
A1030,2472.70 ,2018/01/11,JA1805623
A1124,2472.70 ,2018/01/11,JA1802736
A1240,6020.84 ,2018/01/12,JA1806964
A0581,164.56 ,2018/01/12,JA1800829
A0421,1236.35 ,2018/01/12,JA1807832
A0375,514.25 ,2018/01/12,JA1801110
A0519,2450.56 ,2018/01/12,JA1809241
A0655,6740.80 ,2018/01/12,JA1801449
A1035,514.25 ,2018/01/12,JA1808517
A0953,14955.73 ,2018/01/12,JA1801007
A0716,2450.56 ,2018/01/12,JA1808073
A0952,1461.48 ,2018/01/12,JA1806382
A1007,10111.20 ,2018/01/12,JA1801411
A1076,1571.41 ,2018/01/12,JA1804189
A0407,8426.00 ,2018/01/15,JA1806170
A0626,2472.70 ,2018/01/15,JA1801457
A0741,4456.32 ,2018/01/15,JA1801533
A0921,2365.44 ,2018/01/15,JA1806963
A1278,102.85 ,2018/01/15,JA1800740
A0992,3316.92 ,2018/01/15,JA1804508
A1162,3500.80 ,2018/01/15,JA1806239
A0403,8032.54 ,2018/01/15,JA1807355
A0907,3316.92 ,2018/01/15,JA1807320
A0771,1461.48 ,2018/01/15,JA1807167
A0444,8426.00 ,2018/01/15,JA1803195
A0761,4738.45 ,2018/01/15,JA1803901
A1226,2514.26 ,2018/01/15,JA1806098
A0807,1257.13 ,2018/01/16,JA1808396
A1127,3342.24 ,2018/01/16,JA1807541
A0471,5934.49 ,2018/01/16,JA1808581
A0716,1257.13 ,2018/01/16,JA1807616
A0988,5934.49 ,2018/01/16,JA1802887
A1101,2472.70 ,2018/01/16,JA1800646
A0414,4456.32 ,2018/01/16,JA1804914
A0754,1257.13 ,2018/01/16,JA1804234
A0528,8032.54 ,2018/01/16,JA1805626
A0462,7225.01 ,2018/01/16,JA1808355
A0377,5686.15 ,2018/01/16,JA1805720
A0720,1236.35 ,2018/01/16,JA1800335
A0771,514.25 ,2018/01/16,JA1805162
A0879,2472.70 ,2018/01/17,JA1809332
A1003,822.80 ,2018/01/17,JA1801444
A0466,2365.44 ,2018/01/17,JA1800980
A0929,10710.05 ,2018/01/17,JA1807861
A0982,8032.54 ,2018/01/17,JA1806561
A0963,514.25 ,2018/01/17,JA1800704
A1110,4738.45 ,2018/01/17,JA1802283
A0452,7225.01 ,2018/01/17,JA1803501
A0547,164.56 ,2018/01/17,JA1803111
A1215,1257.13 ,2018/01/17,JA1807794
A0815,2673.79 ,2018/01/17,JA1800840
A0505,1461.48 ,2018/01/18,JA1807475
A1367,2365.44 ,2018/01/18,JA1802441
A1229,10710.05 ,2018/01/18,JA1808943
A1167,2673.79 ,2018/01/18,JA1803788
A0861,4456.32 ,2018/01/18,JA1800259
A0353,3342.24 ,2018/01/18,JA1800627
A1240,2673.79 ,2018/01/18,JA1807255
A1055,5686.15 ,2018/01/18,JA1801467
A0731,14955.73 ,2018/01/19,JA1807111
A1241,2450.56 ,2018/01/19,JA1803782
A1120,5313.00 ,2018/01/19,JA1805371
A0944,4738.45 ,2018/01/19,JA1804825
A1305,6740.80 ,2018/01/19,JA1809268
A0930,514.25 ,2018/01/19,JA1800379
A1054,10201.97 ,2018/01/19,JA1807193
A0798,164.56 ,2018/01/19,JA1802756
A0942,5686.15 ,2018/01/19,JA1807292
A1062,5686.15 ,2018/01/19,JA1804075
A1357,2450.56 ,2018/01/19,JA1808781
A1089,25690.70 ,2018/01/19,JA1805746
A0389,4738.45 ,2018/01/19,JA1806078
A0504,3316.92 ,2018/01/19,JA1808626
A0494,3316.92 ,2018/01/22,JA1804582
A1056,514.25 ,2018/01/22,JA1805675
A1244,14955.73 ,2018/01/22,JA1800115
A1078,20243.11 ,2018/01/22,JA1804636
A0368,514.25 ,2018/01/22,JA1804678
A0546,1236.35 ,2018/01/22,JA1808810
A0581,1236.35 ,2018/01/22,JA1806862
A1017,164.56 ,2018/01/22,JA1800117
A1309,4738.45 ,2018/01/22,JA1804766
A1172,13602.62 ,2018/01/22,JA1804174
A0928,25690.70 ,2018/01/22,JA1806166
A0659,365.37 ,2018/01/22,JA1804078
A0655,1257.13 ,2018/01/22,JA1803394
A1274,2472.70 ,2018/01/22,JA1801065
A1388,205.70 ,2018/01/22,JA1801560
A1163,2673.79 ,2018/01/22,JA1807728
A1103,2450.56 ,2018/01/22,JA1805930
A0988,4214.59 ,2018/01/22,JA1808056
A1181,822.80 ,2018/01/22,JA1804358
A1232,2514.26 ,2018/01/22,JA1808994
A1285,4214.59 ,2018/01/22,JA1804817
A1265,365.37 ,2018/01/22,JA1804402
A0412,5934.49 ,2018/01/22,JA1802057
A0415,365.37 ,2018/01/22,JA1806328
A1064,2450.56 ,2018/01/22,JA1800961
A1360,164.56 ,2018/01/22,JA1807151
A0506,822.80 ,2018/01/22,JA1801096
A0412,2450.56 ,2018/01/22,JA1804782
A1332,2472.70 ,2018/01/22,JA1805405
A0611,4214.59 ,2018/01/23,JA1806839
A1078,16208.85 ,2018/01/23,JA1807118
A1044,1461.48 ,2018/01/23,JA1807727
A0411,3500.80 ,2018/01/23,JA1804987
A1316,1461.48 ,2018/01/23,JA1808190
A0666,3500.80 ,2018/01/23,JA1801992
A0940,2472.70 ,2018/01/23,JA1801644
A0799,7225.01 ,2018/01/23,JA1806909
A1137,24291.73 ,2018/01/23,JA1808054
A0643,5313.00 ,2018/01/23,JA1804336
A0513,1257.13 ,2018/01/23,JA1803636
A0890,822.80 ,2018/01/23,JA1804356
A0559,4200.96 ,2018/01/23,JA1805580
A0906,2514.26 ,2018/01/23,JA1809271
A0816,3500.80 ,2018/01/23,JA1806431
A0633,2450.56 ,2018/01/23,JA1806358
A0505,4200.96 ,2018/01/23,JA1804410
A0529,7225.01 ,2018/01/23,JA1806540
A1116,2514.26 ,2018/01/23,JA1802631
A1333,82.28 ,2018/01/23,JA1804393
A1169,1236.35 ,2018/01/24,JA1802323
A0609,514.25 ,2018/01/24,JA1802903
A1186,20243.11 ,2018/01/24,JA1800513
A0967,6020.84 ,2018/01/24,JA1804125
A1202,7225.01 ,2018/01/24,JA1808950
A1305,8426.00 ,2018/01/24,JA1802997
A1353,6740.80 ,2018/01/24,JA1809343
A0802,1257.13 ,2018/01/24,JA1801487
A1064,4738.45 ,2018/01/24,JA1801632
A0452,3142.83 ,2018/01/24,JA1803627
A0754,205.70 ,2018/01/24,JA1801347
A0615,4200.96 ,2018/01/24,JA1805577
A0771,6740.80 ,2018/01/24,JA1803703
A0369,3316.92 ,2018/01/25,JA1802188
A0407,4200.96 ,2018/01/25,JA1808996
A1270,2472.70 ,2018/01/25,JA1803055
A0997,3500.80 ,2018/01/25,JA1800357
A1202,628.57 ,2018/01/25,JA1800214
A1142,1461.48 ,2018/01/25,JA1806308
A1320,10710.05 ,2018/01/25,JA1807871
A1408,514.25 ,2018/01/25,JA1800034
A0988,6020.84 ,2018/01/25,JA1807171
A0708,1461.48 ,2018/01/25,JA1802079
A1363,2450.56 ,2018/01/25,JA1807186
A0830,205.70 ,2018/01/25,JA1808622
A0414,2365.44 ,2018/01/25,JA1804159
A1242,6020.84 ,2018/01/26,JA1805570
A1100,4738.45 ,2018/01/26,JA1802311
A1118,4456.32 ,2018/01/26,JA1801799
A1415,8088.96 ,2018/01/26,JA1808301
A0415,6020.84 ,2018/01/26,JA1802054
A1257,2472.70 ,2018/01/26,JA1804355
A0506,822.80 ,2018/01/26,JA1808097
A0514,7225.01 ,2018/01/26,JA1808651
A0819,822.80 ,2018/01/26,JA1805431
A1230,514.25 ,2018/01/26,JA1800407
A0764,3342.24 ,2018/01/29,JA1805882
A0932,6740.80 ,2018/01/29,JA1804487
A0615,4738.45 ,2018/01/29,JA1802523
A0782,3500.80 ,2018/01/29,JA1801840
A1382,1571.41 ,2018/01/29,JA1808625
A0905,6020.84 ,2018/01/29,JA1800230
A0377,1461.48 ,2018/01/29,JA1803904
A0507,4738.45 ,2018/01/29,JA1802737
A1133,1461.48 ,2018/01/29,JA1802151
A1329,4200.96 ,2018/01/29,JA1800664
A0869,1571.41 ,2018/01/29,JA1802438
A1420,205.70 ,2018/01/29,JA1801821
A0369,2472.70 ,2018/01/29,JA1802582
A0515,5934.49 ,2018/01/29,JA1806824
A0510,7912.65 ,2018/01/29,JA1805171
A0819,10201.97 ,2018/01/29,JA1804044
A1055,7225.01 ,2018/01/29,JA1801296
A0548,2472.70 ,2018/01/30,JA1800508
A0429,3316.92 ,2018/01/30,JA1806574
A1167,365.37 ,2018/01/30,JA1806270
A0640,164.56 ,2018/01/30,JA1807336
A0906,3500.80 ,2018/01/30,JA1802138
A0952,8426.00 ,2018/01/30,JA1808013
A0879,8426.00 ,2018/01/30,JA1803552
A0352,3500.80 ,2018/01/30,JA1805795
A0987,82.28 ,2018/01/30,JA1805990
A0747,822.80 ,2018/01/30,JA1805939
A1120,2514.26 ,2018/01/30,JA1802381
A1353,2673.79 ,2018/01/30,JA1804518
A1319,6740.80 ,2018/01/30,JA1802597
A1187,2365.44 ,2018/01/30,JA1801267
A0880,4250.40 ,2018/01/30,JA1800244
A1050,6020.84 ,2018/01/31,JA1800999
A1101,4214.59 ,2018/01/31,JA1808945
A1058,8426.00 ,2018/01/31,JA1806645
A0945,7225.01 ,2018/01/31,JA1801241
A1009,2514.26 ,2018/01/31,JA1801557
A1292,2450.56 ,2018/01/31,JA1809046
A1124,7225.01 ,2018/01/31,JA1800887
A1064,5313.00 ,2018/01/31,JA1800193
A1167,514.25 ,2018/01/31,JA1803910
A1372,8426.00 ,2018/01/31,JA1808281
A0655,2365.44 ,2018/01/31,JA1801106
A0895,6020.84 ,2018/02/01,FE1808394
A0992,1257.13 ,2018/02/01,FE1807978
A0423,2450.56 ,2018/02/01,FE1805673
A1346,13602.62 ,2018/02/01,FE1804045
A0629,1461.48 ,2018/02/01,FE1804545
A0949,4214.59 ,2018/02/01,FE1804239
A0463,822.80 ,2018/02/01,FE1806111
A0377,2365.44 ,2018/02/01,FE1803377
A0852,4200.96 ,2018/02/01,FE1800817
A0512,1461.48 ,2018/02/01,FE1800885
A0387,2450.56 ,2018/02/01,FE1808167
A0557,514.25 ,2018/02/01,FE1804525
A1388,1461.48 ,2018/02/01,FE1809168
A1225,10710.05 ,2018/02/01,FE1807819
A0905,2472.70 ,2018/02/01,FE1801051
A0792,4738.45 ,2018/02/01,FE1803949
A1103,164.56 ,2018/02/01,FE1806090
A1202,6740.80 ,2018/02/01,FE1809214
A1413,2450.56 ,2018/02/01,FE1808776
A0665,2365.44 ,2018/02/01,FE1801210
A1162,4200.96 ,2018/02/02,FE1806511
A0665,4214.59 ,2018/02/02,FE1800762
A0454,5934.49 ,2018/02/02,FE1803386
A1137,3142.83 ,2018/02/02,FE1801294
A0922,4200.96 ,2018/02/02,FE1805901
A1204,4214.59 ,2018/02/02,FE1801393
A1257,5313.00 ,2018/02/02,FE1801612
A0816,514.25 ,2018/02/02,FE1807058
A0830,494.54 ,2018/02/02,FE1809273
A1202,514.25 ,2018/02/02,FE1808650
A1159,1461.48 ,2018/02/02,FE1806760
A0937,3142.83 ,2018/02/02,FE1802723
A0799,4214.59 ,2018/02/02,FE1807172
A1232,1571.41 ,2018/02/02,FE1800040
A0754,25690.70 ,2018/02/02,FE1808909
A0862,8426.00 ,2018/02/02,FE1803223
A0789,164.56 ,2018/02/02,FE1804949
A1134,4738.45 ,2018/02/02,FE1807234
A0355,2450.56 ,2018/02/02,FE1800414
A1132,2472.70 ,2018/02/05,FE1806470
A0732,494.54 ,2018/02/05,FE1803207
A0406,247.27 ,2018/02/05,FE1805309
A0643,822.80 ,2018/02/05,FE1804572
A1169,2365.44 ,2018/02/05,FE1800910
A0377,25690.70 ,2018/02/05,FE1807298
A0576,1461.48 ,2018/02/05,FE1807766
A0352,1461.48 ,2018/02/05,FE1803371
A1237,24291.73 ,2018/02/05,FE1805472
A1313,3500.80 ,2018/02/05,FE1802590
A1403,3500.80 ,2018/02/05,FE1803804
A0641,2450.56 ,2018/02/05,FE1802264
A0382,182.68 ,2018/02/05,FE1800002
A0930,8426.00 ,2018/02/05,FE1809278
A0505,4200.96 ,2018/02/05,FE1808566
A1230,164.56 ,2018/02/05,FE1808194
A0531,2450.56 ,2018/02/06,FE1809043
A0954,2450.56 ,2018/02/06,FE1800319
A1191,2514.26 ,2018/02/06,FE1803158
A0931,5686.15 ,2018/02/06,FE1801109
A1089,2514.26 ,2018/02/06,FE1804497
A1035,3500.80 ,2018/02/06,FE1804264
A1270,10201.97 ,2018/02/06,FE1802044
A0412,3342.24 ,2018/02/06,FE1807080
A0800,514.25 ,2018/02/06,FE1808664
A1370,822.80 ,2018/02/06,FE1800504
A0513,5934.49 ,2018/02/06,FE1802287
A0472,182.68 ,2018/02/06,FE1801673
A1120,1236.35 ,2018/02/06,FE1806967
A0534,12766.72 ,2018/02/06,FE1800228
A1178,3142.83 ,2018/02/06,FE1800217
A0372,20243.11 ,2018/02/07,FE1808687
A1226,1461.48 ,2018/02/07,FE1806630
A0531,822.80 ,2018/02/07,FE1803088
A0379,314.28 ,2018/02/07,FE1800204
A1169,1257.13 ,2018/02/07,FE1801843
A0548,1257.13 ,2018/02/07,FE1800177
A0542,2514.26 ,2018/02/07,FE1808001
A0744,1236.35 ,2018/02/07,FE1807537
A0880,1461.48 ,2018/02/07,FE1803867
A0992,7225.01 ,2018/02/07,FE1806567
A0519,4738.45 ,2018/02/07,FE1802919
A0796,3316.92 ,2018/02/07,FE1805924
A1104,822.80 ,2018/02/07,FE1806683
A1128,2514.26 ,2018/02/07,FE1802532
A1178,1571.41 ,2018/02/08,FE1800076
A1102,182.68 ,2018/02/08,FE1805047
A0474,30828.84 ,2018/02/08,FE1804278
A0545,494.54 ,2018/02/08,FE1800567
A0901,6020.84 ,2018/02/08,FE1801349
A0443,4738.45 ,2018/02/08,FE1805561
A0934,182.68 ,2018/02/08,FE1808404
A0419,1257.13 ,2018/02/08,FE1803698
A0955,1236.35 ,2018/02/08,FE1806990
A1358,1257.13 ,2018/02/08,FE1801695
A0547,2450.56 ,2018/02/08,FE1808322
A0990,822.80 ,2018/02/08,FE1808782
A1412,182.68 ,2018/02/08,FE1800771
A1257,2450.56 ,2018/02/08,FE1801258
A0994,822.80 ,2018/02/08,FE1807987
A0994,3142.83 ,2018/02/08,FE1800991
A1367,6740.80 ,2018/02/08,FE1803130
A0422,4738.45 ,2018/02/09,FE1804791
A0583,1461.48 ,2018/02/09,FE1804739
A1299,13602.62 ,2018/02/09,FE1807492
A1149,822.80 ,2018/02/09,FE1808921
A1397,6740.80 ,2018/02/09,FE1804612
A0455,247.27 ,2018/02/09,FE1808285
A1274,2365.44 ,2018/02/09,FE1802156
A1226,8088.96 ,2018/02/09,FE1809326
A0633,10201.97 ,2018/02/09,FE1800612
A0495,4214.59 ,2018/02/09,FE1804365
A1056,3342.24 ,2018/02/09,FE1807072
A0601,6740.80 ,2018/02/09,FE1800128
A0688,7225.01 ,2018/02/09,FE1808795
A0495,3142.83 ,2018/02/09,FE1807145
A1138,7225.01 ,2018/02/12,FE1803077
A0609,82.28 ,2018/02/12,FE1800801
A1228,164.56 ,2018/02/12,FE1805313
A0574,514.25 ,2018/02/12,FE1809092
A0997,247.27 ,2018/02/12,FE1800466
A1316,5686.15 ,2018/02/12,FE1802579
A0629,30828.84 ,2018/02/12,FE1800130
A0375,2450.56 ,2018/02/12,FE1805411
A0464,3316.92 ,2018/02/12,FE1802613
A1282,4214.59 ,2018/02/12,FE1805369
A0633,822.80 ,2018/02/12,FE1803030
A0990,1257.13 ,2018/02/12,FE1801640
A1212,20243.11 ,2018/02/12,FE1800435
A0716,3142.83 ,2018/02/13,FE1802334
A1195,2472.70 ,2018/02/13,FE1808725
A0354,2514.26 ,2018/02/13,FE1803906
A1142,82.28 ,2018/02/13,FE1802535
A0470,3500.80 ,2018/02/13,FE1801183
A0422,1571.41 ,2018/02/13,FE1802086
A0760,4738.45 ,2018/02/13,FE1804605
A1085,822.80 ,2018/02/13,FE1805345
A0703,4738.45 ,2018/02/13,FE1803011
A1311,4200.96 ,2018/02/13,FE1806217
A1348,514.25 ,2018/02/13,FE1801353
A1338,4200.96 ,2018/02/13,FE1803828
A0356,3500.80 ,2018/02/13,FE1809076
A0531,5686.15 ,2018/02/13,FE1800891
A1129,2472.70 ,2018/02/14,FE1800592
A0890,1461.48 ,2018/02/14,FE1808847
A1223,1236.35 ,2018/02/14,FE1805201
A1020,2450.56 ,2018/02/14,FE1807524
A0746,1461.48 ,2018/02/14,FE1807449
A1419,4214.59 ,2018/02/14,FE1807735
A0387,2450.56 ,2018/02/14,FE1805475
A0534,3142.83 ,2018/02/14,FE1806977
A0744,1236.35 ,2018/02/14,FE1802835
A0701,5934.49 ,2018/02/14,FE1803467
A0942,365.37 ,2018/02/14,FE1803172
A0513,514.25 ,2018/02/14,FE1805725
A0881,8032.54 ,2018/02/14,FE1806863
A0769,2450.56 ,2018/02/15,FE1803218
A0920,3565.06 ,2018/02/15,FE1803020
A0943,1571.41 ,2018/02/15,FE1807180
A0522,6020.84 ,2018/02/15,FE1807859
A1226,8088.96 ,2018/02/15,FE1809339
A0462,1461.48 ,2018/02/15,FE1802533
A0609,3500.80 ,2018/02/15,FE1802655
A0758,16208.85 ,2018/02/15,FE1808489
A0916,2673.79 ,2018/02/15,FE1803439
A1286,4200.96 ,2018/02/15,FE1804111
A0955,514.25 ,2018/02/15,FE1801099
A0415,4738.45 ,2018/02/15,FE1809366
A0945,3142.83 ,2018/02/15,FE1802102
A0963,2514.26 ,2018/02/15,FE1807610
A0781,2673.79 ,2018/02/15,FE1805412
A0861,8426.00 ,2018/02/15,FE1804164
A1176,7912.65 ,2018/02/15,FE1803872
A0945,8426.00 ,2018/02/15,FE1806803
A0798,4214.59 ,2018/02/15,FE1809155
A1255,25690.70 ,2018/02/15,FE1806061
A1188,164.56 ,2018/02/15,FE1808168
A1000,5313.00 ,2018/02/15,FE1800605
A1271,25690.70 ,2018/02/16,FE1802635
A0724,5686.15 ,2018/02/16,FE1801126
A0761,514.25 ,2018/02/16,FE1800462
A0372,1571.41 ,2018/02/16,FE1801872
A0970,9432.13 ,2018/02/16,FE1800859
A1191,102.85 ,2018/02/16,FE1806241
A0493,5686.15 ,2018/02/16,FE1807119
A1068,4200.96 ,2018/02/16,FE1804842
A1093,10710.05 ,2018/02/16,FE1801739
A0718,3316.92 ,2018/02/16,FE1800621
A1103,4738.45 ,2018/02/16,FE1802842
A0655,514.25 ,2018/02/16,FE1803334
A1397,5686.15 ,2018/02/19,FE1803227
A0925,4456.32 ,2018/02/19,FE1805750
A0536,6020.84 ,2018/02/19,FE1800207
A0648,6020.84 ,2018/02/19,FE1805732
A0435,2450.56 ,2018/02/19,FE1806671
A0363,1571.41 ,2018/02/19,FE1806094
A0962,2514.26 ,2018/02/19,FE1802860
A0654,1461.48 ,2018/02/19,FE1806125
A1271,4200.96 ,2018/02/19,FE1802941
A1208,822.80 ,2018/02/19,FE1807046
A0742,2365.44 ,2018/02/19,FE1806923
A0357,2673.79 ,2018/02/19,FE1801361
A0754,16208.85 ,2018/02/19,FE1809360
A0684,1236.35 ,2018/02/19,FE1802544
A0945,2472.70 ,2018/02/19,FE1808665
A1058,4200.96 ,2018/02/19,FE1801961
A0883,82.28 ,2018/02/19,FE1803722
A0375,5313.00 ,2018/02/19,FE1800591
A1415,3565.06 ,2018/02/19,FE1808184
A1163,20243.11 ,2018/02/19,FE1801130
A0743,5686.15 ,2018/02/19,FE1801470
A0982,514.25 ,2018/02/19,FE1807478
A0967,365.37 ,2018/02/19,FE1803746
A1290,3500.80 ,2018/02/19,FE1801566
A0495,365.37 ,2018/02/19,FE1802646
A1410,10710.05 ,2018/02/19,FE1808045
A0949,1236.35 ,2018/02/19,FE1803422
A0945,9432.13 ,2018/02/20,FE1801421
A0616,20243.11 ,2018/02/20,FE1805149
A0641,314.28 ,2018/02/20,FE1801945
A0967,5934.49 ,2018/02/20,FE1807096
A0737,4200.96 ,2018/02/20,FE1801244
A0901,5934.49 ,2018/02/20,FE1801284
A0833,2514.26 ,2018/02/20,FE1802409
A1343,13602.62 ,2018/02/20,FE1808113
A0927,1236.35 ,2018/02/20,FE1800391
A1323,205.70 ,2018/02/20,FE1800433
A0371,822.80 ,2018/02/20,FE1803485
A0815,3500.80 ,2018/02/20,FE1806563
A1416,4456.32 ,2018/02/20,FE1804167
A1338,2472.70 ,2018/02/20,FE1805385
A1161,8426.00 ,2018/02/20,FE1804494
A1164,3342.24 ,2018/02/20,FE1800810
A1092,822.80 ,2018/02/20,FE1804649
A1333,2365.44 ,2018/02/20,FE1808794
A1278,3565.06 ,2018/02/20,FE1804047
A1337,2365.44 ,2018/02/21,FE1800333
A0528,8426.00 ,2018/02/21,FE1802507
A0487,205.70 ,2018/02/21,FE1806230
A0863,12766.72 ,2018/02/21,FE1803051
A1320,822.80 ,2018/02/21,FE1803621
A0884,20243.11 ,2018/02/21,FE1803600
A1163,6020.84 ,2018/02/21,FE1803542
A1208,6740.80 ,2018/02/21,FE1802291
A0703,4200.96 ,2018/02/21,FE1805257
A1100,82.28 ,2018/02/21,FE1801274
A1216,10111.20 ,2018/02/21,FE1808632
A0707,4456.32 ,2018/02/21,FE1803540
A0862,3342.24 ,2018/02/21,FE1808496
A1014,514.25 ,2018/02/21,FE1801462
A1124,2472.70 ,2018/02/21,FE1802615
A0827,3316.92 ,2018/02/22,FE1800181
A1178,1236.35 ,2018/02/22,FE1802016
A1152,1461.48 ,2018/02/22,FE1805545
A1411,4214.59 ,2018/02/22,FE1803137
A1077,2673.79 ,2018/02/22,FE1803397
A0781,16208.85 ,2018/02/22,FE1803286
A0972,514.25 ,2018/02/22,FE1800190
A0493,2472.70 ,2018/02/22,FE1800763
A0464,2472.70 ,2018/02/22,FE1805886
A0830,4214.59 ,2018/02/22,FE1806444
A0513,8426.00 ,2018/02/22,FE1807025
A0385,2472.70 ,2018/02/22,FE1808918
A0531,1257.13 ,2018/02/22,FE1805016
A1055,2365.44 ,2018/02/22,FE1803376
A1142,8426.00 ,2018/02/22,FE1806987
A0403,822.80 ,2018/02/22,FE1806968
A0760,8088.96 ,2018/02/22,FE1809219
A0522,4738.45 ,2018/02/22,FE1804380
A0632,1571.41 ,2018/02/22,FE1805122
A0931,4214.59 ,2018/02/22,FE1802333
A0471,8088.96 ,2018/02/22,FE1807226
A0927,4214.59 ,2018/02/22,FE1802851
A0574,3316.92 ,2018/02/23,FE1809140
A1153,365.37 ,2018/02/23,FE1805659
A0569,628.57 ,2018/02/23,FE1807757
A1135,10201.97 ,2018/02/23,FE1806513
A0716,7912.65 ,2018/02/23,FE1804064
A1079,1236.35 ,2018/02/23,FE1807294
A0933,822.80 ,2018/02/23,FE1804996
A1254,8426.00 ,2018/02/23,FE1805934
A1307,9432.13 ,2018/02/23,FE1804489
A0879,5313.00 ,2018/02/23,FE1806568
A1062,1571.41 ,2018/02/23,FE1808130
A0587,2450.56 ,2018/02/23,FE1800967
A1282,164.56 ,2018/02/23,FE1809054
A1202,3316.92 ,2018/02/23,FE1801823
A0578,1257.13 ,2018/02/23,FE1804930
A0463,1257.13 ,2018/02/23,FE1800777
A0955,3316.92 ,2018/02/23,FE1800588
A0892,2514.26 ,2018/02/23,FE1800830
A1291,4214.59 ,2018/02/23,FE1806398
A0990,4214.59 ,2018/02/23,FE1807577
A0472,5686.15 ,2018/02/26,FE1800739
A0665,2365.44 ,2018/02/26,FE1804802
A0534,514.25 ,2018/02/26,FE1800674
A0517,2472.70 ,2018/02/26,FE1807620
A0990,4214.59 ,2018/02/26,FE1807969
A0493,314.28 ,2018/02/26,FE1808387
A0824,25690.70 ,2018/02/26,FE1808310
A0944,1236.35 ,2018/02/26,FE1805731
A0696,4214.59 ,2018/02/26,FE1802867
A1135,6740.80 ,2018/02/26,FE1800876
A0380,2871.76 ,2018/02/26,FE1808654
A0746,517.00 ,2018/02/26,FE1802748
A0988,2711.81 ,2018/02/26,FE1809351
A0922,413.60 ,2018/02/26,FE1801807
A0796,5412.00 ,2018/02/26,FE1806478
A1176,1470.90 ,2018/02/26,FE1802062
A0503,1571.41 ,2018/02/27,FE1803919
A1056,102.85 ,2018/02/27,FE1806180
A1360,1461.48 ,2018/02/27,FE1800831
A0830,1461.48 ,2018/02/27,FE1805616
A0401,205.70 ,2018/02/27,FE1808960
A0640,3565.06 ,2018/02/27,FE1802681
A0514,1257.13 ,2018/02/27,FE1802281
A1360,494.54 ,2018/02/27,FE1805118
A0557,514.25 ,2018/02/27,FE1806534
A1188,628.57 ,2018/02/27,FE1803586
A0633,514.25 ,2018/02/27,FE1805400
A0945,4738.45 ,2018/02/27,FE1803862
A0861,1461.48 ,2018/02/27,FE1806202
A0480,182.68 ,2018/02/27,FE1809205
A1419,3316.92 ,2018/02/27,FE1800267
A1323,10710.05 ,2018/02/27,FE1803984
A0531,4738.45 ,2018/02/27,FE1806359
A0665,164.56 ,2018/02/27,FE1808028
A0387,2472.70 ,2018/02/27,FE1800610
A0352,16208.85 ,2018/02/27,FE1806750
A0375,1461.48 ,2018/02/27,FE1806082
A0708,1236.35 ,2018/02/27,FE1809056
A0534,1193.28 ,2018/02/27,FE1807295
A1390,1909.25 ,2018/02/27,FE1808555
A1251,3142.83 ,2018/02/28,FE1801931
A1144,164.56 ,2018/02/28,FE1801675
A1124,4456.32 ,2018/02/28,FE1809103
A1261,1236.35 ,2018/02/28,FE1801387
A1371,2514.26 ,2018/02/28,FE1803846
A1120,3142.83 ,2018/02/28,FE1805310
A1254,365.37 ,2018/02/28,FE1804744
A1020,365.37 ,2018/02/28,FE1800804
A1257,164.56 ,2018/02/28,FE1807092
A0493,102.85 ,2018/02/28,FE1802824
A1406,3565.06 ,2018/02/28,FE1807908
A0953,4200.96 ,2018/02/28,FE1803178
A0856,995.46 ,2018/02/28,FE1806179
A1357,206.80 ,2018/02/28,FE1801671
A0744,1470.90 ,2018/02/28,FE1806570
A1230,3615.74 ,2018/02/28,FE1800383
A0982,2475.29 ,2018/02/28,FE1801806
A0965,2386.56 ,2018/02/28,FE1801724
A1163,1268.12 ,2018/02/28,FE1800322
A0576,1268.12 ,2018/02/28,FE1809123
A1100,1470.90 ,2018/02/28,FE1805536
A0642,3500.80 ,2018/03/01,MA1803917
A0880,102.85 ,2018/03/01,MA1800011
A0989,1244.32 ,2018/03/01,MA1803754
A1151,7315.39 ,2018/03/01,MA1807045
A0869,1838.63 ,2018/03/01,MA1803084
A0690,1193.28 ,2018/03/01,MA1806848
A0745,1034.00 ,2018/03/01,MA1807796
A0559,661.76 ,2018/03/01,MA1802838
A0977,1113.73 ,2018/03/01,MA1801217
A1035,4243.35 ,2018/03/01,MA1802654
A1110,4786.27 ,2018/03/01,MA1805308
A1030,827.20 ,2018/03/01,MA1801038
A0802,330.88 ,2018/03/01,MA1808229
A0890,1034.00 ,2018/03/01,MA1806313
A0660,20747.49 ,2018/03/01,MA1806460
A1390,1591.04 ,2018/03/01,MA1804185
A0906,827.20 ,2018/03/01,MA1805143
A1120,1591.04 ,2018/03/01,MA1807725
A1381,4329.60 ,2018/03/01,MA1806385
A0457,183.86 ,2018/03/01,MA1807174
A1407,3170.30 ,2018/03/01,MA1804808
A0878,103.40 ,2018/03/01,MA1801969
A0429,919.31 ,2018/03/01,MA1808062
A0993,413.60 ,2018/03/01,MA1809153
A0431,2871.76 ,2018/03/01,MA1808471
A1232,5743.52 ,2018/03/01,MA1806781
A0462,8032.54 ,2018/03/02,MA1802768
A0684,6020.84 ,2018/03/02,MA1805299
A0774,2475.29 ,2018/03/02,MA1808567
A0500,2871.76 ,2018/03/02,MA1807883
A0774,3170.30 ,2018/03/02,MA1808140
A0511,919.31 ,2018/03/02,MA1809247
A0434,4786.27 ,2018/03/02,MA1807980
A0819,2386.56 ,2018/03/02,MA1804306
A0632,1193.28 ,2018/03/02,MA1806330
A1161,4786.27 ,2018/03/02,MA1800950
A1054,3536.12 ,2018/03/02,MA1808546
A0660,1113.73 ,2018/03/02,MA1800025
A1142,1838.63 ,2018/03/02,MA1801022
A0542,413.60 ,2018/03/02,MA1807407
A0897,4786.27 ,2018/03/02,MA1807653
A1202,827.20 ,2018/03/02,MA1802071
A0593,4243.35 ,2018/03/02,MA1802307
A1306,413.60 ,2018/03/02,MA1801894
A0660,2475.29 ,2018/03/02,MA1800877
A1221,3657.70 ,2018/03/02,MA1800753
A1203,735.45 ,2018/03/02,MA1807494
A1161,1268.12 ,2018/03/02,MA1804343
A1002,10875.74 ,2018/03/02,MA1800028
A0385,4786.27 ,2018/03/02,MA1807242
A0673,1591.04 ,2018/03/02,MA1804561
A0615,1909.25 ,2018/03/05,MA1800427
A0456,165.44 ,2018/03/05,MA1806546
A0987,827.20 ,2018/03/05,MA1808696
A0503,1392.16 ,2018/03/05,MA1804890
A0690,1838.63 ,2018/03/05,MA1803622
A0648,2475.29 ,2018/03/05,MA1808872
A1318,330.88 ,2018/03/05,MA1802698
A1211,8279.04 ,2018/03/05,MA1805584
A1168,1244.32 ,2018/03/05,MA1804027
A1125,2871.76 ,2018/03/05,MA1808222
A0670,3536.12 ,2018/03/05,MA1802225
A1420,2711.81 ,2018/03/05,MA1808360
A1302,1909.25 ,2018/03/05,MA1806072
A1221,2475.29 ,2018/03/05,MA1805844
A0963,1034.00 ,2018/03/05,MA1809218
A0990,413.60 ,2018/03/05,MA1804453
A1367,1113.73 ,2018/03/05,MA1806251
A1369,2475.29 ,2018/03/05,MA1808328
A0799,661.76 ,2018/03/05,MA1801601
A0660,413.60 ,2018/03/05,MA1808123
A0480,1988.80 ,2018/03/05,MA1804211
A1050,1193.28 ,2018/03/05,MA1800015
A1055,1113.73 ,2018/03/05,MA1808944
A1285,10348.80 ,2018/03/05,MA1804966
A0933,1268.12 ,2018/03/05,MA1808233
A1337,3170.30 ,2018/03/05,MA1807625
A1214,413.60 ,2018/03/05,MA1802961
A1133,413.60 ,2018/03/05,MA1806173
A1316,413.60 ,2018/03/05,MA1804390
A0963,2475.29 ,2018/03/05,MA1801890
A0670,827.20 ,2018/03/06,MA1801753
A0880,1909.25 ,2018/03/06,MA1801922
A0670,206.80 ,2018/03/06,MA1805098
A1360,413.60 ,2018/03/06,MA1806192
A0534,367.73 ,2018/03/06,MA1808499
A1239,517.00 ,2018/03/06,MA1808879
A0379,1034.00 ,2018/03/06,MA1806453
A0560,1113.73 ,2018/03/06,MA1806796
A0419,1909.25 ,2018/03/06,MA1804108
A0800,3657.70 ,2018/03/06,MA1805513
A1162,1244.32 ,2018/03/06,MA1806617
A1100,1193.28 ,2018/03/06,MA1807254
A0578,330.88 ,2018/03/06,MA1806079
A0380,919.31 ,2018/03/06,MA1801450
A1065,2475.29 ,2018/03/06,MA1808284
A0629,827.20 ,2018/03/06,MA1806689
A0610,3170.30 ,2018/03/06,MA1808865
A1305,367.73 ,2018/03/06,MA1808090
A0708,20747.49 ,2018/03/06,MA1803091
A0990,2488.65 ,2018/03/06,MA1801624
A1345,2871.76 ,2018/03/06,MA1809203
A0946,3657.70 ,2018/03/06,MA1800774
A0578,1193.28 ,2018/03/06,MA1804374
A1410,15328.37 ,2018/03/06,MA1805286
A0761,1585.15 ,2018/03/06,MA1801437
A0959,2871.76 ,2018/03/06,MA1806190
A1185,8035.06 ,2018/03/07,MA1807159
A1108,1838.63 ,2018/03/07,MA1803664
A1323,1193.28 ,2018/03/07,MA1803651
A0497,1392.16 ,2018/03/07,MA1800500
A0633,1988.80 ,2018/03/07,MA1803902
A1110,3170.30 ,2018/03/07,MA1809143
A0725,1392.16 ,2018/03/07,MA1808742
A0368,1193.28 ,2018/03/07,MA1802009
A1168,1034.00 ,2018/03/07,MA1804853
A0697,661.76 ,2018/03/07,MA1809222
A1215,661.76 ,2018/03/07,MA1803059
A0942,1113.73 ,2018/03/07,MA1809239
A0881,4329.60 ,2018/03/07,MA1808315
A0686,1470.90 ,2018/03/07,MA1808116
A0747,3657.70 ,2018/03/07,MA1806003
A0760,413.60 ,2018/03/07,MA1808500
A0742,735.45 ,2018/03/07,MA1807660
A1202,1034.00 ,2018/03/07,MA1807433
A0795,1838.63 ,2018/03/07,MA1800282
A0878,3536.12 ,2018/03/07,MA1803179
A0547,995.46 ,2018/03/07,MA1806034
A0800,995.46 ,2018/03/07,MA1802460
A1232,1034.00 ,2018/03/07,MA1800202
A0630,5743.52 ,2018/03/07,MA1803441
A0576,634.06 ,2018/03/07,MA1805041
A1064,1585.15 ,2018/03/07,MA1809225
A0431,1988.80 ,2018/03/07,MA1801278
A1357,2871.76 ,2018/03/07,MA1807835
A1408,919.31 ,2018/03/07,MA1801880
A1139,8624.00 ,2018/03/07,MA1803364
A1285,330.88 ,2018/03/07,MA1807330
A0421,661.76 ,2018/03/07,MA1800747
A0443,1591.04 ,2018/03/08,MA1802478
A1165,3536.12 ,2018/03/08,MA1800892
A0610,827.20 ,2018/03/08,MA1807027
A1215,1470.90 ,2018/03/08,MA1804260
A0704,2536.24 ,2018/03/08,MA1807429
A0930,2386.56 ,2018/03/08,MA1801321
A0353,1034.00 ,2018/03/08,MA1803960
A0461,1585.15 ,2018/03/08,MA1802517
A1175,634.06 ,2018/03/08,MA1804618
A0626,2871.76 ,2018/03/08,MA1802325
A0409,6096.16 ,2018/03/08,MA1803931
A0694,1591.04 ,2018/03/08,MA1806485
A1308,413.60 ,2018/03/08,MA1807219
A0880,330.88 ,2018/03/08,MA1807169
A0946,1392.16 ,2018/03/08,MA1802165
A0603,1244.32 ,2018/03/08,MA1803045
A0800,1113.73 ,2018/03/08,MA1804486
A0942,183.86 ,2018/03/08,MA1806209
A1388,1470.90 ,2018/03/08,MA1802418
A1370,4786.27 ,2018/03/08,MA1800562
A0457,1392.16 ,2018/03/08,MA1806085
A0987,8156.81 ,2018/03/08,MA1806674
A0462,8624.00 ,2018/03/08,MA1808809
A0445,1113.73 ,2018/03/08,MA1804845
A0987,4267.31 ,2018/03/08,MA1808043
A0716,1193.28 ,2018/03/08,MA1805693
A0830,7315.39 ,2018/03/08,MA1801222
A0731,827.20 ,2018/03/08,MA1804150
A1212,330.88 ,2018/03/08,MA1801163
A1202,1988.80 ,2018/03/08,MA1804604
A1326,1193.28 ,2018/03/08,MA1807710
A0918,330.88 ,2018/03/08,MA1800077
A0964,248.86 ,2018/03/08,MA1805905
A1142,1990.92 ,2018/03/08,MA1805541
A1129,3657.70 ,2018/03/08,MA1801390
A1050,1193.28 ,2018/03/09,MA1809229
A0975,1034.00 ,2018/03/09,MA1802404
A1069,1988.80 ,2018/03/09,MA1802136
A1401,1113.73 ,2018/03/09,MA1805714
A1291,8279.04 ,2018/03/09,MA1804595
A0705,4519.68 ,2018/03/09,MA1803597
A0592,735.45 ,2018/03/09,MA1800505
A1135,103.40 ,2018/03/09,MA1800271
A0470,827.20 ,2018/03/09,MA1801921
A1412,2475.29 ,2018/03/09,MA1804940
A1215,661.76 ,2018/03/09,MA1808095
A1278,2871.76 ,2018/03/09,MA1807270
A0704,2386.56 ,2018/03/09,MA1804759
A1058,2871.76 ,2018/03/09,MA1802234
A1188,634.06 ,2018/03/09,MA1801280
A0548,2536.24 ,2018/03/09,MA1800517
A1316,4267.31 ,2018/03/09,MA1807022
A0659,827.20 ,2018/03/09,MA1802106
A1343,2475.29 ,2018/03/09,MA1804953
A0944,1909.25 ,2018/03/09,MA1806365
A0707,6096.16 ,2018/03/09,MA1803141
A0743,413.60 ,2018/03/09,MA1801243
A1316,6899.20 ,2018/03/09,MA1807544
A0603,735.45 ,2018/03/09,MA1809324
A1416,330.88 ,2018/03/09,MA1805748
A0557,1585.15 ,2018/03/09,MA1802821
A1212,4267.31 ,2018/03/09,MA1803307
A1164,7315.39 ,2018/03/09,MA1807592
A0828,5743.52 ,2018/03/09,MA1805260
A0789,4267.31 ,2018/03/09,MA1805595
A1159,1392.16 ,2018/03/09,MA1808463
A0534,735.45 ,2018/03/09,MA1804448
A1120,20747.49 ,2018/03/09,MA1800800
A1260,4267.31 ,2018/03/12,MA1802469
A0744,1585.15 ,2018/03/12,MA1800139
A0861,1193.28 ,2018/03/12,MA1805233
A1176,4519.68 ,2018/03/12,MA1808558
A0452,1113.73 ,2018/03/12,MA1805690
A1133,3657.70 ,2018/03/12,MA1804012
A0837,2475.29 ,2018/03/12,MA1803574
A0560,661.76 ,2018/03/12,MA1800239
A0548,1034.00 ,2018/03/12,MA1805879
A0673,1909.25 ,2018/03/12,MA1806293
A0444,103.40 ,2018/03/12,MA1806614
A1338,3657.70 ,2018/03/12,MA1805954
A0464,1988.80 ,2018/03/12,MA1803368
A0761,827.20 ,2018/03/12,MA1802475
A0496,2386.56 ,2018/03/12,MA1800882
A1420,1591.04 ,2018/03/12,MA1805546
A1214,3657.70 ,2018/03/12,MA1802744
A0459,413.60 ,2018/03/12,MA1802336
A0574,330.88 ,2018/03/12,MA1805433
A1169,634.06 ,2018/03/12,MA1800471
A0495,1392.16 ,2018/03/12,MA1804098
A0480,1193.28 ,2018/03/12,MA1800912
A0438,206.80 ,2018/03/12,MA1803833
A0703,1470.90 ,2018/03/12,MA1805559
A1226,206.80 ,2018/03/12,MA1806952
A1197,2475.29 ,2018/03/12,MA1804307
A1187,1193.28 ,2018/03/12,MA1803894
A0548,517.00 ,2018/03/12,MA1806706
A0574,1392.16 ,2018/03/12,MA1803463
A0764,1909.25 ,2018/03/12,MA1802211
A0503,827.20 ,2018/03/12,MA1808477
A0764,7315.39 ,2018/03/12,MA1802709
A1385,2475.29 ,2018/03/13,MA1807415
A1387,995.46 ,2018/03/13,MA1804690
A0835,1988.80 ,2018/03/13,MA1806060
A0747,517.00 ,2018/03/13,MA1802608
A1034,8156.81 ,2018/03/13,MA1802831
A0368,413.60 ,2018/03/13,MA1803691
A0546,4267.31 ,2018/03/13,MA1802066
A0642,1988.80 ,2018/03/13,MA1807069
A0407,413.60 ,2018/03/13,MA1802990
A1361,413.60 ,2018/03/13,MA1801783
A1108,661.76 ,2018/03/13,MA1803328
A0682,919.31 ,2018/03/13,MA1805923
A0878,1193.28 ,2018/03/13,MA1802125
A1202,827.20 ,2018/03/13,MA1806499
A1240,413.60 ,2018/03/13,MA1808057
A1415,413.60 ,2018/03/13,MA1801447
A0708,330.88 ,2018/03/13,MA1803249
A0576,6096.16 ,2018/03/13,MA1809148
A0542,1591.04 ,2018/03/13,MA1806420
A0382,1034.00 ,2018/03/13,MA1806295
A1278,5743.52 ,2018/03/13,MA1801334
A0716,735.45 ,2018/03/13,MA1801463
A1029,3389.76 ,2018/03/13,MA1809132
A1357,330.88 ,2018/03/13,MA1801476
A0890,1392.16 ,2018/03/13,MA1805743
A0495,1838.63 ,2018/03/13,MA1808443
A0548,5743.52 ,2018/03/13,MA1806044
A0731,5743.52 ,2018/03/13,MA1807197
A1215,3615.74 ,2018/03/13,MA1803085
A0582,413.60 ,2018/03/13,MA1806397
A1181,2475.29 ,2018/03/13,MA1803508
A0412,413.60 ,2018/03/13,MA1800476
A0512,7315.39 ,2018/03/13,MA1806144
A0519,1838.63 ,2018/03/13,MA1807323
A1014,1244.32 ,2018/03/13,MA1802591
A0519,995.46 ,2018/03/13,MA1804902
A0382,1990.92 ,2018/03/13,MA1806612
A1169,2871.76 ,2018/03/13,MA1800728
A0760,2475.29 ,2018/03/13,MA1807094
A1031,827.20 ,2018/03/13,MA1804238
A0883,1591.04 ,2018/03/13,MA1803631
A0808,5743.52 ,2018/03/13,MA1806611
A1323,4243.35 ,2018/03/13,MA1805476
A1088,1988.80 ,2018/03/14,MA1801330
A1054,1034.00 ,2018/03/14,MA1804297
A0493,4519.68 ,2018/03/14,MA1804765
A1193,919.31 ,2018/03/14,MA1801335
A0792,735.45 ,2018/03/14,MA1800191
A0726,919.31 ,2018/03/14,MA1804883
A1102,4243.35 ,2018/03/14,MA1803037
A0778,2488.65 ,2018/03/14,MA1802276
A1341,317.03 ,2018/03/14,MA1809243
A0557,1990.92 ,2018/03/14,MA1801285
A1178,2871.76 ,2018/03/14,MA1808151
A0816,6899.20 ,2018/03/14,MA1808018
A1057,995.46 ,2018/03/14,MA1802147
A0632,3536.12 ,2018/03/14,MA1802995
A1232,1990.92 ,2018/03/14,MA1809131
A1035,1470.90 ,2018/03/14,MA1807686
A0763,919.31 ,2018/03/14,MA1805606
A0795,5743.52 ,2018/03/14,MA1805342
A0470,3350.39 ,2018/03/14,MA1808020
A0808,827.20 ,2018/03/14,MA1802445
A0414,7315.39 ,2018/03/14,MA1806191
A0567,1585.15 ,2018/03/14,MA1801340
A1326,995.46 ,2018/03/14,MA1809254
A1229,661.76 ,2018/03/14,MA1806954
A0965,3536.12 ,2018/03/14,MA1808327
A0589,9620.42 ,2018/03/14,MA1804501
A0670,5743.52 ,2018/03/14,MA1801205
A0434,1392.16 ,2018/03/15,MA1800469
A0819,4329.60 ,2018/03/15,MA1805048
A0503,2711.81 ,2018/03/15,MA1807230
A1071,1268.12 ,2018/03/15,MA1803267
A0765,2536.24 ,2018/03/15,MA1804051
A1308,517.00 ,2018/03/15,MA1804833
A0424,8624.00 ,2018/03/15,MA1803785
A0877,1909.25 ,2018/03/15,MA1809327
A0839,413.60 ,2018/03/15,MA1808099
A0581,1034.00 ,2018/03/15,MA1801936
A0987,9620.42 ,2018/03/15,MA1808021
A0607,1909.25 ,2018/03/15,MA1804504
A1282,6899.20 ,2018/03/15,MA1800422
A0462,10386.43 ,2018/03/15,MA1805596
A0380,1470.90 ,2018/03/15,MA1806765
A1381,1244.32 ,2018/03/15,MA1801400
A1092,3536.12 ,2018/03/15,MA1800260
A0708,367.73 ,2018/03/15,MA1801042
A0846,1838.63 ,2018/03/15,MA1803926
A0552,827.20 ,2018/03/15,MA1803840
A1020,1193.28 ,2018/03/15,MA1801125
A1343,330.88 ,2018/03/15,MA1808735
A0642,413.60 ,2018/03/15,MA1806200
A1290,735.45 ,2018/03/15,MA1808772
A0354,3657.70 ,2018/03/16,MA1806818
A1079,2711.81 ,2018/03/16,MA1804898
A0502,1193.28 ,2018/03/16,MA1805514
A0445,1034.00 ,2018/03/16,MA1805381
A1027,735.45 ,2018/03/16,MA1803346
A1144,4267.31 ,2018/03/16,MA1808082
A0592,1268.12 ,2018/03/16,MA1807486
A1326,1034.00 ,2018/03/16,MA1800024
A1047,16577.40 ,2018/03/16,MA1802428
A0864,1838.63 ,2018/03/16,MA1801039
A1260,1909.25 ,2018/03/16,MA1808303
A0412,4519.68 ,2018/03/16,MA1803912
A0495,735.45 ,2018/03/16,MA1809220
A1164,1193.28 ,2018/03/16,MA1802047
A0884,4786.27 ,2018/03/16,MA1803475
A0462,413.60 ,2018/03/16,MA1806957
A0965,1193.28 ,2018/03/16,MA1804055
A1076,4243.35 ,2018/03/16,MA1808780
A0977,2386.56 ,2018/03/16,MA1803587
A0816,6026.30 ,2018/03/16,MA1805815
A0764,3350.39 ,2018/03/16,MA1801884
A0943,1244.32 ,2018/03/16,MA1806062
A0557,3350.39 ,2018/03/16,MA1801307
A1027,330.88 ,2018/03/16,MA1800916
A0993,2536.24 ,2018/03/16,MA1808764
A1388,1193.28 ,2018/03/16,MA1806959
A0907,6096.16 ,2018/03/16,MA1802461
A0470,1990.92 ,2018/03/16,MA1807241
A1384,1988.80 ,2018/03/16,MA1805634
A1285,1193.28 ,2018/03/16,MA1805112
A0990,995.46 ,2018/03/16,MA1801636
A0673,1591.04 ,2018/03/16,MA1805758
A0890,413.60 ,2018/03/16,MA1800071
A0495,827.20 ,2018/03/16,MA1801273
A1056,1591.04 ,2018/03/16,MA1801140
A0514,3350.39 ,2018/03/16,MA1808289
A1101,330.88 ,2018/03/16,MA1802525
A0389,1591.04 ,2018/03/19,MA1803924
A0655,1113.73 ,2018/03/19,MA1805808
A0502,2871.76 ,2018/03/19,MA1801078
A0830,661.76 ,2018/03/19,MA1808461
A1206,103.40 ,2018/03/19,MA1801786
A0615,1034.00 ,2018/03/19,MA1807493
A0973,2488.65 ,2018/03/19,MA1801660
A1293,413.60 ,2018/03/19,MA1800037
A1206,661.76 ,2018/03/19,MA1808170
A0422,1113.73 ,2018/03/19,MA1802167
A0574,2871.76 ,2018/03/19,MA1802818
A1095,1244.32 ,2018/03/19,MA1803197
A0574,1034.00 ,2018/03/19,MA1801496
A0457,1988.80 ,2018/03/19,MA1806973
A0495,3350.39 ,2018/03/19,MA1806493
A1035,367.73 ,2018/03/19,MA1801011
A1169,995.46 ,2018/03/19,MA1803095
A0627,82.72 ,2018/03/19,MA1800533
A1416,517.00 ,2018/03/19,MA1801138
A0514,1909.25 ,2018/03/19,MA1801377
A0937,827.20 ,2018/03/19,MA1804040
A1079,6096.16 ,2018/03/19,MA1803823
A0919,3389.76 ,2018/03/19,MA1803352
A1009,3170.30 ,2018/03/19,MA1801819
A1095,1909.25 ,2018/03/19,MA1807144
A0955,995.46 ,2018/03/19,MA1806488
A1390,2386.56 ,2018/03/19,MA1805403
A0547,26406.80 ,2018/03/19,MA1806572
A0643,517.00 ,2018/03/19,MA1802924
A1030,827.20 ,2018/03/19,MA1807923
A0771,13848.58 ,2018/03/19,MA1800974
A0515,1990.92 ,2018/03/19,MA1803696
A0881,1470.90 ,2018/03/19,MA1804839
A1100,1470.90 ,2018/03/19,MA1804841
A0607,1268.12 ,2018/03/20,MA1801086
A0421,1990.92 ,2018/03/20,MA1803797
A0565,1034.00 ,2018/03/20,MA1800098
A0777,1909.25 ,2018/03/20,MA1800622
A1147,1244.32 ,2018/03/20,MA1807998
A1123,1838.63 ,2018/03/20,MA1804263
A0798,827.20 ,2018/03/20,MA1803775
A1009,2475.29 ,2018/03/20,MA1808408
A1282,827.20 ,2018/03/20,MA1800403
A0892,4243.35 ,2018/03/20,MA1801091
A1163,1034.00 ,2018/03/20,MA1805395
A0742,995.46 ,2018/03/20,MA1801032
A0927,413.60 ,2018/03/20,MA1808286
A1323,1591.04 ,2018/03/20,MA1800775
A0583,103.40 ,2018/03/20,MA1804805
A1348,2871.76 ,2018/03/20,MA1804463
A0473,8624.00 ,2018/03/20,MA1800253
A0816,2386.56 ,2018/03/20,MA1808338
A0414,2475.29 ,2018/03/20,MA1800331
A0616,2871.76 ,2018/03/20,MA1802191
A0826,919.31 ,2018/03/20,MA1801142
A1124,413.60 ,2018/03/20,MA1806599
A1178,1244.32 ,2018/03/20,MA1806410
A1343,2386.56 ,2018/03/20,MA1803203
A0743,1193.28 ,2018/03/20,MA1804394
A1309,1988.80 ,2018/03/20,MA1804187
A0548,5743.52 ,2018/03/20,MA1807626
A0702,3170.30 ,2018/03/21,MA1803222
A0783,3170.30 ,2018/03/21,MA1801293
A0715,413.60 ,2018/03/21,MA1804803
A0550,1244.32 ,2018/03/21,MA1805061
A1244,1909.25 ,2018/03/21,MA1808072
A1054,2386.56 ,2018/03/21,MA1809154
A1313,919.31 ,2018/03/21,MA1804775
A0497,661.76 ,2018/03/21,MA1805562
A1397,4243.35 ,2018/03/21,MA1806688
A0702,3389.76 ,2018/03/21,MA1803980
A1382,413.60 ,2018/03/21,MA1800486
A1152,7315.39 ,2018/03/21,MA1806363
A1371,2488.65 ,2018/03/21,MA1801150
A0546,3657.70 ,2018/03/21,MA1804138
A0879,517.00 ,2018/03/21,MA1803380
A0826,330.88 ,2018/03/21,MA1801369
A1345,1591.04 ,2018/03/21,MA1804858
A1215,1988.80 ,2018/03/21,MA1806665
A0670,2871.76 ,2018/03/21,MA1803824
A0531,661.76 ,2018/03/21,MA1803064
A0427,1034.00 ,2018/03/21,MA1801540
A0792,330.88 ,2018/03/21,MA1805343
A0377,2536.24 ,2018/03/21,MA1800066
A1370,367.73 ,2018/03/21,MA1805806
A0754,8624.00 ,2018/03/21,MA1809025
A0530,1113.73 ,2018/03/21,MA1808411
A0931,1909.25 ,2018/03/21,MA1803530
A1142,1193.28 ,2018/03/21,MA1808292
A1120,1268.12 ,2018/03/21,MA1801787
A0853,1990.92 ,2018/03/21,MA1802317
A0795,3615.74 ,2018/03/21,MA1803851
A0754,1591.04 ,2018/03/21,MA1804443
A1216,735.45 ,2018/03/21,MA1802415
A1232,330.88 ,2018/03/21,MA1805117
A0992,413.60 ,2018/03/21,MA1804614
A1312,2386.56 ,2018/03/21,MA1806018
A1055,3350.39 ,2018/03/21,MA1800903
A0574,1838.63 ,2018/03/21,MA1809299
A0781,919.31 ,2018/03/21,MA1804246
A1291,2871.76 ,2018/03/22,MA1806998
A1230,1193.28 ,2018/03/22,MA1801983
A0426,1268.12 ,2018/03/22,MA1802661
A1402,1585.15 ,2018/03/22,MA1802857
A0856,1838.63 ,2018/03/22,MA1801744
A0910,1585.15 ,2018/03/22,MA1805547
A0790,3389.76 ,2018/03/22,MA1804567
A1256,317.03 ,2018/03/22,MA1803694
A0967,2536.24 ,2018/03/22,MA1804100
A1046,1909.25 ,2018/03/22,MA1801664
A0709,3657.70 ,2018/03/22,MA1809031
A1343,4267.31 ,2018/03/22,MA1805318
A0880,7315.39 ,2018/03/22,MA1806152
A1068,2536.24 ,2018/03/22,MA1809381
A0982,1392.16 ,2018/03/22,MA1800182
A0444,1838.63 ,2018/03/22,MA1809178
A1167,661.76 ,2018/03/22,MA1805539
A0824,1392.16 ,2018/03/22,MA1806841
A0773,26406.80 ,2018/03/22,MA1803815
A0519,413.60 ,2018/03/22,MA1804231
A0522,1838.63 ,2018/03/22,MA1801246
A0992,367.73 ,2018/03/22,MA1801882
A0480,1591.04 ,2018/03/22,MA1805920
A0738,919.31 ,2018/03/22,MA1801189
A1419,827.20 ,2018/03/22,MA1807074
A0927,1392.16 ,2018/03/22,MA1801777
A1153,248.86 ,2018/03/22,MA1806730
A1334,827.20 ,2018/03/22,MA1806317
A0530,330.88 ,2018/03/22,MA1804347
A0464,330.88 ,2018/03/22,MA1807918
A0357,26406.80 ,2018/03/22,MA1807706
A1100,827.20 ,2018/03/22,MA1805052
A1072,3536.12 ,2018/03/22,MA1803164
A1095,413.60 ,2018/03/22,MA1807400
A0576,3657.70 ,2018/03/22,MA1800917
A0987,827.20 ,2018/03/22,MA1808913
A0763,4786.27 ,2018/03/22,MA1803098
A1193,1470.90 ,2018/03/23,MA1800072
A0763,3350.39 ,2018/03/23,MA1809095
A1353,6899.20 ,2018/03/23,MA1806253
A1183,1470.90 ,2018/03/23,MA1807652
A0478,1470.90 ,2018/03/23,MA1804664
A0569,1244.32 ,2018/03/23,MA1808164
A0626,1838.63 ,2018/03/23,MA1802046
A0516,3615.74 ,2018/03/23,MA1805932
A0986,1591.04 ,2018/03/23,MA1804149
A0737,2475.29 ,2018/03/23,MA1806354
A0419,735.45 ,2018/03/23,MA1801348
A0993,165.44 ,2018/03/23,MA1808914
A0800,5743.52 ,2018/03/23,MA1803604
A0438,735.45 ,2018/03/23,MA1803734
A1142,2475.29 ,2018/03/23,MA1801600
A0673,1591.04 ,2018/03/23,MA1808473
A0610,8624.00 ,2018/03/23,MA1805662
A0916,82.72 ,2018/03/23,MA1804700
A1357,4519.68 ,2018/03/23,MA1801145
A1413,248.86 ,2018/03/23,MA1804176
A1095,517.00 ,2018/03/23,MA1809375
A1163,413.60 ,2018/03/23,MA1800129
A1286,413.60 ,2018/03/23,MA1808009
A0607,3350.39 ,2018/03/23,MA1804895
A0445,1193.28 ,2018/03/23,MA1802962
A1068,1909.25 ,2018/03/23,MA1803254
A0471,1909.25 ,2018/03/23,MA1800923
A1132,330.88 ,2018/03/23,MA1802605
A0686,317.03 ,2018/03/23,MA1802789
A0616,413.60 ,2018/03/23,MA1801677
A0942,2386.56 ,2018/03/23,MA1805454
A0934,3350.39 ,2018/03/26,MA1804685
A1408,3350.39 ,2018/03/26,MA1800523
A0972,4243.35 ,2018/03/26,MA1801815
A0795,827.20 ,2018/03/26,MA1801797
A0630,1990.92 ,2018/03/26,MA1805322
A0379,827.20 ,2018/03/26,MA1807518
A1031,4243.35 ,2018/03/26,MA1807353
A0991,661.76 ,2018/03/26,MA1808591
A0519,1470.90 ,2018/03/26,MA1803999
A1068,1244.32 ,2018/03/26,MA1806940
A0884,3350.39 ,2018/03/26,MA1801790
A1035,827.20 ,2018/03/26,MA1804248
A0463,2488.65 ,2018/03/26,MA1801265
A1319,1838.63 ,2018/03/26,MA1801503
A0884,1244.32 ,2018/03/26,MA1806628
A0513,1244.32 ,2018/03/26,MA1808880
A0480,5743.52 ,2018/03/26,MA1807465
A0657,330.88 ,2018/03/26,MA1800516
A0934,1988.80 ,2018/03/26,MA1806605
A0583,1392.16 ,2018/03/26,MA1804602
A0852,2871.76 ,2018/03/26,MA1807048
A0963,5743.52 ,2018/03/26,MA1808078
A1135,3657.70 ,2018/03/26,MA1808267
A0403,735.45 ,2018/03/26,MA1808667
A1409,413.60 ,2018/03/26,MA1802134
A0679,827.20 ,2018/03/26,MA1803144
A1146,1193.28 ,2018/03/26,MA1801571
A0945,1591.04 ,2018/03/26,MA1809236
A1249,827.20 ,2018/03/26,MA1804698
A0877,1591.04 ,2018/03/26,MA1806581
A0350,4329.60 ,2018/03/26,MA1807576
A1306,1470.90 ,2018/03/26,MA1800951
A0949,206.80 ,2018/03/26,MA1805144
A1113,1034.00 ,2018/03/27,MA1809284
A1217,1909.25 ,2018/03/27,MA1809040
A0565,26406.80 ,2018/03/27,MA1802412
A0380,1113.73 ,2018/03/27,MA1802114
A0781,1591.04 ,2018/03/27,MA1805949
A1137,15328.37 ,2018/03/27,MA1806659
A0512,413.60 ,2018/03/27,MA1806622
A0724,24896.99 ,2018/03/27,MA1804835
A1236,919.31 ,2018/03/27,MA1803031
A0353,4243.35 ,2018/03/27,MA1804444
A0864,661.76 ,2018/03/27,MA1808206
A0487,2711.81 ,2018/03/27,MA1800511
A0424,6899.20 ,2018/03/27,MA1803605
A0481,3350.39 ,2018/03/27,MA1805963
A0404,2711.81 ,2018/03/27,MA1804000
A0843,919.31 ,2018/03/27,MA1802944
A1127,183.86 ,2018/03/27,MA1802827
A0694,5743.52 ,2018/03/27,MA1807396
A1371,995.46 ,2018/03/27,MA1800807
A0761,1585.15 ,2018/03/27,MA1802005
A1323,367.73 ,2018/03/27,MA1800004
A0744,919.31 ,2018/03/27,MA1805953
A0846,3657.70 ,2018/03/27,MA1804830
A0399,2386.56 ,2018/03/27,MA1807672
A1252,1113.73 ,2018/03/27,MA1806669
A0445,2475.29 ,2018/03/27,MA1804319
A0701,1838.63 ,2018/03/27,MA1808276
A1058,497.73 ,2018/03/27,MA1805153
A0720,1113.73 ,2018/03/27,MA1803554
A0732,6026.30 ,2018/03/28,MA1808192
A1214,919.31 ,2018/03/28,MA1804203
A1240,1591.04 ,2018/03/28,MA1805884
A0994,995.46 ,2018/03/28,MA1801698
A1225,2536.24 ,2018/03/28,MA1808554
A1142,1193.28 ,2018/03/28,MA1805737
A1335,517.00 ,2018/03/28,MA1805648
A1118,15328.37 ,2018/03/28,MA1802911
A0356,2871.76 ,2018/03/28,MA1804308
A0864,413.60 ,2018/03/28,MA1800251
A1350,827.20 ,2018/03/28,MA1808393
A0871,5412.00 ,2018/03/28,MA1802640
A0790,517.00 ,2018/03/28,MA1808108
A1073,2536.24 ,2018/03/28,MA1803568
A1014,2386.56 ,2018/03/28,MA1808974
A0821,6026.30 ,2018/03/28,MA1803124
A1101,6026.30 ,2018/03/28,MA1808215
A1346,1113.73 ,2018/03/28,MA1800849
A0952,735.45 ,2018/03/28,MA1801404
A0945,2386.56 ,2018/03/28,MA1803139
A0513,4243.35 ,2018/03/28,MA1801339
A1305,4267.31 ,2018/03/28,MA1808453
A1305,13021.58 ,2018/03/28,MA1801788
A0824,2475.29 ,2018/03/28,MA1805687
A1367,1591.04 ,2018/03/28,MA1801971
A0781,2475.29 ,2018/03/28,MA1805429
A0495,919.31 ,2018/03/28,MA1805037
A0743,2386.56 ,2018/03/28,MA1808492
A0387,1193.28 ,2018/03/28,MA1804092
A0955,4243.35 ,2018/03/28,MA1801911
A1357,1988.80 ,2018/03/28,MA1805789
A1313,4329.60 ,2018/03/28,MA1808886
A0429,4267.31 ,2018/03/28,MA1807428
A0826,103.40 ,2018/03/28,MA1806790
A0377,413.60 ,2018/03/28,MA1800295
A1282,1113.73 ,2018/03/28,MA1800985
A0681,10348.80 ,2018/03/28,MA1800647
A0670,2475.29 ,2018/03/28,MA1803635
A0450,4243.35 ,2018/03/29,MA1808640
A1272,919.31 ,2018/03/29,MA1800586
A1029,2871.76 ,2018/03/29,MA1802668
A1002,413.60 ,2018/03/29,MA1809305
A0582,1268.12 ,2018/03/29,MA1809246
A0630,82.72 ,2018/03/29,MA1808765
A0367,20747.49 ,2018/03/29,MA1800962
A0990,1193.28 ,2018/03/29,MA1802423
A0746,413.60 ,2018/03/29,MA1800668
A1188,517.00 ,2018/03/29,MA1801817
A0377,1591.04 ,2018/03/29,MA1802261
A0842,995.46 ,2018/03/29,MA1808807
A0574,3657.70 ,2018/03/29,MA1805028
A0927,634.06 ,2018/03/29,MA1803764
A0408,413.60 ,2018/03/29,MA1803751
A1130,10386.43 ,2018/03/29,MA1802883
A1225,13848.58 ,2018/03/29,MA1805713
A0627,827.20 ,2018/03/29,MA1805067
A1085,1591.04 ,2018/03/29,MA1802662
A1182,661.76 ,2018/03/30,MA1807841
A0801,1470.90 ,2018/03/30,MA1807158
A0414,1909.25 ,2018/03/30,MA1806634
A0574,330.88 ,2018/03/30,MA1805384
A0725,24896.99 ,2018/03/30,MA1800198
A1243,827.20 ,2018/03/30,MA1807249
A0964,1591.04 ,2018/03/30,MA1803673
A0671,2475.29 ,2018/03/30,MA1803274
A1258,735.45 ,2018/03/30,MA1808550
A0695,3389.76 ,2018/03/30,MA1801728
A1030,2711.81 ,2018/03/30,MA1806352
A1387,1034.00 ,2018/03/30,MA1801622
A1387,1591.04 ,2018/03/30,MA1806304
A1332,330.88 ,2018/03/30,MA1803421
A0632,82.72 ,2018/03/30,MA1805887
A0830,1990.92 ,2018/03/30,MA1808251
A0403,1392.16 ,2018/03/30,MA1809348
A0808,1838.63 ,2018/03/30,MA1800419
A0404,827.20 ,2018/03/30,MA1807567
A1249,2488.65 ,2018/03/30,MA1805708
A1150,4329.60 ,2018/03/30,MA1804266
A0567,517.00 ,2018/03/30,MA1803669
A1057,6026.30 ,2018/03/30,MA1802033
A0792,2428.80 ,2018/04/02,AP1801782
A0350,252.05 ,2018/04/02,AP1804243
A1384,4488.00 ,2018/04/02,AP1807152
A0688,3225.25 ,2018/04/02,AP1801333
A0890,27839.00 ,2018/04/02,AP1805509
A1130,8279.88 ,2018/04/02,AP1806331
A0470,9020.00 ,2018/04/02,AP1802724
A0458,1260.27 ,2018/04/02,AP1800287
A1311,4328.12 ,2018/04/02,AP1804137
A1410,5858.27 ,2018/04/02,AP1801599
A1054,1260.27 ,2018/04/02,AP1806210
A1188,1260.27 ,2018/04/03,AP1800058
A1257,2787.84 ,2018/04/03,AP1805270
A1047,2787.84 ,2018/04/03,AP1803276
A0453,4328.12 ,2018/04/03,AP1809137
A0565,7496.16 ,2018/04/03,AP1802434
A0821,1612.63 ,2018/04/03,AP1806280
A0542,5858.27 ,2018/04/03,AP1804818
A1221,10755.36 ,2018/04/03,AP1808565
A0495,4328.12 ,2018/04/03,AP1807837
A1167,3225.25 ,2018/04/03,AP1800366
A0893,2580.20 ,2018/04/04,AP1806261
A1316,13531.32 ,2018/04/04,AP1803672
A0982,6246.80 ,2018/04/04,AP1807066
A0461,2520.54 ,2018/04/04,AP1801885
A0679,10755.36 ,2018/04/04,AP1804645
A1367,2520.54 ,2018/04/04,AP1800303
A0415,1290.10 ,2018/04/04,AP1801378
A0881,9020.00 ,2018/04/04,AP1806521
A1290,2520.54 ,2018/04/04,AP1801611
A0673,372.44 ,2018/04/04,AP1808657
A1181,104.50 ,2018/04/04,AP1806272
A0761,6246.80 ,2018/04/04,AP1800262
A0684,3225.25 ,2018/04/04,AP1806675
A1292,186.22 ,2018/04/04,AP1802746
A0487,167.20 ,2018/04/04,AP1802812
A1236,2520.54 ,2018/04/05,AP1803525
A1114,3717.12 ,2018/04/05,AP1800312
A0972,5610.00 ,2018/04/05,AP1803035
A0830,167.20 ,2018/04/05,AP1804623
A0696,6246.80 ,2018/04/05,AP1806784
A1027,4646.40 ,2018/04/05,AP1802013
A1050,33406.80 ,2018/04/05,AP1802108
A0743,10824.00 ,2018/04/06,AP1805031
A1212,3225.25 ,2018/04/06,AP1804292
A1248,6246.80 ,2018/04/06,AP1800134
A1150,2428.80 ,2018/04/06,AP1800672
A0932,372.44 ,2018/04/06,AP1808980
A0942,4881.89 ,2018/04/06,AP1800754
A0428,21756.24 ,2018/04/06,AP1801574
A0785,3225.25 ,2018/04/06,AP1803266
A1058,4488.00 ,2018/04/06,AP1800014
A0720,4881.89 ,2018/04/06,AP1804386
A1153,3484.80 ,2018/04/06,AP1807966
A1242,4646.40 ,2018/04/09,AP1802650
A0781,209.00 ,2018/04/09,AP1802290
A1029,1290.10 ,2018/04/09,AP1807982
A0949,3417.32 ,2018/04/09,AP1804220
A0990,4488.00 ,2018/04/09,AP1808898
A0557,1290.10 ,2018/04/09,AP1803620
A0799,5858.27 ,2018/04/09,AP1802759
A0961,1290.10 ,2018/04/09,AP1807989
A0943,16073.64 ,2018/04/09,AP1807129
A0982,372.44 ,2018/04/09,AP1801731
A0834,1260.27 ,2018/04/10,AP1800957
A0843,17314.50 ,2018/04/10,AP1808243
A0739,5858.27 ,2018/04/10,AP1807899
A1003,13531.32 ,2018/04/10,AP1803009
A1388,21756.24 ,2018/04/10,AP1801383
A1116,5858.27 ,2018/04/10,AP1801454
A0845,8279.88 ,2018/04/10,AP1800589
A0696,7496.16 ,2018/04/10,AP1808719
A1169,8659.20 ,2018/04/10,AP1800378
A1216,1260.27 ,2018/04/10,AP1802491
A0457,645.05 ,2018/04/10,AP1802176
A0627,1260.27 ,2018/04/10,AP1807866
A0473,4488.00 ,2018/04/10,AP1800382
A0415,1612.63 ,2018/04/10,AP1806950
A0586,1290.10 ,2018/04/11,AP1803205
A1226,3417.32 ,2018/04/11,AP1800907
A1153,209.00 ,2018/04/11,AP1807639
A0835,2787.84 ,2018/04/11,AP1807622
A0800,2520.54 ,2018/04/11,AP1801697
A1270,504.11 ,2018/04/11,AP1804530
A1169,4488.00 ,2018/04/11,AP1801180
A1144,2428.80 ,2018/04/11,AP1807744
A1369,17314.50 ,2018/04/11,AP1801769
A0994,372.44 ,2018/04/11,AP1808308
A1314,2787.84 ,2018/04/11,AP1809104
A0724,4328.12 ,2018/04/12,AP1808068
A1034,504.11 ,2018/04/12,AP1804474
A0395,10755.36 ,2018/04/12,AP1801938
A0693,2787.84 ,2018/04/12,AP1805625
A0990,167.20 ,2018/04/12,AP1801650
A1299,19288.37 ,2018/04/12,AP1805394
A0432,10755.36 ,2018/04/12,AP1804141
A0429,5858.27 ,2018/04/12,AP1801059
A1187,4328.12 ,2018/04/12,AP1807258
A0587,2428.80 ,2018/04/12,AP1802550
A0905,104.50 ,2018/04/13,AP1800835
A0473,5610.00 ,2018/04/13,AP1800719
A0504,209.00 ,2018/04/13,AP1803882
A1255,9997.02 ,2018/04/13,AP1804933
A1197,7216.00 ,2018/04/13,AP1802714
A0427,6246.80 ,2018/04/13,AP1804611
A1007,4328.12 ,2018/04/13,AP1800169
A1271,1290.10 ,2018/04/13,AP1806646
A0997,2580.20 ,2018/04/13,AP1802168
A0629,1290.10 ,2018/04/16,AP1805775
A1288,6246.80 ,2018/04/16,AP1808693
A1390,3417.32 ,2018/04/16,AP1808161
A0716,7216.00 ,2018/04/16,AP1804157
A0743,7216.00 ,2018/04/16,AP1808938
A0438,7216.00 ,2018/04/16,AP1806877
A1415,252.05 ,2018/04/16,AP1802652
A1319,1260.27 ,2018/04/16,AP1800556
A0463,4372.76 ,2018/04/16,AP1809167
A1130,5610.00 ,2018/04/16,AP1805610
A0978,1260.27 ,2018/04/16,AP1801733
A1415,1260.27 ,2018/04/16,AP1802530
A0350,2520.54 ,2018/04/17,AP1807632
A0773,645.05 ,2018/04/17,AP1800617
A1168,4328.12 ,2018/04/17,AP1809187
A1401,3225.25 ,2018/04/17,AP1808672
A1381,4488.00 ,2018/04/17,AP1802757
A0800,4372.76 ,2018/04/17,AP1802771
A1003,4372.76 ,2018/04/17,AP1806486
A1290,1260.27 ,2018/04/17,AP1802351
A0763,16073.64 ,2018/04/17,AP1801001
A0946,2580.20 ,2018/04/17,AP1801952
A0350,3417.32 ,2018/04/17,AP1802277
A0808,6246.80 ,2018/04/17,AP1806849
A0576,8659.20 ,2018/04/18,AP1807349
A0881,7496.16 ,2018/04/18,AP1803427
A0833,1290.10 ,2018/04/18,AP1800847
A0504,3225.25 ,2018/04/18,AP1805292
A0493,5610.00 ,2018/04/18,AP1803769
A0853,1260.27 ,2018/04/18,AP1808370
A1285,6246.80 ,2018/04/18,AP1805567
A1343,4881.89 ,2018/04/18,AP1808594
A0747,83.60 ,2018/04/18,AP1801178
A0893,1612.63 ,2018/04/18,AP1808092
A1240,186.22 ,2018/04/18,AP1803977
A0907,3417.32 ,2018/04/18,AP1803106
A1338,645.05 ,2018/04/19,AP1803708
A0467,8279.88 ,2018/04/19,AP1807907
A1038,2580.20 ,2018/04/19,AP1806651
A1164,5610.00 ,2018/04/19,AP1803413
A1221,2428.80 ,2018/04/19,AP1800723
A1232,21756.24 ,2018/04/19,AP1806087
A1282,167.20 ,2018/04/19,AP1805120
A0382,3484.80 ,2018/04/19,AP1809359
A1123,4372.76 ,2018/04/19,AP1803108
A0929,167.20 ,2018/04/19,AP1802169
A1076,5610.00 ,2018/04/19,AP1803433
A0607,1612.63 ,2018/04/19,AP1803457
A1230,5858.27 ,2018/04/19,AP1805273
A0408,7496.16 ,2018/04/20,AP1805962
A1036,1290.10 ,2018/04/20,AP1806333
A1358,1260.27 ,2018/04/20,AP1805637
A0774,5858.27 ,2018/04/20,AP1801818
A0834,3225.25 ,2018/04/20,AP1807161
A1407,372.44 ,2018/04/20,AP1805361
A0377,9020.00 ,2018/04/20,AP1804741
A0352,10824.00 ,2018/04/20,AP1807483
A1002,209.00 ,2018/04/20,AP1805274
A0632,1290.10 ,2018/04/20,AP1809199
A0987,7216.00 ,2018/04/20,AP1804568
A1413,2520.54 ,2018/04/20,AP1806149
A0531,8405.34 ,2018/04/20,AP1807160
A1188,9997.02 ,2018/04/23,AP1807826
A0643,1290.10 ,2018/04/23,AP1803338
A1208,3717.12 ,2018/04/23,AP1808832
A0930,3717.12 ,2018/04/23,AP1806903
A0372,1290.10 ,2018/04/23,AP1808066
A1108,3417.32 ,2018/04/23,AP1800222
A1227,7216.00 ,2018/04/23,AP1804186
A0762,3717.12 ,2018/04/23,AP1801858
A1334,3417.32 ,2018/04/23,AP1808470
A0502,1612.63 ,2018/04/23,AP1806047
A1142,1290.10 ,2018/04/23,AP1804619
A0670,1290.10 ,2018/04/23,AP1807776
A1212,2520.54 ,2018/04/23,AP1807591
A1331,16073.64 ,2018/04/23,AP1803818
A1014,167.20 ,2018/04/23,AP1800535
A0953,7216.00 ,2018/04/23,AP1808125
A1277,7216.00 ,2018/04/23,AP1809357
A0583,186.22 ,2018/04/23,AP1801994
A0845,4488.00 ,2018/04/23,AP1800663
A1334,6246.80 ,2018/04/23,AP1807397
A0415,16073.64 ,2018/04/23,AP1808313
A1146,4372.76 ,2018/04/23,AP1809176
A0922,1612.63 ,2018/04/23,AP1806057
A0747,2428.80 ,2018/04/23,AP1805810
A1332,1290.10 ,2018/04/23,AP1804732
A0641,21756.24 ,2018/04/24,AP1806594
A0806,167.20 ,2018/04/24,AP1808823
A0435,2520.54 ,2018/04/24,AP1808044
A0890,4372.76 ,2018/04/24,AP1802262
A0846,9997.02 ,2018/04/24,AP1800872
A0583,2428.80 ,2018/04/24,AP1808592
A0429,2428.80 ,2018/04/24,AP1804515
A0399,1612.63 ,2018/04/24,AP1808185
A0942,1290.10 ,2018/04/24,AP1804262
A0945,252.05 ,2018/04/24,AP1806188
A1225,1260.27 ,2018/04/24,AP1803811
A1110,3225.25 ,2018/04/24,AP1807704
A0459,14340.48 ,2018/04/24,AP1806036
A0457,1612.63 ,2018/04/24,AP1805826
A1387,8659.20 ,2018/04/24,AP1800832
A1212,3417.32 ,2018/04/24,AP1808410
A1027,4328.12 ,2018/04/24,AP1805619
A1346,3225.25 ,2018/04/24,AP1801475
A0461,3417.32 ,2018/04/25,AP1801057
A1236,4328.12 ,2018/04/25,AP1800356
A1090,4328.12 ,2018/04/25,AP1803358
A1078,7216.00 ,2018/04/25,AP1805486
A1210,5610.00 ,2018/04/25,AP1804694
A0789,7216.00 ,2018/04/25,AP1800678
A0859,1612.63 ,2018/04/25,AP1805089
A1195,1290.10 ,2018/04/25,AP1801908
A0796,1260.27 ,2018/04/25,AP1801090
A0824,1612.63 ,2018/04/25,AP1803682
A1270,11207.12 ,2018/04/25,AP1804726
A0695,167.20 ,2018/04/25,AP1801789
A1089,1260.27 ,2018/04/25,AP1806577
A1290,4328.12 ,2018/04/25,AP1806290
A1367,7496.16 ,2018/04/25,AP1804400
A0901,2787.84 ,2018/04/25,AP1800501
A1264,167.20 ,2018/04/25,AP1807540
A1264,209.00 ,2018/04/26,AP1806424
A1269,2520.54 ,2018/04/26,AP1805613
A1091,2428.80 ,2018/04/26,AP1805406
A0351,13531.32 ,2018/04/26,AP1802208
A0566,2580.20 ,2018/04/26,AP1807515
A1232,3417.32 ,2018/04/26,AP1805850
A1323,4488.00 ,2018/04/26,AP1804269
A0944,2787.84 ,2018/04/26,AP1800310
A0965,5858.27 ,2018/04/26,AP1804148
A0742,14340.48 ,2018/04/26,AP1805710
A0399,1260.27 ,2018/04/26,AP1806666
A1204,9997.02 ,2018/04/26,AP1803170
A1015,4328.12 ,2018/04/27,AP1808112
A1349,1612.63 ,2018/04/27,AP1805586
A1100,2787.84 ,2018/04/27,AP1808462
A1068,1612.63 ,2018/04/27,AP1802181
A0422,83.60 ,2018/04/30,AP1804216
A1164,6246.80 ,2018/04/30,AP1808096
A0554,8279.88 ,2018/04/30,AP1800873
A1001,2580.20 ,2018/04/30,AP1809160
A0550,372.44 ,2018/04/30,AP1806198
A0819,4646.40 ,2018/04/30,AP1806620
A0411,1260.27 ,2018/04/30,AP1808348
A1058,4328.12 ,2018/04/30,AP1800468
A1415,104.50 ,2018/04/30,AP1806939
A0907,3417.32 ,2018/04/30,AP1805125
A1353,5858.27 ,2018/04/30,AP1800042
A0642,5858.27 ,2018/05/01,MA1800927
A0713,2787.84 ,2018/05/01,MA1803256
A0845,104.50 ,2018/05/01,MA1806284
A0945,3417.32 ,2018/05/01,MA1803618
A0907,9997.02 ,2018/05/01,MA1806692
A0815,504.11 ,2018/05/01,MA1809248
A1101,186.22 ,2018/05/01,MA1801239
A1056,4328.12 ,2018/05/01,MA1801863
A1169,2428.80 ,2018/05/01,MA1800918
A0819,4646.40 ,2018/05/01,MA1803777
A1193,2428.80 ,2018/05/01,MA1806714
A0827,7216.00 ,2018/05/02,MA1800159
A0769,7496.16 ,2018/05/02,MA1805007
A1217,11207.12 ,2018/05/02,MA1803101
A0951,2428.80 ,2018/05/02,MA1801427
A1002,3225.25 ,2018/05/02,MA1805326
A1274,4328.12 ,2018/05/02,MA1807992
A1221,2428.80 ,2018/05/02,MA1800552
A1329,7216.00 ,2018/05/02,MA1808283
A1062,16073.64 ,2018/05/02,MA1801972
A0375,1260.27 ,2018/05/03,MA1804377
A0456,2520.54 ,2018/05/03,MA1804458
A0842,2520.54 ,2018/05/03,MA1802190
A0897,2580.20 ,2018/05/03,MA1804332
A0945,1612.63 ,2018/05/03,MA1805333
A1410,4881.89 ,2018/05/03,MA1801800
A0504,9020.00 ,2018/05/03,MA1802363
A0944,2787.84 ,2018/05/03,MA1800645
A0995,3417.32 ,2018/05/04,MA1805298
A1353,2520.54 ,2018/05/04,MA1808971
A0796,2520.54 ,2018/05/04,MA1803515
A1385,322.53 ,2018/05/04,MA1804840
A0427,8279.88 ,2018/05/04,MA1805327
A0403,372.44 ,2018/05/04,MA1806055
A1265,1260.27 ,2018/05/04,MA1805709
A0576,2428.80 ,2018/05/04,MA1803528
A0757,2520.54 ,2018/05/07,MA1806946
A0776,209.00 ,2018/05/07,MA1804016
A1300,3417.32 ,2018/05/07,MA1804615
A0871,7216.00 ,2018/05/07,MA1805722
A0409,5610.00 ,2018/05/07,MA1809012
A0601,4646.40 ,2018/05/07,MA1806046
A0470,4488.00 ,2018/05/07,MA1802407
A1292,1290.10 ,2018/05/07,MA1808828
A0574,2520.54 ,2018/05/07,MA1801493
A0835,1290.10 ,2018/05/07,MA1807881
A0678,3417.32 ,2018/05/07,MA1805845
A1228,6209.91 ,2018/05/08,MA1805988
A1278,2580.20 ,2018/05/08,MA1802259
A0993,2520.54 ,2018/05/08,MA1801425
A1133,6246.80 ,2018/05/08,MA1800062
A1009,504.11 ,2018/05/08,MA1801079
A0892,7496.16 ,2018/05/08,MA1804160
A1159,2520.54 ,2018/05/08,MA1800706
A0655,1260.27 ,2018/05/08,MA1808916
A1221,3417.32 ,2018/05/08,MA1801850
A0607,1290.10 ,2018/05/09,MA1803355
A0800,2580.20 ,2018/05/09,MA1801223
A0582,16073.64 ,2018/05/09,MA1801826
A1361,2580.20 ,2018/05/09,MA1801344
A0561,4372.76 ,2018/05/09,MA1803893
A0541,4488.00 ,2018/05/09,MA1800280
A0500,7496.16 ,2018/05/09,MA1802799
A1346,3417.32 ,2018/05/09,MA1801326
A0681,2428.80 ,2018/05/09,MA1808016
A1130,21756.24 ,2018/05/09,MA1806278
A0547,17314.50 ,2018/05/09,MA1804329
A0853,3225.25 ,2018/05/09,MA1807060
A1290,7496.16 ,2018/05/09,MA1803359
A1242,2428.80 ,2018/05/10,MA1802006
A0453,10824.00 ,2018/05/10,MA1801253
A1046,2580.20 ,2018/05/10,MA1802037
A1308,504.11 ,2018/05/10,MA1807133
A1004,4372.76 ,2018/05/10,MA1802772
A1072,16073.64 ,2018/05/10,MA1800063
A0905,167.20 ,2018/05/10,MA1800863
A1161,5610.00 ,2018/05/10,MA1805133
A0377,2787.84 ,2018/05/10,MA1807862
A0993,4488.00 ,2018/05/10,MA1808775
A1333,2428.80 ,2018/05/10,MA1804607
A1062,8405.34 ,2018/05/10,MA1800408
A1403,13531.32 ,2018/05/10,MA1800568
A1349,3417.32 ,2018/05/10,MA1802680
A1062,2428.80 ,2018/05/10,MA1802630
A0452,11207.12 ,2018/05/11,MA1802706
A0933,14340.48 ,2018/05/11,MA1806176
A0970,504.11 ,2018/05/11,MA1809121
A1147,1260.27 ,2018/05/11,MA1802999
A0466,104.50 ,2018/05/11,MA1808087
A1210,3717.12 ,2018/05/11,MA1806271
A0435,2428.80 ,2018/05/11,MA1809190
A1014,252.05 ,2018/05/11,MA1808896
A0531,83.60 ,2018/05/11,MA1805035
A0799,3484.80 ,2018/05/11,MA1808384
A0927,27839.00 ,2018/05/11,MA1805519
A0869,3417.32 ,2018/05/11,MA1804382
A0945,4488.00 ,2018/05/11,MA1802586
A0576,252.05 ,2018/05/11,MA1809245
A1191,2520.54 ,2018/05/14,MA1803781
A0877,1612.63 ,2018/05/14,MA1804778
A0891,2580.20 ,2018/05/14,MA1805269
A0952,6246.80 ,2018/05/14,MA1806890
A0963,5858.27 ,2018/05/14,MA1800473
A1240,4328.12 ,2018/05/14,MA1808744
A0835,4646.40 ,2018/05/14,MA1800721
A0350,83.60 ,2018/05/14,MA1807675
A0507,4328.12 ,2018/05/14,MA1801605
A0802,7496.16 ,2018/05/14,MA1805819
A0559,2580.20 ,2018/05/14,MA1808824
A0377,4881.89 ,2018/05/14,MA1802352
A1254,5858.27 ,2018/05/14,MA1807491
A1009,2428.80 ,2018/05/14,MA1805670
A1329,3225.25 ,2018/05/15,MA1806350
A0773,1260.27 ,2018/05/15,MA1805103
A1338,4488.00 ,2018/05/15,MA1801896
A1101,209.00 ,2018/05/15,MA1806399
A0943,3225.25 ,2018/05/15,MA1800401
A0852,2428.80 ,2018/05/15,MA1808378
A0684,4328.12 ,2018/05/15,MA1806529
A1284,21756.24 ,2018/05/15,MA1809313
A1300,2520.54 ,2018/05/15,MA1806229
A1135,2428.80 ,2018/05/16,MA1802765
A0745,372.44 ,2018/05/16,MA1807030
A1152,8659.20 ,2018/05/16,MA1808433
A0424,3417.32 ,2018/05/16,MA1806435
A1132,2428.80 ,2018/05/16,MA1801159
A0703,8405.34 ,2018/05/16,MA1805131
A0945,26107.49 ,2018/05/16,MA1808406
A1232,5858.27 ,2018/05/16,MA1805424
A1230,3225.25 ,2018/05/16,MA1802243
A0808,9997.02 ,2018/05/16,MA1806928
A1257,645.05 ,2018/05/16,MA1804599
A1292,7216.00 ,2018/05/17,MA1800946
A1149,2580.20 ,2018/05/17,MA1800046
A0516,209.00 ,2018/05/17,MA1805935
A1172,1260.27 ,2018/05/17,MA1805413
A0962,2580.20 ,2018/05/17,MA1803448
A1146,9997.02 ,2018/05/17,MA1800248
A1146,167.20 ,2018/05/17,MA1803968
A1064,7496.16 ,2018/05/17,MA1804117
A0412,3717.12 ,2018/05/17,MA1801160
A1334,1260.27 ,2018/05/17,MA1809201
A0412,3225.25 ,2018/05/17,MA1806642
A0724,83.60 ,2018/05/17,MA1801120
A1057,4372.76 ,2018/05/17,MA1803774
A0801,167.20 ,2018/05/17,MA1806582
A1370,21756.24 ,2018/05/17,MA1803323
A0963,167.20 ,2018/05/17,MA1805417
A0891,209.00 ,2018/05/17,MA1805234
A0811,6246.80 ,2018/05/17,MA1804590
A0781,7216.00 ,2018/05/17,MA1806792
A1265,4372.76 ,2018/05/17,MA1807579
A0754,252.05 ,2018/05/18,MA1805526
A0438,10824.00 ,2018/05/18,MA1804990
A0561,186.22 ,2018/05/18,MA1807589
A0666,7216.00 ,2018/05/18,MA1803184
A0442,2428.80 ,2018/05/18,MA1807062
A0850,83.60 ,2018/05/18,MA1805453
A1319,3417.32 ,2018/05/18,MA1801093
A0879,5610.00 ,2018/05/18,MA1807141
A0961,6209.91 ,2018/05/18,MA1805528
A0557,4646.40 ,2018/05/18,MA1800386
A0945,2580.20 ,2018/05/18,MA1807302
A1101,645.05 ,2018/05/18,MA1800137
A0819,3717.12 ,2018/05/18,MA1800103
A1387,19288.37 ,2018/05/18,MA1802512
A1412,16073.64 ,2018/05/18,MA1806837
A1388,33406.80 ,2018/05/18,MA1805872
A0399,2428.80 ,2018/05/18,MA1805026
A1203,1290.10 ,2018/05/21,MA1804708
A1185,4372.76 ,2018/05/21,MA1808219
A0654,2787.84 ,2018/05/21,MA1800571
A0648,3225.25 ,2018/05/21,MA1809097
A1337,19288.37 ,2018/05/21,MA1802390
A0738,3225.25 ,2018/05/21,MA1801976
A0686,1612.63 ,2018/05/21,MA1800520
A0893,1290.10 ,2018/05/21,MA1807802
A1353,9020.00 ,2018/05/21,MA1802249
A0731,504.11 ,2018/05/21,MA1809207
A0846,372.44 ,2018/05/21,MA1808440
A0906,2520.54 ,2018/05/21,MA1801148
A0372,27839.00 ,2018/05/22,MA1807526
A1308,6246.80 ,2018/05/22,MA1801394
A0716,1260.27 ,2018/05/22,MA1806708
A0464,7496.16 ,2018/05/22,MA1802496
A0514,4372.76 ,2018/05/22,MA1809077
A0462,27839.00 ,2018/05/22,MA1807438
A0990,4488.00 ,2018/05/22,MA1804388
A0853,4328.12 ,2018/05/22,MA1800314
A0845,6246.80 ,2018/05/22,MA1805160
A0933,2428.80 ,2018/05/22,MA1802376
A0777,252.05 ,2018/05/23,MA1800529
A0934,11207.12 ,2018/05/23,MA1800798
A0823,6209.91 ,2018/05/23,MA1805552
A1004,4372.76 ,2018/05/23,MA1806915
A1171,504.11 ,2018/05/23,MA1801247
A1419,16073.64 ,2018/05/23,MA1805119
A1302,7496.16 ,2018/05/23,MA1805111
A0821,372.44 ,2018/05/23,MA1805115
A1197,5858.27 ,2018/05/23,MA1801902
A1337,372.44 ,2018/05/23,MA1801562
A1359,10755.36 ,2018/05/23,MA1801336
A0369,3225.25 ,2018/05/23,MA1807277
A0548,1612.63 ,2018/05/24,MA1800426
A0530,1612.63 ,2018/05/24,MA1806815
A0497,167.20 ,2018/05/24,MA1801521
A0629,4372.76 ,2018/05/24,MA1802552
A0987,4328.12 ,2018/05/24,MA1800577
A0997,1290.10 ,2018/05/24,MA1802621
A1359,372.44 ,2018/05/24,MA1806866
A0519,104.50 ,2018/05/24,MA1802703
A0774,2428.80 ,2018/05/25,MA1802781
A0721,7496.16 ,2018/05/25,MA1809078
A1388,1290.10 ,2018/05/25,MA1806825
A1020,209.00 ,2018/05/25,MA1806074
A0665,83.60 ,2018/05/25,MA1807697
A0927,6209.91 ,2018/05/25,MA1807643
A1147,3717.12 ,2018/05/25,MA1801795
A0643,2428.80 ,2018/05/25,MA1804522
A0399,8405.34 ,2018/05/25,MA1806538
A1056,8405.34 ,2018/05/25,MA1803233
A0382,9020.00 ,2018/05/28,MA1802455
A0559,3225.25 ,2018/05/28,MA1802539
A1348,645.05 ,2018/05/28,MA1802402
A1411,504.11 ,2018/05/28,MA1803166
A0446,167.20 ,2018/05/28,MA1806031
A0618,2428.80 ,2018/05/28,MA1807348
A1130,2787.84 ,2018/05/28,MA1804964
A1415,504.11 ,2018/05/28,MA1807289
A0892,4881.89 ,2018/05/28,MA1801135
A1316,167.20 ,2018/05/28,MA1807508
A1029,2520.54 ,2018/05/28,MA1803202
A0930,6209.91 ,2018/05/28,MA1806068
A0452,6246.80 ,2018/05/28,MA1808962
A0916,5610.00 ,2018/05/28,MA1801598
A1390,3225.25 ,2018/05/28,MA1807965
A0660,167.20 ,2018/05/28,MA1803284
A1217,6209.91 ,2018/05/29,MA1802442
A0845,2520.54 ,2018/05/29,MA1803915
A1029,209.00 ,2018/05/29,MA1804952
A1316,2787.84 ,2018/05/29,MA1808866
A1101,4328.12 ,2018/05/29,MA1801228
A0799,7216.00 ,2018/05/29,MA1802052
A0375,8659.20 ,2018/05/29,MA1805419
A1116,27839.00 ,2018/05/29,MA1805396
A1167,5858.27 ,2018/05/29,MA1802511
A0922,2520.54 ,2018/05/29,MA1803466
A0789,167.20 ,2018/05/29,MA1805640
A0947,1290.10 ,2018/05/29,MA1808324
A0632,3484.80 ,2018/05/29,MA1808362
A1413,2787.84 ,2018/05/30,MA1802007
A0471,1290.10 ,2018/05/30,MA1806269
A1386,2520.54 ,2018/05/30,MA1808736
A1241,3417.32 ,2018/05/30,MA1807308
A0997,2428.80 ,2018/05/30,MA1807506
A0773,6246.80 ,2018/05/30,MA1801435
A0534,1612.63 ,2018/05/30,MA1801165
A1343,645.05 ,2018/05/30,MA1802763
A0559,4372.76 ,2018/05/30,MA1809162
A1261,2787.84 ,2018/05/30,MA1805129
A0989,3717.12 ,2018/05/30,MA1805014
A1403,645.05 ,2018/05/30,MA1803362
A1236,3225.25 ,2018/05/30,MA1801609
A0545,1290.10 ,2018/05/31,MA1801111
A0657,2580.20 ,2018/05/31,MA1802493
A0738,322.53 ,2018/05/31,MA1805002
A1062,5610.00 ,2018/05/31,MA1808469
A0704,1612.63 ,2018/05/31,MA1803291
A0502,3484.80 ,2018/05/31,MA1808668
A0916,3417.32 ,2018/05/31,MA1800748
A0708,3484.80 ,2018/05/31,MA1802839
A1260,8405.34 ,2018/05/31,MA1802979
A0350,7496.16 ,2018/05/31,MA1801316
A1413,3417.32 ,2018/05/31,MA1803794
A1236,504.11 ,2018/05/31,MA1805971
A0927,14340.48 ,2018/05/31,MA1801102
A0611,4646.40 ,2018/05/31,MA1807107
A0531,3717.12 ,2018/05/31,MA1807788
A0947,1612.63 ,2018/06/01,JU1803755
A0399,2520.54 ,2018/06/01,JU1805105
A0731,7496.16 ,2018/06/01,JU1804550
A0530,7496.16 ,2018/06/01,JU1806160
A0444,21756.24 ,2018/06/01,JU1804913
A0796,2520.54 ,2018/06/01,JU1809114
A0992,645.05 ,2018/06/01,JU1807688
A1333,2428.80 ,2018/06/01,JU1800805
A0610,2520.54 ,2018/06/01,JU1806826
A0826,2428.80 ,2018/06/01,JU1807624
A0890,6209.91 ,2018/06/01,JU1808278
A1313,5858.27 ,2018/06/04,JU1805534
A1290,4328.12 ,2018/06/04,JU1802133
A0830,2428.80 ,2018/06/04,JU1800328
A0464,5858.27 ,2018/06/04,JU1801156
A0754,4372.76 ,2018/06/04,JU1802459
A0529,10755.36 ,2018/06/04,JU1806335
A0808,3225.25 ,2018/06/04,JU1805155
A0930,3417.32 ,2018/06/04,JU1805392
A0582,3717.12 ,2018/06/04,JU1804758
A1257,2428.80 ,2018/06/04,JU1804800
A1058,21756.24 ,2018/06/04,JU1800812
A0990,1260.27 ,2018/06/04,JU1806032
A1095,3717.12 ,2018/06/05,JU1803522
A0724,5858.27 ,2018/06/05,JU1807689
A1202,7216.00 ,2018/06/05,JU1803212
A0679,4881.89 ,2018/06/05,JU1803060
A0542,3484.80 ,2018/06/05,JU1807446
A1406,1260.27 ,2018/06/05,JU1806625
A1090,4372.76 ,2018/06/06,JU1803500
A0913,2428.80 ,2018/06/06,JU1805372
A0534,2520.54 ,2018/06/06,JU1803456
A0707,1612.63 ,2018/06/06,JU1800934
A1240,167.20 ,2018/06/06,JU1802701
A1316,5858.27 ,2018/06/06,JU1809346
A0853,8279.88 ,2018/06/06,JU1800241
A1056,6246.80 ,2018/06/06,JU1804228
A1204,3717.12 ,2018/06/06,JU1805601
A0826,2428.80 ,2018/06/06,JU1804256
A0796,2428.80 ,2018/06/06,JU1802210
A0987,1290.10 ,2018/06/07,JU1801758
A1286,5858.27 ,2018/06/07,JU1805916
A1085,2787.84 ,2018/06/07,JU1800718
A0935,1260.27 ,2018/06/07,JU1800021
A0859,372.44 ,2018/06/07,JU1807168
A1265,1612.63 ,2018/06/07,JU1805484
A0515,372.44 ,2018/06/07,JU1808448
A1225,4328.12 ,2018/06/07,JU1802951
A0720,4328.12 ,2018/06/07,JU1806523
A0701,4488.00 ,2018/06/07,JU1808342
A0583,6246.80 ,2018/06/07,JU1800392
A0408,4328.12 ,2018/06/07,JU1803061
A1085,1290.10 ,2018/06/07,JU1803275
A1225,7496.16 ,2018/06/07,JU1806762
A0428,2428.80 ,2018/06/07,JU1806401
A1367,7216.00 ,2018/06/08,JU1801549
A0845,9020.00 ,2018/06/08,JU1805436
A1255,27839.00 ,2018/06/08,JU1805159
A0798,3225.25 ,2018/06/08,JU1802346
A0421,3225.25 ,2018/06/08,JU1804296
A1316,13531.32 ,2018/06/08,JU1805950
A0934,1290.10 ,2018/06/08,JU1802836
A1110,167.20 ,2018/06/08,JU1801225
A0616,3225.25 ,2018/06/08,JU1808986
A0907,7216.00 ,2018/06/08,JU1800017
A0929,3417.32 ,2018/06/11,JU1804499
A1366,1290.10 ,2018/06/11,JU1801716
A0753,3225.25 ,2018/06/11,JU1802927
A1203,7496.16 ,2018/06/11,JU1808643
A0893,4881.89 ,2018/06/11,JU1805181
A0802,645.05 ,2018/06/11,JU1803571
A1332,5858.27 ,2018/06/11,JU1803372
A1176,372.44 ,2018/06/11,JU1802503
A1092,4881.89 ,2018/06/12,JU1808603
A0764,2787.84 ,2018/06/12,JU1806257
A1282,1260.27 ,2018/06/12,JU1802945
A0742,21756.24 ,2018/06/12,JU1803896
A0949,3484.80 ,2018/06/12,JU1804063
A0982,21756.24 ,2018/06/12,JU1805012
A0703,4881.89 ,2018/06/12,JU1809060
A1208,4646.40 ,2018/06/12,JU1803954
A1375,372.44 ,2018/06/12,JU1805585
A1232,11207.12 ,2018/06/13,JU1803909
A1219,645.05 ,2018/06/13,JU1803189
A0654,9020.00 ,2018/06/13,JU1803519
A0548,3417.32 ,2018/06/13,JU1807634
A0897,10755.36 ,2018/06/13,JU1802487
A1343,4372.76 ,2018/06/13,JU1805163
A0916,2787.84 ,2018/06/13,JU1804540
A1002,9020.00 ,2018/06/13,JU1804147
A1237,4881.89 ,2018/06/13,JU1805445
A1056,3417.32 ,2018/06/13,JU1809310
A1181,4372.76 ,2018/06/13,JU1804992
A1274,9020.00 ,2018/06/14,JU1801987
A1027,17314.50 ,2018/06/14,JU1803535
A0539,4881.89 ,2018/06/14,JU1808193
A1336,6246.80 ,2018/06/14,JU1801495
A1071,645.05 ,2018/06/14,JU1801009
A0774,4328.12 ,2018/06/14,JU1808423
A1159,8279.88 ,2018/06/14,JU1800758
A1290,2520.54 ,2018/06/14,JU1803001
A0629,1612.63 ,2018/06/14,JU1802825
A0720,27839.00 ,2018/06/14,JU1803314
A1214,2787.84 ,2018/06/14,JU1802623
A1257,7216.00 ,2018/06/14,JU1807806
A0472,167.20 ,2018/06/14,JU1802263
A0943,83.60 ,2018/06/14,JU1801392
A0730,19288.37 ,2018/06/15,JU1805196
A0494,16073.64 ,2018/06/15,JU1801374
A0357,2580.20 ,2018/06/15,JU1802991
A0944,252.05 ,2018/06/15,JU1808796
A0547,83.60 ,2018/06/15,JU1800293
A1271,4328.12 ,2018/06/15,JU1801368
A0350,1260.27 ,2018/06/15,JU1805618
A0464,4881.89 ,2018/06/15,JU1802298
A0493,2520.54 ,2018/06/15,JU1805894
A0582,2520.54 ,2018/06/15,JU1801542
A0505,104.50 ,2018/06/15,JU1805944
A1260,10755.36 ,2018/06/15,JU1806531
A1130,1260.27 ,2018/06/15,JU1807157
A0548,3417.32 ,2018/06/15,JU1802034
A1167,2580.20 ,2018/06/15,JU1805497
A1092,2520.54 ,2018/06/15,JU1801722
A1332,1612.63 ,2018/06/15,JU1802041
A0626,5858.27 ,2018/06/15,JU1807854
A0934,27839.00 ,2018/06/18,JU1804059
A0819,9020.00 ,2018/06/18,JU1806743
A1073,6246.80 ,2018/06/18,JU1807817
A1378,16073.64 ,2018/06/18,JU1806411
A0379,4881.89 ,2018/06/18,JU1803006
A1308,3417.32 ,2018/06/18,JU1804455
A1059,13531.32 ,2018/06/18,JU1802142
A1134,6246.80 ,2018/06/18,JU1802994
A1064,2428.80 ,2018/06/18,JU1805680
A1282,167.20 ,2018/06/18,JU1805210
A1095,3225.25 ,2018/06/18,JU1804418
A1416,2428.80 ,2018/06/18,JU1803736
A0695,4488.00 ,2018/06/18,JU1809191
A1191,3717.12 ,2018/06/19,JU1800388
A1056,167.20 ,2018/06/19,JU1808608
A1387,209.00 ,2018/06/19,JU1805011
A0901,4646.40 ,2018/06/19,JU1803724
A0880,3225.25 ,2018/06/19,JU1802770
A0610,27839.00 ,2018/06/19,JU1803330
A0701,3484.80 ,2018/06/19,JU1802171
A0531,5858.27 ,2018/06/19,JU1803471
A0742,8279.88 ,2018/06/19,JU1801597
A0693,26107.49 ,2018/06/19,JU1803996
A1212,2428.80 ,2018/06/19,JU1803583
A1227,5858.27 ,2018/06/19,JU1808749
A1228,1290.10 ,2018/06/19,JU1806372
A1319,8279.88 ,2018/06/20,JU1803742
A1323,21756.24 ,2018/06/20,JU1807948
A0937,167.20 ,2018/06/20,JU1806729
A0542,10824.00 ,2018/06/20,JU1803430
A0704,7496.16 ,2018/06/20,JU1808343
A0867,5610.00 ,2018/06/21,JU1803176
A0771,4328.12 ,2018/06/21,JU1805207
A0862,33406.80 ,2018/06/21,JU1804151
A1212,3225.25 ,2018/06/21,JU1802297
A1164,3717.12 ,2018/06/21,JU1802688
A1360,14340.48 ,2018/06/21,JU1808700
A1285,7216.00 ,2018/06/21,JU1801501
A0836,252.05 ,2018/06/21,JU1803717
A1142,6209.91 ,2018/06/21,JU1808661
A1171,4328.12 ,2018/06/21,JU1802266
A0928,3225.25 ,2018/06/21,JU1802966
A0472,4372.76 ,2018/06/21,JU1807614
A0528,4328.12 ,2018/06/21,JU1805532
A0517,16073.64 ,2018/06/22,JU1801679
A1401,1612.63 ,2018/06/22,JU1801322
A0923,4372.76 ,2018/06/22,JU1805660
A0561,3225.25 ,2018/06/22,JU1809374
A0640,4328.12 ,2018/06/22,JU1804781
A0454,2580.20 ,2018/06/22,JU1802687
A0878,4328.12 ,2018/06/22,JU1808418
A0464,3417.32 ,2018/06/22,JU1801008
A0785,186.22 ,2018/06/22,JU1802378
A1137,322.53 ,2018/06/22,JU1803404
A0799,4328.12 ,2018/06/22,JU1806390
A1120,167.20 ,2018/06/22,JU1807962
A1089,5858.27 ,2018/06/22,JU1801192
A0428,2428.80 ,2018/06/22,JU1806912
A0942,4881.89 ,2018/06/25,JU1807887
A1286,2520.54 ,2018/06/25,JU1800634
A1374,9997.02 ,2018/06/25,JU1802462
A0418,167.20 ,2018/06/25,JU1803562
A1047,14340.48 ,2018/06/25,JU1803245
A0900,17314.50 ,2018/06/25,JU1803582
A0869,6209.91 ,2018/06/25,JU1804620
A0745,9997.02 ,2018/06/25,JU1801583
A0949,322.53 ,2018/06/25,JU1807915
A1265,167.20 ,2018/06/25,JU1804903
A1092,372.44 ,2018/06/25,JU1800808
A0350,7496.16 ,2018/06/25,JU1800968
A1335,16073.64 ,2018/06/26,JU1805663
A0930,372.44 ,2018/06/26,JU1804076
A1153,1260.27 ,2018/06/26,JU1808451
A0582,645.05 ,2018/06/26,JU1808984
A0705,13531.32 ,2018/06/26,JU1806993
A1137,1290.10 ,2018/06/26,JU1806479
A0463,372.44 ,2018/06/26,JU1805236
A0846,7496.16 ,2018/06/26,JU1806322
A0826,4881.89 ,2018/06/26,JU1801520
A0988,504.11 ,2018/06/26,JU1808999
A0673,186.22 ,2018/06/26,JU1808924
A0493,2787.84 ,2018/06/26,JU1800235
A0660,16073.64 ,2018/06/26,JU1805635
A0633,4328.12 ,2018/06/26,JU1808587
A0635,83.60 ,2018/06/26,JU1802978
A0799,7216.00 ,2018/06/26,JU1805598
A0869,4372.76 ,2018/06/26,JU1807840
A0436,104.50 ,2018/06/26,JU1808977
A0350,322.53 ,2018/06/27,JU1807120
A0566,5858.27 ,2018/06/27,JU1801556
A1060,2580.20 ,2018/06/27,JU1802562
A0988,4372.76 ,2018/06/27,JU1800035
A0952,2428.80 ,2018/06/27,JU1806804
A0890,2520.54 ,2018/06/27,JU1802583
A1188,167.20 ,2018/06/27,JU1800054
A0802,6209.91 ,2018/06/27,JU1809050
A0693,2428.80 ,2018/06/27,JU1805275
A0811,4488.00 ,2018/06/28,JU1803834
A1029,2520.54 ,2018/06/28,JU1800779
A0843,2520.54 ,2018/06/28,JU1808964
A1346,3417.32 ,2018/06/28,JU1803312
A0519,6246.80 ,2018/06/28,JU1804520
A1077,5858.27 ,2018/06/28,JU1802239
A0503,5610.00 ,2018/06/28,JU1801541
A0414,6246.80 ,2018/06/28,JU1801559
A1176,5858.27 ,2018/06/28,JU1806586
A1348,33406.80 ,2018/06/28,JU1801999
A0629,2580.20 ,2018/06/28,JU1802230
A0861,3225.25 ,2018/06/29,JU1803350
A0429,9020.00 ,2018/06/29,JU1801230
A0482,4488.00 ,2018/06/29,JU1807250
A0940,4646.40 ,2018/06/29,JU1805107
A0961,83.60 ,2018/06/29,JU1804710
A0764,17314.50 ,2018/06/29,JU1800146
A0427,3225.25 ,2018/06/29,JU1804198
A1412,3484.80 ,2018/06/29,JU1806414
A0808,8279.88 ,2018/06/29,JU1807008
A1130,21756.24 ,2018/06/29,JU1806240
A0830,3417.32 ,2018/06/29,JU1800068
A0954,167.20 ,2018/06/29,JU1805909
A0795,322.53 ,2018/06/29,JU1807709
A1292,3484.80 ,2018/06/29,JU1805814
A0878,1480.33 ,2018/07/02,JU1800438
A1255,2500.01 ,2018/07/02,JU1800022
A0696,13276.45 ,2018/07/02,JU1803075
A1129,8822.00 ,2018/07/02,JU1803536
A1345,1203.84 ,2018/07/02,JU1801759
A0406,1480.33 ,2018/07/02,JU1800741
A0741,831.60 ,2018/07/02,JU1803538
A1244,1850.41 ,2018/07/02,JU1807942
A0418,332.64 ,2018/07/02,JU1809297
A1334,1123.58 ,2018/07/02,JU1800845
A0375,3437.28 ,2018/07/02,JU1801991
A1337,1039.50 ,2018/07/02,JU1804472
A0785,3702.89 ,2018/07/02,JU1804638
A1349,1039.50 ,2018/07/02,JU1806853
A0796,1203.84 ,2018/07/02,JU1804917
A0897,1039.50 ,2018/07/02,JU1804370
A0463,8281.07 ,2018/07/02,JU1808392
A0798,1123.58 ,2018/07/02,JU1805165
A0412,1605.12 ,2018/07/02,JU1801128
A0701,4834.08 ,2018/07/02,JU1804714
A0955,740.16 ,2018/07/02,JU1804215
A0937,415.80 ,2018/07/02,JU1804200
A0559,250.46 ,2018/07/02,JU1807076
A0643,10570.90 ,2018/07/02,JU1805263
A0530,831.60 ,2018/07/02,JU1805208
A0988,3571.44 ,2018/07/02,JU1803003
A1265,1404.48 ,2018/07/02,JU1807424
A1215,21251.86 ,2018/07/02,JU1802343
A1133,2749.82 ,2018/07/02,JU1802873
A1076,3702.89 ,2018/07/02,JU1800143
A1076,415.80 ,2018/07/02,JU1807128
A1410,1404.48 ,2018/07/02,JU1802902
A0953,370.08 ,2018/07/02,JU1804573
A0943,415.80 ,2018/07/02,JU1800069
A0975,1203.84 ,2018/07/02,JU1803065
A0710,3571.44 ,2018/07/02,JU1804684
A0949,1279.11 ,2018/07/02,JU1800809
A0754,925.20 ,2018/07/02,JU1800669
A0452,1605.12 ,2018/07/02,JU1804911
A1240,963.07 ,2018/07/02,JU1806181
A0850,6171.48 ,2018/07/03,JU1800900
A1057,332.64 ,2018/07/03,JU1808174
A0586,1203.84 ,2018/07/03,JU1806522
A1063,1404.48 ,2018/07/03,JU1802814
A0867,2407.68 ,2018/07/03,JU1803340
A1211,2500.01 ,2018/07/03,JU1801037
A0891,519.75 ,2018/07/03,JU1805351
A0865,1252.30 ,2018/07/03,JU1805661
A0694,2142.87 ,2018/07/03,JU1807585
A0727,6171.48 ,2018/07/03,JU1808854
A0994,1252.30 ,2018/07/03,JU1800575
A1133,2500.01 ,2018/07/03,JU1801194
A0512,332.64 ,2018/07/03,JU1804293
A0749,1404.48 ,2018/07/03,JU1808969
A0992,2900.45 ,2018/07/03,JU1801729
A0992,2500.01 ,2018/07/03,JU1801569
A1230,332.64 ,2018/07/03,JU1804843
A0582,4834.08 ,2018/07/03,JU1804295
A0515,4583.04 ,2018/07/03,JU1805897
A1390,1203.84 ,2018/07/03,JU1807001
A0385,1252.30 ,2018/07/03,JU1800140
A0438,83.16 ,2018/07/03,JU1801319
A1181,1279.11 ,2018/07/03,JU1806575
A1360,166.32 ,2018/07/03,JU1802576
A1116,500.92 ,2018/07/03,JU1808460
A1257,665.28 ,2018/07/03,JU1801730
A0737,831.60 ,2018/07/03,JU1803049
A0867,7057.60 ,2018/07/03,JU1804247
A0998,500.92 ,2018/07/03,JU1803961
A1063,207.90 ,2018/07/03,JU1806742
A1197,2003.68 ,2018/07/03,JU1804736
A0764,963.07 ,2018/07/03,JU1807705
A1236,1480.33 ,2018/07/03,JU1807216
A1287,831.60 ,2018/07/04,JU1807797
A1125,1926.14 ,2018/07/04,JU1800493
A0561,4408.80 ,2018/07/04,JU1801242
A0578,103.95 ,2018/07/04,JU1800324
A1067,3383.85 ,2018/07/04,JU1807474
A0815,3383.85 ,2018/07/04,JU1805730
A0493,1850.41 ,2018/07/04,JU1801524
A0679,665.28 ,2018/07/04,JU1804535
A1237,2407.68 ,2018/07/04,JU1803710
A1319,8157.47 ,2018/07/04,JU1800059
A0697,1480.33 ,2018/07/04,JU1803324
A1104,3702.89 ,2018/07/04,JU1808144
A0718,1605.12 ,2018/07/04,JU1802692
A0641,831.60 ,2018/07/04,JU1804060
A0429,1203.84 ,2018/07/04,JU1800544
A1255,2504.59 ,2018/07/04,JU1804338
A1002,4320.04 ,2018/07/04,JU1808428
A0952,1605.12 ,2018/07/04,JU1805267
A1282,3437.28 ,2018/07/04,JU1805329
A1316,2500.01 ,2018/07/04,JU1803898
A0744,9808.72 ,2018/07/04,JU1806371
A0760,415.80 ,2018/07/04,JU1801641
A1050,2900.45 ,2018/07/04,JU1803235
A1313,415.80 ,2018/07/04,JU1800643
A0878,2142.87 ,2018/07/04,JU1804625
A1345,963.07 ,2018/07/04,JU1801123
A0916,1850.41 ,2018/07/04,JU1806104
A0931,925.20 ,2018/07/04,JU1801767
A0819,83.16 ,2018/07/04,JU1805571
A0988,963.07 ,2018/07/04,JU1800894
A1307,332.64 ,2018/07/04,JU1807714
A1163,16945.95 ,2018/07/04,JU1806723
A0542,4285.73 ,2018/07/04,JU1807654
A1100,3197.78 ,2018/07/04,JU1805027
A0915,665.28 ,2018/07/04,JU1801424
A1360,4285.73 ,2018/07/04,JU1801765
A0993,83.16 ,2018/07/04,JU1802282
A1290,6171.48 ,2018/07/04,JU1806936
A0763,415.80 ,2018/07/04,JU1800819
A1068,3702.89 ,2018/07/04,JU1805951
A0550,2900.45 ,2018/07/05,JU1802322
A0853,2003.68 ,2018/07/05,JU1806503
A0937,665.28 ,2018/07/05,JU1808940
A0713,2006.40 ,2018/07/05,JU1804235
A1203,332.64 ,2018/07/05,JU1802113
A0678,1252.30 ,2018/07/05,JU1807162
A1288,332.64 ,2018/07/05,JU1809331
A1293,2006.40 ,2018/07/05,JU1800234
A0975,2003.68 ,2018/07/05,JU1804481
A1369,11041.43 ,2018/07/05,JU1806798
A1120,4408.80 ,2018/07/05,JU1809330
A0427,332.64 ,2018/07/05,JU1801468
A0977,5511.00 ,2018/07/05,JU1804788
A0762,1598.89 ,2018/07/05,JU1806447
A1062,1039.50 ,2018/07/05,JU1801522
A0830,3702.89 ,2018/07/05,JU1805455
A0905,639.56 ,2018/07/05,JU1807215
A0933,500.92 ,2018/07/05,JU1806961
A1120,332.64 ,2018/07/05,JU1808925
A1337,1404.48 ,2018/07/05,JU1807683
A0462,1203.84 ,2018/07/05,JU1803018
A0673,1203.84 ,2018/07/05,JU1804774
A0557,3383.85 ,2018/07/05,JU1806120
A0961,319.78 ,2018/07/05,JU1801363
A1282,1203.84 ,2018/07/05,JU1800173
A1274,4320.04 ,2018/07/05,JU1804961
A1162,415.80 ,2018/07/05,JU1803363
A0355,10586.40 ,2018/07/05,JU1807753
A1289,3571.44 ,2018/07/05,JU1801935
A0648,963.07 ,2018/07/05,JU1801219
A1292,370.08 ,2018/07/05,JU1808331
A1270,415.80 ,2018/07/05,JU1806011
A0922,831.60 ,2018/07/05,JU1803524
A1403,3702.89 ,2018/07/05,JU1806492
A1164,2407.68 ,2018/07/05,JU1806517
A0497,1123.58 ,2018/07/06,JU1800652
A0952,1203.84 ,2018/07/06,JU1805074
A0693,519.75 ,2018/07/06,JU1802967
A1357,21251.86 ,2018/07/06,JU1806502
A0725,1850.41 ,2018/07/06,JU1801565
A0929,1001.84 ,2018/07/06,JU1809161
A0694,4834.08 ,2018/07/06,JU1808421
A1366,665.28 ,2018/07/06,JU1805072
A0500,740.16 ,2018/07/06,JU1803023
A0683,2142.87 ,2018/07/06,JU1802683
A1169,2003.68 ,2018/07/06,JU1807382
A0480,1039.50 ,2018/07/06,JU1805767
A0816,4320.04 ,2018/07/06,JU1805736
A1137,1203.84 ,2018/07/06,JU1800323
A1027,2900.45 ,2018/07/06,JU1802458
A1226,332.64 ,2018/07/06,JU1808680
A1338,166.32 ,2018/07/06,JU1804750
A0414,3383.85 ,2018/07/06,JU1809355
A1299,5800.89 ,2018/07/06,JU1805802
A0953,4834.08 ,2018/07/06,JU1800367
A0836,831.60 ,2018/07/06,JU1800102
A0879,740.16 ,2018/07/06,JU1807695
A0578,332.64 ,2018/07/06,JU1807882
A1161,1279.11 ,2018/07/06,JU1804277
A1173,166.32 ,2018/07/06,JU1804862
A0399,332.64 ,2018/07/06,JU1802937
A0350,1001.84 ,2018/07/06,JU1808647
A1181,1123.58 ,2018/07/06,JU1804324
A1137,2900.45 ,2018/07/06,JU1801358
A1204,1039.50 ,2018/07/06,JU1801105
A0955,7057.60 ,2018/07/06,JU1805551
A0890,831.60 ,2018/07/06,JU1804429
A0930,1926.14 ,2018/07/06,JU1801179
A1370,3702.89 ,2018/07/09,JU1809317
A0792,4285.73 ,2018/07/09,JU1808210
A1204,2504.59 ,2018/07/09,JU1802413
A1410,1203.84 ,2018/07/09,JU1801929
A0688,2003.68 ,2018/07/09,JU1803294
A1098,2900.45 ,2018/07/09,JU1802080
A1318,1926.14 ,2018/07/09,JU1807910
A0351,415.80 ,2018/07/09,JU1800467
A0640,963.07 ,2018/07/09,JU1807605
A0647,332.64 ,2018/07/09,JU1803877
A0511,250.46 ,2018/07/09,JU1807014
A0993,5800.89 ,2018/07/09,JU1803263
A0641,1001.84 ,2018/07/09,JU1800327
A1381,1404.48 ,2018/07/09,JU1802499
A0815,2003.68 ,2018/07/09,JU1804061
A0462,4834.08 ,2018/07/09,JU1808337
A0893,831.60 ,2018/07/09,JU1803121
A0816,3571.44 ,2018/07/09,JU1805051
A0641,2142.87 ,2018/07/09,JU1807609
A0414,1926.14 ,2018/07/09,JU1805517
A0853,415.80 ,2018/07/09,JU1807061
A1323,332.64 ,2018/07/09,JU1807507
A0643,1123.58 ,2018/07/09,JU1801775
A0826,925.20 ,2018/07/09,JU1800607
A0350,5800.89 ,2018/07/09,JU1807420
A0907,3702.89 ,2018/07/09,JU1802241
A0703,83.16 ,2018/07/09,JU1800628
A1360,370.08 ,2018/07/09,JU1809234
A1332,332.64 ,2018/07/09,JU1800147
A0824,415.80 ,2018/07/09,JU1805498
A0517,740.16 ,2018/07/09,JU1807032
A0517,963.07 ,2018/07/09,JU1805092
A1254,11041.43 ,2018/07/09,JU1809353
A1305,1605.12 ,2018/07/09,JU1808750
A0695,3702.89 ,2018/07/09,JU1808721
A1416,1279.11 ,2018/07/09,JU1805243
A1190,740.16 ,2018/07/10,JU1808522
A0422,740.16 ,2018/07/10,JU1806623
A0536,13276.45 ,2018/07/10,JU1805317
A0935,415.80 ,2018/07/10,JU1807394
A0550,2006.40 ,2018/07/10,JU1808178
A0494,332.64 ,2018/07/10,JU1805938
A1072,7057.60 ,2018/07/10,JU1801690
A0803,415.80 ,2018/07/10,JU1800088
A1258,83.16 ,2018/07/10,JU1803484
A1345,8822.00 ,2018/07/10,JU1805757
A1215,1123.58 ,2018/07/10,JU1801980
A0887,8157.47 ,2018/07/10,JU1809188
A0815,831.60 ,2018/07/10,JU1803309
A0972,4834.08 ,2018/07/10,JU1807839
A0952,319.78 ,2018/07/10,JU1801643
A0743,166.32 ,2018/07/10,JU1808595
A1161,1598.89 ,2018/07/10,JU1809147
A0811,2142.87 ,2018/07/10,JU1803875
A1153,3383.85 ,2018/07/10,JU1800326
A1029,1203.84 ,2018/07/10,JU1807827
A1306,4834.08 ,2018/07/10,JU1801732
A0587,3197.78 ,2018/07/10,JU1809068
A0815,1001.84 ,2018/07/10,JU1802422
A1271,963.07 ,2018/07/10,JU1802710
A0738,415.80 ,2018/07/10,JU1809130
A0937,3437.28 ,2018/07/10,JU1802467
A1257,2500.01 ,2018/07/10,JU1802173
A0749,415.80 ,2018/07/10,JU1804285
A0792,6118.10 ,2018/07/10,JU1808295
A0427,2142.87 ,2018/07/10,JU1805383
A0371,1480.33 ,2018/07/10,JU1809112
A0472,1404.48 ,2018/07/10,JU1807656
A1307,740.16 ,2018/07/10,JU1805182
A1159,831.60 ,2018/07/10,JU1805781
A0566,925.20 ,2018/07/11,JU1803723
A0610,831.60 ,2018/07/11,JU1808005
A0411,3571.44 ,2018/07/11,JU1804373
A0745,1252.30 ,2018/07/11,JU1804932
A0587,519.75 ,2018/07/11,JU1805167
A0438,1926.14 ,2018/07/11,JU1805871
A0731,2749.82 ,2018/07/11,JU1805132
A0373,740.16 ,2018/07/11,JU1800866
A0822,1404.48 ,2018/07/11,JU1801029
A0740,4285.73 ,2018/07/11,JU1806224
A0877,963.07 ,2018/07/11,JU1806020
A1375,2006.40 ,2018/07/11,JU1804366
A0929,1123.58 ,2018/07/11,JU1802670
A0571,415.80 ,2018/07/11,JU1801345
A0654,4320.04 ,2018/07/11,JU1801778
A1208,2407.68 ,2018/07/11,JU1805955
A1225,1039.50 ,2018/07/11,JU1805415
A0927,2006.40 ,2018/07/11,JU1800911
A0630,831.60 ,2018/07/11,JU1807731
A1050,2900.45 ,2018/07/11,JU1803726
A0426,1926.14 ,2018/07/11,JU1801658
A1302,963.07 ,2018/07/11,JU1809280
A0738,11041.43 ,2018/07/11,JU1804143
A1035,1404.48 ,2018/07/11,JU1806554
A1204,415.80 ,2018/07/11,JU1807780
A0438,1123.58 ,2018/07/11,JU1805683
A0578,5511.00 ,2018/07/11,JU1805420
A1337,15701.00 ,2018/07/11,JU1805880
A1216,14094.53 ,2018/07/11,JU1801373
A1285,1850.41 ,2018/07/11,JU1800730
A1208,1123.58 ,2018/07/11,JU1804675
A1036,831.60 ,2018/07/11,JU1803054
A1413,1480.33 ,2018/07/11,JU1808156
A1085,1926.14 ,2018/07/11,JU1804869
A0738,185.04 ,2018/07/11,JU1806727
A0906,665.28 ,2018/07/11,JU1802861
A1334,415.80 ,2018/07/11,JU1808738
A0601,963.07 ,2018/07/11,JU1803494
A1409,1926.14 ,2018/07/11,JU1809122
A0428,1926.14 ,2018/07/11,JU1804171
A0990,1203.84 ,2018/07/11,JU1803305
A0525,18841.20 ,2018/07/11,JU1803010
A0566,1598.89 ,2018/07/11,JU1803881
A0534,83.16 ,2018/07/11,JU1805294
A1176,415.80 ,2018/07/11,JU1803477
A0821,2003.68 ,2018/07/11,JU1800839
A1030,207.90 ,2018/07/11,JU1801019
A1214,3702.89 ,2018/07/12,JU1800279
A0892,2900.45 ,2018/07/12,JU1800776
A1139,2500.01 ,2018/07/12,JU1800393
A0929,2749.82 ,2018/07/12,JU1805226
A0923,1123.58 ,2018/07/12,JU1806490
A1093,1279.11 ,2018/07/12,JU1801854
A0433,2900.45 ,2018/07/12,JU1800550
A0694,2142.87 ,2018/07/12,JU1807227
A1115,1252.30 ,2018/07/12,JU1802465
A0641,10570.90 ,2018/07/12,JU1804889
A0703,2006.40 ,2018/07/12,JU1805740
A0408,1480.33 ,2018/07/12,JU1801324
A1137,963.07 ,2018/07/12,JU1807919
A0704,415.80 ,2018/07/12,JU1804376
A0720,831.60 ,2018/07/12,JU1805018
A1415,6118.10 ,2018/07/12,JU1808304
A1237,166.32 ,2018/07/12,JU1800430
A0931,831.60 ,2018/07/12,JU1807112
A0906,665.28 ,2018/07/12,JU1808528
A0497,21251.86 ,2018/07/12,JU1805157
A0701,415.80 ,2018/07/12,JU1808660
A1076,1404.48 ,2018/07/12,JU1806119
A1172,4834.08 ,2018/07/12,JU1807870
A1131,4834.08 ,2018/07/12,JU1807416
A0458,2900.45 ,2018/07/12,JU1807615
A0589,415.80 ,2018/07/12,JU1808572
A0862,332.64 ,2018/07/12,JU1808730
A1290,665.28 ,2018/07/12,JU1806319
A0937,5800.89 ,2018/07/13,JU1804446
A1188,4285.73 ,2018/07/13,JU1808653
A0808,1926.14 ,2018/07/13,JU1807536
A0578,2006.40 ,2018/07/13,JU1803859
A1065,665.28 ,2018/07/13,JU1802328
A0945,1279.11 ,2018/07/13,JU1801984
A1403,2900.45 ,2018/07/13,JU1804416
A0625,740.16 ,2018/07/13,JU1806355
A1098,415.80 ,2018/07/13,JU1803287
A0390,103.95 ,2018/07/13,JU1808709
A0992,3571.44 ,2018/07/13,JU1805211
A1062,4285.73 ,2018/07/13,JU1809311
A0992,2500.01 ,2018/07/13,JU1800478
A0428,925.20 ,2018/07/13,JU1806259
A0978,1039.50 ,2018/07/13,JU1800306
A1221,4834.08 ,2018/07/13,JU1808159
A0616,415.80 ,2018/07/13,JU1808234
A1162,1001.84 ,2018/07/13,JU1801862
A0993,1605.12 ,2018/07/13,JU1804030
A0742,925.20 ,2018/07/13,JU1801208
A0427,1001.84 ,2018/07/13,JU1801762
A1212,2504.59 ,2018/07/13,JU1805568
A0977,2500.01 ,2018/07/13,JU1802977
A1095,103.95 ,2018/07/13,JU1804824
A0701,3666.43 ,2018/07/13,JU1807828
A0792,3383.85 ,2018/07/13,JU1806112
A0616,185.04 ,2018/07/13,JU1805480
A0852,963.07 ,2018/07/13,JU1804314
A0781,3571.44 ,2018/07/13,JU1803573
A0893,925.20 ,2018/07/13,JU1803849
A0879,1203.84 ,2018/07/13,JU1808931
A1064,2003.68 ,2018/07/13,JU1806440
A0529,925.20 ,2018/07/13,JU1809215
A0534,1123.58 ,2018/07/13,JU1807253
A0472,185.04 ,2018/07/13,JU1809165
A1202,4320.04 ,2018/07/16,JU1808835
A0749,1203.84 ,2018/07/16,JU1809075
A0587,2142.87 ,2018/07/16,JU1802717
A1282,1279.11 ,2018/07/16,JU1801551
A1403,4834.08 ,2018/07/16,JU1800579
A0767,519.75 ,2018/07/16,JU1807185
A0500,2006.40 ,2018/07/16,JU1803442
A0356,1252.30 ,2018/07/16,JU1804121
A0886,1404.48 ,2018/07/16,JU1805913
A0565,1850.41 ,2018/07/16,JU1802403
A0987,1605.12 ,2018/07/16,JU1805685
A0930,1252.30 ,2018/07/16,JU1807499
A0502,519.75 ,2018/07/16,JU1804928
A1187,2900.45 ,2018/07/16,JU1806300
A0949,5800.89 ,2018/07/16,JU1804439
A0496,925.20 ,2018/07/16,JU1800497
A1370,332.64 ,2018/07/16,JU1801250
A1390,3437.28 ,2018/07/16,JU1804564
A1116,519.75 ,2018/07/16,JU1807575
A0927,925.20 ,2018/07/16,JU1802474
A1360,963.07 ,2018/07/16,JU1808578
A0659,415.80 ,2018/07/16,JU1802720
A1390,4408.80 ,2018/07/16,JU1805057
A1406,1926.14 ,2018/07/16,JU1800212
A1254,1480.33 ,2018/07/16,JU1807205
A1290,1850.41 ,2018/07/16,JU1804984
A0830,963.07 ,2018/07/16,JU1803692
A0673,1404.48 ,2018/07/16,JU1803716
A0846,1605.12 ,2018/07/16,JU1804856
A0629,3383.85 ,2018/07/16,JU1808616
A1129,4834.08 ,2018/07/16,JU1801132
A1178,2500.01 ,2018/07/16,JU1801572
A1410,5800.89 ,2018/07/16,JU1805533
A0824,2900.45 ,2018/07/16,JU1808363
A1407,1123.58 ,2018/07/17,JU1800236
A1172,3571.44 ,2018/07/17,JU1800587
A1230,11041.43 ,2018/07/17,JU1808599
A1092,1850.41 ,2018/07/17,JU1806393
A1297,1203.84 ,2018/07/17,JU1806208
A0757,1404.48 ,2018/07/17,JU1809365
A1300,166.32 ,2018/07/17,JU1802939
A0989,963.07 ,2018/07/17,JU1800060
A1138,4834.08 ,2018/07/17,JU1807079
A0765,11041.43 ,2018/07/17,JU1802642
A0827,925.20 ,2018/07/17,JU1800053
A1209,15701.00 ,2018/07/17,JU1805765
A1243,831.60 ,2018/07/17,JU1802425
A0408,2500.01 ,2018/07/17,JU1804381
A0953,831.60 ,2018/07/17,JU1807278
A0673,1605.12 ,2018/07/17,JU1804110
A0792,185.04 ,2018/07/17,JU1805135
A0459,332.64 ,2018/07/17,JU1806471
A1307,1480.33 ,2018/07/17,JU1803606
A0411,332.64 ,2018/07/17,JU1805101
A1110,3197.78 ,2018/07/17,JU1808512
A1271,963.07 ,2018/07/17,JU1800313
A1337,2142.87 ,2018/07/17,JU1806972
A0380,2900.45 ,2018/07/17,JU1806127
A0412,415.80 ,2018/07/17,JU1809041
A1204,3437.28 ,2018/07/17,JU1805992
A1214,10570.90 ,2018/07/17,JU1808104
A0762,1926.14 ,2018/07/17,JU1804345
A0630,3383.85 ,2018/07/17,JU1800274
A0587,1926.14 ,2018/07/17,JU1804624
A1110,1123.58 ,2018/07/17,JU1802889
A1302,1605.12 ,2018/07/17,JU1807261
A0853,1123.58 ,2018/07/17,JU1807520
A1176,1850.41 ,2018/07/17,JU1808314
A0583,2504.59 ,2018/07/17,JU1807075
A1406,1123.58 ,2018/07/17,JU1804253
A1132,639.56 ,2018/07/17,JU1806374
A1047,2142.87 ,2018/07/17,JU1806870
A0695,1605.12 ,2018/07/17,JU1809013
A0949,963.07 ,2018/07/18,JU1801494
A0744,831.60 ,2018/07/18,JU1802385
A1178,415.80 ,2018/07/18,JU1801177
A0738,831.60 ,2018/07/18,JU1809226
A0943,831.60 ,2018/07/18,JU1803886
A1362,1598.89 ,2018/07/18,JU1806477
A0824,3702.89 ,2018/07/18,JU1807209
A1088,963.07 ,2018/07/18,JU1804413
A1031,8469.12 ,2018/07/18,JU1806914
A0774,2500.01 ,2018/07/18,JU1806896
A1201,519.75 ,2018/07/18,JU1800093
A0706,831.60 ,2018/07/18,JU1806194
A0720,1850.41 ,2018/07/18,JU1807628
A1153,831.60 ,2018/07/18,JU1801129
A1419,831.60 ,2018/07/18,JU1807903
A0627,10586.40 ,2018/07/18,JU1801443
A0377,332.64 ,2018/07/18,JU1805225
A0963,1926.14 ,2018/07/18,JU1800939
A1129,519.75 ,2018/07/18,JU1807671
A0627,332.64 ,2018/07/18,JU1804348
A0514,1480.33 ,2018/07/18,JU1804431
A0529,2407.68 ,2018/07/18,JU1809019
A0380,1480.33 ,2018/07/18,JU1803425
A0422,1123.58 ,2018/07/18,JU1803384
A0744,6171.48 ,2018/07/18,JU1803289
A0529,3571.44 ,2018/07/18,JU1806788
A0963,1039.50 ,2018/07/18,JU1809281
A1290,2006.40 ,2018/07/18,JU1808869
A1159,8822.00 ,2018/07/19,JU1807419
A0382,4834.08 ,2018/07/19,JU1803930
A0452,1039.50 ,2018/07/19,JU1806656
A0368,2142.87 ,2018/07/19,JU1807765
A1244,370.08 ,2018/07/19,JU1806195
A1038,1279.11 ,2018/07/19,JU1807547
A0951,740.16 ,2018/07/19,JU1804095
A0586,831.60 ,2018/07/19,JU1804706
A1106,250.46 ,2018/07/19,JU1805665
A0934,7405.78 ,2018/07/19,JU1803483
A0375,415.80 ,2018/07/19,JU1805824
A0781,415.80 ,2018/07/19,JU1802131
A0945,3197.78 ,2018/07/19,JU1801045
A0945,2900.45 ,2018/07/19,JU1807401
A1153,1279.11 ,2018/07/19,JU1807789
A1216,1203.84 ,2018/07/19,JU1807774
A1387,831.60 ,2018/07/19,JU1806887
A1095,2900.45 ,2018/07/19,JU1808899
A1257,8469.12 ,2018/07/19,JU1800570
A0547,500.92 ,2018/07/19,JU1807975
A0380,2142.87 ,2018/07/19,JU1806635
A0878,1039.50 ,2018/07/19,JU1802934
A0529,665.28 ,2018/07/19,JU1805614
A1367,1001.84 ,2018/07/19,JU1802845
A0387,1850.41 ,2018/07/19,JU1800012
A1092,1252.30 ,2018/07/19,JU1809333
A1255,3571.44 ,2018/07/19,JU1805231
A0830,2142.87 ,2018/07/19,JU1808863
A1095,1001.84 ,2018/07/19,JU1801837
A1193,332.64 ,2018/07/19,JU1807409
A1311,4320.04 ,2018/07/19,JU1807095
A0506,519.75 ,2018/07/19,JU1806367
A1118,166.32 ,2018/07/20,JU1802738
A1320,332.64 ,2018/07/20,JU1801362
A0627,4834.08 ,2018/07/20,JU1802410
A1188,2003.68 ,2018/07/20,JU1807408
A0955,415.80 ,2018/07/20,JU1806978
A1137,519.75 ,2018/07/20,JU1804313
A0850,332.64 ,2018/07/20,JU1808893
A1136,166.32 ,2018/07/20,JU1805773
A1017,519.75 ,2018/07/20,JU1800757
A0688,2900.45 ,2018/07/20,JU1809011
A1227,519.75 ,2018/07/20,JU1803282
A0467,963.07 ,2018/07/20,JU1804120
A0761,6118.10 ,2018/07/20,JU1807265
A0943,2003.68 ,2018/07/20,JU1803642
A0835,740.16 ,2018/07/20,JU1805378
A1137,185.04 ,2018/07/20,JU1807981
A1164,1605.12 ,2018/07/20,JU1807121
A0842,925.20 ,2018/07/20,JU1803733
A0496,1605.12 ,2018/07/20,JU1800870
A1163,6171.48 ,2018/07/20,JU1804809
A0519,2900.45 ,2018/07/20,JU1800783
A1390,1404.48 ,2018/07/20,JU1803795
A1153,925.20 ,2018/07/20,JU1808973
A0529,21251.86 ,2018/07/20,JU1800160
A0632,1850.41 ,2018/07/20,JU1803735
A0773,332.64 ,2018/07/20,JU1807455
A0534,1279.11 ,2018/07/20,JU1805993
A1202,2900.45 ,2018/07/20,JU1803509
A1277,83.16 ,2018/07/20,JU1801386
A0916,2749.82 ,2018/07/20,JU1802495
A0542,11041.43 ,2018/07/20,JU1800626
A0811,4583.04 ,2018/07/20,JU1800444
A0802,519.75 ,2018/07/20,JU1807754
A0528,740.16 ,2018/07/20,JU1804423
A0690,3571.44 ,2018/07/20,JU1802018
A0611,1039.50 ,2018/07/23,JU1804831
A0839,3702.89 ,2018/07/23,JU1804981
A0629,1926.14 ,2018/07/23,JU1806228
A0453,415.80 ,2018/07/23,JU1809139
A1264,8822.00 ,2018/07/23,JU1803567
A0841,1926.14 ,2018/07/23,JU1805822
A1072,4408.80 ,2018/07/23,JU1804015
A1407,1001.84 ,2018/07/23,JU1808515
A0970,925.20 ,2018/07/23,JU1804005
A1092,1480.33 ,2018/07/23,JU1801213
A0815,1279.11 ,2018/07/23,JU1800346
A0630,1605.12 ,2018/07/23,JU1809027
A0704,963.07 ,2018/07/23,JU1804978
A1329,250.46 ,2018/07/23,JU1800174
A0724,6171.48 ,2018/07/23,JU1808344
A0458,207.90 ,2018/07/23,JU1807658
A0505,8822.00 ,2018/07/23,JU1808323
A0574,519.75 ,2018/07/23,JU1805612
A0352,1850.41 ,2018/07/23,JU1805017
A0458,639.56 ,2018/07/23,JU1807951
A1014,831.60 ,2018/07/23,JU1803019
A0512,207.90 ,2018/07/23,JU1804438
A1054,415.80 ,2018/07/23,JU1804017
A1100,963.07 ,2018/07/23,JU1803745
A0385,1039.50 ,2018/07/23,JU1806935
A1139,2407.68 ,2018/07/23,JU1800027
A0704,332.64 ,2018/07/23,JU1800738
A1300,166.32 ,2018/07/23,JU1805242
A1387,2142.87 ,2018/07/23,JU1802527
A1116,1926.14 ,2018/07/23,JU1802719
A0731,27122.90 ,2018/07/23,JU1800470
A0498,8822.00 ,2018/07/24,JU1808577
A0371,2407.68 ,2018/07/24,JU1804286
A0964,2500.01 ,2018/07/24,JU1804067
A1335,4285.73 ,2018/07/24,JU1804029
A1136,3383.85 ,2018/07/24,JU1804327
A0605,5800.89 ,2018/07/24,JU1800857
A1251,1203.84 ,2018/07/24,JU1801978
A1326,370.08 ,2018/07/24,JU1804848
A1229,1605.12 ,2018/07/24,JU1800794
A0904,500.92 ,2018/07/24,JU1803944
A1249,2142.87 ,2018/07/24,JU1801050
A0789,1039.50 ,2018/07/24,JU1806163
A1018,8281.07 ,2018/07/24,JU1803152
A0546,1605.12 ,2018/07/24,JU1802017
A0943,963.07 ,2018/07/24,JU1804877
A1163,1001.84 ,2018/07/24,JU1808049
A0529,2504.59 ,2018/07/24,JU1803181
A0869,415.80 ,2018/07/24,JU1805457
A0529,6118.10 ,2018/07/24,JU1800142
A0673,1252.30 ,2018/07/24,JU1805176
A1120,4583.04 ,2018/07/24,JU1802884
A0934,3571.44 ,2018/07/24,JU1800051
A0955,4285.73 ,2018/07/24,JU1806417
A1240,2006.40 ,2018/07/24,JU1805346
A0690,1605.12 ,2018/07/24,JU1806275
A1089,1605.12 ,2018/07/24,JU1808598
A0887,2558.22 ,2018/07/24,JU1802899
A0593,963.07 ,2018/07/24,JU1804441
A1236,2006.40 ,2018/07/24,JU1805983
A1009,639.56 ,2018/07/24,JU1802858
A0383,1605.12 ,2018/07/24,JU1800242
A0725,3702.89 ,2018/07/24,JU1801436
A0881,2407.68 ,2018/07/24,JU1808150
A0903,6118.10 ,2018/07/24,JU1804834
A1382,8157.47 ,2018/07/25,JU1800402
A1228,831.60 ,2018/07/25,JU1806231
A0893,3197.78 ,2018/07/25,JU1802519
A0930,831.60 ,2018/07/25,JU1805186
A1056,2142.87 ,2018/07/25,JU1803114
A0928,1605.12 ,2018/07/25,JU1806318
A0753,925.20 ,2018/07/25,JU1807743
A0389,1001.84 ,2018/07/25,JU1806693
A1397,2003.68 ,2018/07/25,JU1804464
A1013,963.07 ,2018/07/25,JU1800680
A0941,2504.59 ,2018/07/25,JU1807929
A1285,963.07 ,2018/07/25,JU1802206
A1302,1279.11 ,2018/07/25,JU1805293
A1163,4834.08 ,2018/07/25,JU1803709
A1406,740.16 ,2018/07/25,JU1802357
A1163,4320.04 ,2018/07/25,JU1805082
A0990,2500.01 ,2018/07/25,JU1805090
A0771,2900.45 ,2018/07/25,JU1802993
A0610,8469.12 ,2018/07/25,JU1800252
A0412,3571.44 ,2018/07/25,JU1806761
A1228,1123.58 ,2018/07/25,JU1805462
A0869,2558.22 ,2018/07/25,JU1809002
A0961,1203.84 ,2018/07/25,JU1801488
A0659,185.04 ,2018/07/25,JU1804142
A1062,500.92 ,2018/07/25,JU1800061
A0382,1926.14 ,2018/07/25,JU1802798
A1175,4583.04 ,2018/07/26,JU1801266
A0803,925.20 ,2018/07/26,JU1808051
A0585,831.60 ,2018/07/26,JU1802174
A0536,2142.87 ,2018/07/26,JU1808247
A1134,1926.14 ,2018/07/26,JU1802202
A1091,963.07 ,2018/07/26,JU1800296
A1104,2558.22 ,2018/07/26,JU1802728
A1004,1605.12 ,2018/07/26,JU1808757
A0731,4320.04 ,2018/07/26,JU1800288
A1181,1123.58 ,2018/07/26,JU1803615
A0816,2006.40 ,2018/07/26,JU1801805
A1369,740.16 ,2018/07/26,JU1805020
A0436,2500.01 ,2018/07/26,JU1800443
A0470,740.16 ,2018/07/26,JU1808179
A1413,2900.45 ,2018/07/26,JU1802664
A0515,2006.40 ,2018/07/26,JU1805240
A1100,2504.59 ,2018/07/26,JU1801515
A0802,4834.08 ,2018/07/26,JU1800423
A0852,319.78 ,2018/07/26,JU1801646
A0593,3437.28 ,2018/07/26,JU1803013
A0493,4408.80 ,2018/07/26,JU1805771
A0961,4320.04 ,2018/07/26,JU1808080
A0763,2003.68 ,2018/07/26,JU1808359
A1409,519.75 ,2018/07/26,JU1802954
A0905,2142.87 ,2018/07/26,JU1803393
A1413,963.07 ,2018/07/26,JU1808223
A0972,1252.30 ,2018/07/26,JU1805311
A0632,2142.87 ,2018/07/26,JU1809175
A0994,1598.89 ,2018/07/26,JU1802370
A1415,831.60 ,2018/07/26,JU1807758
A1316,2558.22 ,2018/07/26,JU1808446
A1367,1850.41 ,2018/07/26,JU1801354
A0423,2558.22 ,2018/07/26,JU1808868
A1293,6171.48 ,2018/07/26,JU1800604
A0426,2142.87 ,2018/07/26,JU1803634
A1175,1039.50 ,2018/07/27,JU1802913
A0852,166.32 ,2018/07/27,JU1803345
A0811,1123.58 ,2018/07/27,JU1804155
A0630,1598.89 ,2018/07/27,JU1807311
A1201,2142.87 ,2018/07/27,JU1802769
A0996,1039.50 ,2018/07/27,JU1808103
A0368,3197.78 ,2018/07/27,JU1805496
A1219,1404.48 ,2018/07/27,JU1808361
A1149,1279.11 ,2018/07/27,JU1807468
A0716,166.32 ,2018/07/27,JU1801990
A1412,1203.84 ,2018/07/27,JU1807601
A1388,831.60 ,2018/07/27,JU1807890
A0472,6171.48 ,2018/07/27,JU1803366
A1116,740.16 ,2018/07/27,JU1807546
A0431,7405.78 ,2018/07/27,JU1808180
A1164,415.80 ,2018/07/27,JU1804387
A1130,2407.68 ,2018/07/27,JU1807182
A0824,415.80 ,2018/07/27,JU1809088
A0977,831.60 ,2018/07/27,JU1806930
A0422,415.80 ,2018/07/27,JU1807566
A1278,415.80 ,2018/07/27,JU1809035
A0463,4583.04 ,2018/07/27,JU1805398
A1068,6171.48 ,2018/07/27,JU1800208
A0811,1203.84 ,2018/07/27,JU1802010
A1367,332.64 ,2018/07/27,JU1805432
A0464,2142.87 ,2018/07/27,JU1801097
A0357,1279.11 ,2018/07/27,JU1803892
A0380,2407.68 ,2018/07/27,JU1806673
A0462,3702.89 ,2018/07/27,JU1801385
A0513,665.28 ,2018/07/27,JU1803344
A1265,665.28 ,2018/07/27,JU1806956
A1133,370.08 ,2018/07/27,JU1803357
A1265,8469.12 ,2018/07/27,JU1806937
A0382,332.64 ,2018/07/27,JU1805324
A1007,3383.85 ,2018/07/30,JU1807430
A0583,6171.48 ,2018/07/30,JU1805228
A0993,740.16 ,2018/07/30,JU1800941
A0357,1605.12 ,2018/07/30,JU1803440
A1353,1404.48 ,2018/07/30,JU1804304
A0616,963.07 ,2018/07/30,JU1801052
A1290,3437.28 ,2018/07/30,JU1802296
A0891,415.80 ,2018/07/30,JU1808958
A1186,2006.40 ,2018/07/30,JU1809136
A0694,415.80 ,2018/07/30,JU1809007
A1264,1001.84 ,2018/07/30,JU1807959
A1360,8822.00 ,2018/07/30,JU1807260
A0632,7405.78 ,2018/07/30,JU1808864
A0853,3702.89 ,2018/07/30,JU1805738
A0953,1039.50 ,2018/07/30,JU1807189
A0422,740.16 ,2018/07/30,JU1807990
A0593,2142.87 ,2018/07/30,JU1808726
A1124,519.75 ,2018/07/30,JU1801628
A0514,103.95 ,2018/07/30,JU1801610
A0629,1252.30 ,2018/07/30,JU1806817
A1101,8281.07 ,2018/07/30,JU1808624
A1079,2504.59 ,2018/07/30,JU1805338
A1197,166.32 ,2018/07/30,JU1802116
A1313,1605.12 ,2018/07/30,JU1801528
A0583,4285.73 ,2018/07/30,JU1800123
A1332,7405.78 ,2018/07/30,JU1807973
A1278,1001.84 ,2018/07/30,JU1801287
A1253,963.07 ,2018/07/31,JU1807047
A1248,2142.87 ,2018/07/31,JU1806751
A1076,415.80 ,2018/07/31,JU1805283
A1020,1001.84 ,2018/07/31,JU1804495
A1139,2142.87 ,2018/07/31,JU1805716
A0972,415.80 ,2018/07/31,JU1807930
A1181,3702.89 ,2018/07/31,JU1803270
A1187,1926.14 ,2018/07/31,JU1800152
A0592,4408.80 ,2018/07/31,JU1805055
A0683,332.64 ,2018/07/31,JU1805218
A1183,10570.90 ,2018/07/31,JU1802145
A0560,1001.84 ,2018/07/31,JU1807925
A1013,332.64 ,2018/07/31,JU1807856
A0559,2142.87 ,2018/07/31,JU1801350
A0459,1123.58 ,2018/07/31,JU1808265
A0977,740.16 ,2018/07/31,JU1807976
A0432,3571.44 ,2018/07/31,JU1804507
A0808,3571.44 ,2018/07/31,JU1804048
A1333,21251.86 ,2018/07/31,JU1805752
A0761,25502.24 ,2018/07/31,JU1800179
A1208,1926.14 ,2018/07/31,JU1803062
A0907,963.07 ,2018/07/31,JU1803180
A0686,963.07 ,2018/07/31,JU1800697
A0431,925.20 ,2018/07/31,JU1802573
A0607,370.08 ,2018/07/31,JU1803109
A0988,27122.90 ,2018/07/31,JU1802729
A1161,740.16 ,2018/07/31,JU1803855
A0987,4320.04 ,2018/07/31,JU1804024
A0808,831.60 ,2018/07/31,JU1804424
A0480,332.64 ,2018/07/31,JU1800676
A0547,1039.50 ,2018/07/31,JU1800218
A0505,665.28 ,2018/07/31,JU1809032
A0559,831.60 ,2018/07/31,JU1804284
A1338,7405.78 ,2018/07/31,JU1805799
A0893,3702.89 ,2018/07/31,JU1809202
A0762,1605.12 ,2018/07/31,JU1800411
A1367,925.20 ,2018/07/31,JU1801299
A0742,1404.48 ,2018/07/31,JU1808497
A0422,332.64 ,2018/07/31,JU1806161
A0842,7057.60 ,2018/07/31,JU1803798
A0801,3702.89 ,2018/08/01,AU1800983
A0903,2500.01 ,2018/08/01,AU1802784
A1064,1252.30 ,2018/08/01,AU1806739
A0517,4372.76 ,2018/08/01,AU1805965
A0893,7216.00 ,2018/08/01,AU1806314
A1362,8405.34 ,2018/08/01,AU1804851
A1161,2787.84 ,2018/08/01,AU1804409
A0760,504.11 ,2018/08/01,AU1806884
A0505,4881.89 ,2018/08/01,AU1804219
A1009,1290.10 ,2018/08/01,AU1803880
A0375,10755.36 ,2018/08/01,AU1808138
A0881,3417.32 ,2018/08/01,AU1808511
A0862,5610.00 ,2018/08/01,AU1803729
A0399,10824.00 ,2018/08/01,AU1803221
A0800,504.11 ,2018/08/01,AU1808256
A1332,6246.80 ,2018/08/01,AU1802476
A0881,209.00 ,2018/08/01,AU1806425
A0739,1203.84 ,2018/08/02,AU1801154
A1290,519.75 ,2018/08/02,AU1805464
A0883,207.90 ,2018/08/02,AU1806498
A1065,2142.87 ,2018/08/02,AU1802485
A0947,209.00 ,2018/08/02,AU1808391
A0424,104.50 ,2018/08/02,AU1804670
A0515,3417.32 ,2018/08/02,AU1802253
A1133,9020.00 ,2018/08/02,AU1809022
A0961,504.11 ,2018/08/02,AU1805575
A0965,4328.12 ,2018/08/02,AU1804900
A0690,9997.02 ,2018/08/02,AU1806008
A0963,7216.00 ,2018/08/02,AU1806799
A0963,1290.10 ,2018/08/02,AU1805745
A0853,10824.00 ,2018/08/02,AU1800275
A0744,1260.27 ,2018/08/02,AU1807398
A1318,6209.91 ,2018/08/02,AU1800945
A0925,3571.44 ,2018/08/03,AU1804401
A1183,1404.48 ,2018/08/03,AU1805504
A0815,519.75 ,2018/08/03,AU1803727
A1002,3383.85 ,2018/08/03,AU1803391
A1410,963.07 ,2018/08/03,AU1802252
A1193,1279.11 ,2018/08/03,AU1804094
A1316,2142.87 ,2018/08/03,AU1808563
A1290,17314.50 ,2018/08/03,AU1807417
A1056,3717.12 ,2018/08/03,AU1800796
A1135,4881.89 ,2018/08/03,AU1806962
A0412,5610.00 ,2018/08/03,AU1804810
A1138,5858.27 ,2018/08/03,AU1802633
A0415,3417.32 ,2018/08/06,AU1807846
A0967,1612.63 ,2018/08/06,AU1809073
A1030,3225.25 ,2018/08/06,AU1807421
A1161,11207.12 ,2018/08/06,AU1806510
A0547,7496.16 ,2018/08/06,AU1806070
A0444,21756.24 ,2018/08/06,AU1806483
A0943,209.00 ,2018/08/06,AU1808227
A1079,4328.12 ,2018/08/06,AU1807190
A0432,504.11 ,2018/08/07,AU1807830
A0529,504.11 ,2018/08/07,AU1806235
A1306,6246.80 ,2018/08/07,AU1802219
A0785,322.53 ,2018/08/07,AU1802379
A0670,83.60 ,2018/08/07,AU1807019
A0934,1260.27 ,2018/08/08,AU1800782
A0892,1260.27 ,2018/08/08,AU1801746
A1369,3717.12 ,2018/08/08,AU1804815
A0647,167.20 ,2018/08/08,AU1800707
A1276,3225.25 ,2018/08/08,AU1800318
A1135,4372.76 ,2018/08/08,AU1800904
A1193,14340.48 ,2018/08/08,AU1805744
A1137,1260.27 ,2018/08/08,AU1806139
A0764,167.20 ,2018/08/08,AU1802920
A0881,1290.10 ,2018/08/08,AU1802256
A1332,4646.40 ,2018/08/08,AU1800479
A0883,16073.64 ,2018/08/08,AU1803399
A0659,167.20 ,2018/08/08,AU1808820
A0890,4372.76 ,2018/08/08,AU1805402
A1104,2428.80 ,2018/08/09,AU1802150
A1108,167.20 ,2018/08/09,AU1809371
A1420,4881.89 ,2018/08/09,AU1806578
A1152,6246.80 ,2018/08/09,AU1803955
A0678,4372.76 ,2018/08/09,AU1803206
A0800,4881.89 ,2018/08/09,AU1806880
A1226,3717.12 ,2018/08/09,AU1808919
A1390,7216.00 ,2018/08/09,AU1803565
A0436,645.05 ,2018/08/09,AU1803557
A0708,6246.80 ,2018/08/09,AU1803298
A1360,3225.25 ,2018/08/09,AU1801536
A0720,6246.80 ,2018/08/09,AU1807156
A0821,5858.27 ,2018/08/09,AU1804672
A1226,372.44 ,2018/08/09,AU1806650
A0852,1612.63 ,2018/08/09,AU1802693
A0881,5610.00 ,2018/08/10,AU1804901
A1064,17314.50 ,2018/08/10,AU1802897
A1027,19288.37 ,2018/08/10,AU1808261
A1265,21756.24 ,2018/08/10,AU1802645
A1120,167.20 ,2018/08/10,AU1800083
A0763,9020.00 ,2018/08/10,AU1807752
A0761,372.44 ,2018/08/10,AU1804008
A0707,9020.00 ,2018/08/13,AU1801431
A1304,1260.27 ,2018/08/13,AU1808468
A1193,4881.89 ,2018/08/13,AU1800100
A1212,1290.10 ,2018/08/13,AU1808995
A0589,4372.76 ,2018/08/13,AU1808074
A0830,1260.27 ,2018/08/13,AU1807593
A1188,2520.54 ,2018/08/13,AU1800944
A0792,6246.80 ,2018/08/13,AU1800915
A1295,4881.89 ,2018/08/13,AU1807556
A1055,2580.20 ,2018/08/13,AU1808602
A1248,19288.37 ,2018/08/14,AU1808038
A1384,8405.34 ,2018/08/14,AU1806303
A0587,2580.20 ,2018/08/14,AU1800437
A0838,2428.80 ,2018/08/14,AU1801874
A1197,2580.20 ,2018/08/14,AU1809235
A0582,4646.40 ,2018/08/14,AU1807034
A0641,8659.20 ,2018/08/14,AU1802195
A0530,1260.27 ,2018/08/14,AU1804656
A0670,4328.12 ,2018/08/14,AU1805336
A0927,8659.20 ,2018/08/14,AU1806836
A0997,1290.10 ,2018/08/14,AU1802678
A0428,2520.54 ,2018/08/14,AU1802847
A0354,252.05 ,2018/08/15,AU1802457
A1277,322.53 ,2018/08/15,AU1808455
A0722,2520.54 ,2018/08/15,AU1805521
A1415,11207.12 ,2018/08/15,AU1805912
A0878,104.50 ,2018/08/15,AU1803543
A1305,16073.64 ,2018/08/15,AU1804070
A1020,13531.32 ,2018/08/15,AU1806196
A1319,6246.80 ,2018/08/15,AU1800691
A0380,4372.76 ,2018/08/15,AU1805929
A0463,2520.54 ,2018/08/15,AU1804669
A1416,2520.54 ,2018/08/15,AU1800514
A1280,6246.80 ,2018/08/16,AU1805013
A0373,645.05 ,2018/08/16,AU1805671
A0842,1290.10 ,2018/08/16,AU1800096
A0977,10824.00 ,2018/08/16,AU1801481
A0952,2787.84 ,2018/08/16,AU1806377
A1142,4372.76 ,2018/08/16,AU1800289
A1302,7216.00 ,2018/08/16,AU1804471
A1255,1290.10 ,2018/08/16,AU1801577
A0529,4881.89 ,2018/08/16,AU1801996
A0745,2520.54 ,2018/08/16,AU1805836
A1110,4328.12 ,2018/08/16,AU1807317
A0892,3484.80 ,2018/08/16,AU1807751
A1277,5858.27 ,2018/08/16,AU1800213
A0754,4488.00 ,2018/08/17,AU1807264
A0673,6246.80 ,2018/08/17,AU1800978
A0375,4881.89 ,2018/08/17,AU1801499
A0786,4328.12 ,2018/08/17,AU1805591
A0484,3417.32 ,2018/08/17,AU1807155
A0770,2787.84 ,2018/08/17,AU1803772
A1214,5858.27 ,2018/08/17,AU1800475
A1181,167.20 ,2018/08/17,AU1808350
A1240,6209.91 ,2018/08/17,AU1805458
A0369,167.20 ,2018/08/17,AU1806830
A1067,5858.27 ,2018/08/17,AU1803863
A1135,4881.89 ,2018/08/20,AU1802930
A1285,1260.27 ,2018/08/20,AU1807849
A1119,2580.20 ,2018/08/20,AU1807005
A0887,14340.48 ,2018/08/20,AU1808319
A0808,3225.25 ,2018/08/20,AU1806703
A0811,2520.54 ,2018/08/20,AU1800960
A0942,4881.89 ,2018/08/20,AU1802626
A1079,1260.27 ,2018/08/20,AU1800112
A0670,2520.54 ,2018/08/20,AU1805280
A0937,167.20 ,2018/08/20,AU1805922
A0745,8279.88 ,2018/08/20,AU1805203
A1314,2580.20 ,2018/08/21,AU1806807
A0708,3484.80 ,2018/08/21,AU1805352
A0389,3225.25 ,2018/08/21,AU1807098
A1285,3417.32 ,2018/08/21,AU1808762
A0955,3225.25 ,2018/08/21,AU1808127
A0881,6209.91 ,2018/08/21,AU1803997
A0878,2428.80 ,2018/08/21,AU1801912
A1144,10824.00 ,2018/08/21,AU1806908
A0965,17314.50 ,2018/08/21,AU1808658
A0422,1260.27 ,2018/08/21,AU1806947
A0978,7496.16 ,2018/08/21,AU1808816
A0559,9020.00 ,2018/08/21,AU1807648
A0991,322.53 ,2018/08/22,AU1804592
A1261,4881.89 ,2018/08/22,AU1805597
A0706,4328.12 ,2018/08/22,AU1800632
A0713,27839.00 ,2018/08/22,AU1809049
A0961,1612.63 ,2018/08/22,AU1804139
A0513,3225.25 ,2018/08/22,AU1802515
A1232,645.05 ,2018/08/22,AU1803876
A0835,2428.80 ,2018/08/22,AU1807067
A1101,1612.63 ,2018/08/22,AU1801847
A1095,5858.27 ,2018/08/22,AU1807562
A0836,372.44 ,2018/08/22,AU1804279
A0708,2580.20 ,2018/08/22,AU1803964
A1343,2580.20 ,2018/08/22,AU1807036
A0883,2580.20 ,2018/08/22,AU1803531
A0907,2787.84 ,2018/08/22,AU1801879
A0530,1260.27 ,2018/08/22,AU1803699
A1049,6209.91 ,2018/08/23,AU1807406
A1293,4646.40 ,2018/08/23,AU1808615
A0808,6209.91 ,2018/08/23,AU1801497
A0953,11207.12 ,2018/08/23,AU1803231
A0949,7216.00 ,2018/08/23,AU1806255
A1135,4646.40 ,2018/08/23,AU1808590
A1387,4328.12 ,2018/08/23,AU1800205
A1302,9020.00 ,2018/08/23,AU1807418
A1353,17314.50 ,2018/08/23,AU1800599
A0376,209.00 ,2018/08/23,AU1808628
A0545,7496.16 ,2018/08/24,AU1800745
A0453,83.60 ,2018/08/24,AU1807012
A0914,3225.25 ,2018/08/24,AU1805485
A1104,1612.63 ,2018/08/24,AU1806768
A0686,4372.76 ,2018/08/24,AU1804735
A0869,3417.32 ,2018/08/24,AU1805290
A0686,372.44 ,2018/08/24,AU1807941
A0946,322.53 ,2018/08/24,AU1804642
A1299,3417.32 ,2018/08/24,AU1809024
A0785,3417.32 ,2018/08/24,AU1803765
A0941,4881.89 ,2018/08/24,AU1803136
A0940,7216.00 ,2018/08/24,AU1807665
A1100,4328.12 ,2018/08/27,AU1804687
A0865,372.44 ,2018/08/27,AU1806895
A0741,2428.80 ,2018/08/27,AU1800263
A0574,14340.48 ,2018/08/27,AU1801648
A0686,13531.32 ,2018/08/27,AU1801975
A0982,7216.00 ,2018/08/27,AU1801570
A1282,4328.12 ,2018/08/27,AU1800686
A0493,1290.10 ,2018/08/27,AU1802232
A0693,5858.27 ,2018/08/27,AU1804082
A1130,2428.80 ,2018/08/27,AU1804511
A0423,11207.12 ,2018/08/27,AU1801014
A1288,504.11 ,2018/08/27,AU1805776
A1161,4372.76 ,2018/08/27,AU1805863
A0603,4488.00 ,2018/08/27,AU1807822
A1184,3225.25 ,2018/08/28,AU1802085
A0403,83.60 ,2018/08/28,AU1807764
A0665,3484.80 ,2018/08/28,AU1807912
A0919,4372.76 ,2018/08/28,AU1801455
A0412,26107.49 ,2018/08/28,AU1807198
A1089,6209.91 ,2018/08/28,AU1808763
A0741,4881.89 ,2018/08/28,AU1801946
A0928,2520.54 ,2018/08/29,AU1808524
A0944,2787.84 ,2018/08/29,AU1800984
A0431,1290.10 ,2018/08/29,AU1802139
A1420,209.00 ,2018/08/29,AU1802345
A0811,372.44 ,2018/08/29,AU1802571
A0808,10824.00 ,2018/08/29,AU1805473
A0918,3225.25 ,2018/08/29,AU1808420
A1003,2428.80 ,2018/08/29,AU1808345
A0887,3484.80 ,2018/08/29,AU1806846
A1153,3225.25 ,2018/08/29,AU1800429
A0879,1612.63 ,2018/08/29,AU1803320
A1240,2520.54 ,2018/08/29,AU1805456
A0879,8659.20 ,2018/08/29,AU1802471
A0438,167.20 ,2018/08/29,AU1808221
A1164,6246.80 ,2018/08/29,AU1805855
A0513,1290.10 ,2018/08/29,AU1801924
A0992,4328.12 ,2018/08/29,AU1802947
A0801,10824.00 ,2018/08/29,AU1801578
A1331,1260.27 ,2018/08/29,AU1800720
A0583,3417.32 ,2018/08/29,AU1805654
A0919,3417.32 ,2018/08/29,AU1808482
A0354,372.44 ,2018/08/30,AU1809115
A0886,1290.10 ,2018/08/30,AU1803410
A0592,1612.63 ,2018/08/30,AU1802439
A1345,7496.16 ,2018/08/30,AU1804049
A0703,7496.16 ,2018/08/30,AU1802159
A0970,27839.00 ,2018/08/30,AU1806386
A1072,2520.54 ,2018/08/30,AU1804437
A1069,3717.12 ,2018/08/30,AU1800698
A0846,2787.84 ,2018/08/30,AU1802833
A0953,2787.84 ,2018/08/30,AU1809079
A1297,10755.36 ,2018/08/30,AU1802625
A0450,10824.00 ,2018/08/30,AU1800301
A0943,3417.32 ,2018/08/30,AU1800751
A1129,2580.20 ,2018/08/31,AU1806464
A0427,16073.64 ,2018/08/31,AU1802312
A0967,7496.16 ,2018/08/31,AU1808520
A0940,13531.32 ,2018/08/31,AU1800928
A0769,1260.27 ,2018/08/31,AU1804385
A0514,13531.32 ,2018/08/31,AU1807534
A0506,322.53 ,2018/08/31,AU1802388
A0800,10824.00 ,2018/08/31,AU1806969
A1306,6246.80 ,2018/08/31,AU1801749
A0815,5858.27 ,2018/08/31,AU1806644
A0436,3225.25 ,2018/08/31,AU1801309
A1381,8405.34 ,2018/08/31,AU1801478
A1228,7496.16 ,2018/08/31,AU1800448
A0927,16073.64 ,2018/08/31,AU1802545
A0824,372.44 ,2018/08/31,AU1802224
A0945,3417.32 ,2018/08/31,AU1800996
A1357,2428.80 ,2018/08/31,AU1803236
A0990,3417.32 ,2018/08/31,AU1803354
A1142,8659.20 ,2018/08/31,AU1805874
A0923,1290.10 ,2018/09/03,SE1808353
A0808,7216.00 ,2018/09/03,SE1802674
A1413,14340.48 ,2018/09/03,SE1801930
A0473,209.00 ,2018/09/03,SE1801985
A0420,2520.54 ,2018/09/03,SE1808801
A1114,2787.84 ,2018/09/03,SE1807017
A1350,3417.32 ,2018/09/03,SE1801466
A0363,3225.25 ,2018/09/03,SE1806680
A0987,10755.36 ,2018/09/03,SE1801960
A0919,4328.12 ,2018/09/03,SE1806292
A1412,1612.63 ,2018/09/03,SE1801113
A0632,2520.54 ,2018/09/03,SE1806734
A0632,4328.12 ,2018/09/03,SE1804333
A1358,4372.76 ,2018/09/03,SE1807824
A0493,7216.00 ,2018/09/03,SE1802222
A1333,3417.32 ,2018/09/03,SE1803678
A0709,3225.25 ,2018/09/03,SE1806165
A0862,3225.25 ,2018/09/03,SE1807381
A1215,5858.27 ,2018/09/04,SE1803392
A0575,1290.10 ,2018/09/04,SE1800396
A0951,1612.63 ,2018/09/04,SE1807085
A0507,4488.00 ,2018/09/04,SE1808612
A1332,3225.25 ,2018/09/04,SE1807364
A0414,2520.54 ,2018/09/04,SE1803608
A1036,1612.63 ,2018/09/04,SE1802793
A1412,4646.40 ,2018/09/04,SE1806187
A1036,2580.20 ,2018/09/04,SE1807669
A1307,252.05 ,2018/09/04,SE1801075
A1003,104.50 ,2018/09/04,SE1806741
A0542,167.20 ,2018/09/04,SE1804654
A0886,3417.32 ,2018/09/05,SE1800705
A0964,8405.34 ,2018/09/05,SE1806595
A0879,2428.80 ,2018/09/05,SE1802027
A1333,2787.84 ,2018/09/05,SE1801934
A1412,4488.00 ,2018/09/05,SE1809238
A1388,6209.91 ,2018/09/05,SE1802516
A1343,167.20 ,2018/09/05,SE1808819
A0893,5610.00 ,2018/09/05,SE1801012
A1095,5858.27 ,2018/09/05,SE1807964
A1124,4372.76 ,2018/09/05,SE1802658
A0873,186.22 ,2018/09/05,SE1802952
A0630,2520.54 ,2018/09/05,SE1807445
A0530,186.22 ,2018/09/06,SE1802338
A1370,4646.40 ,2018/09/06,SE1805721
A1057,4881.89 ,2018/09/06,SE1801720
A0742,2787.84 ,2018/09/06,SE1803667
A0795,1612.63 ,2018/09/06,SE1808532
A1257,21756.24 ,2018/09/06,SE1804054
A0641,1612.63 ,2018/09/06,SE1803632
A0800,7216.00 ,2018/09/07,SE1806114
A1286,8405.34 ,2018/09/07,SE1804041
A0795,8405.34 ,2018/09/07,SE1806041
A0574,104.50 ,2018/09/07,SE1804852
A1062,33406.80 ,2018/09/07,SE1803564
A0826,2520.54 ,2018/09/07,SE1803647
A0412,21756.24 ,2018/09/07,SE1802135
A0531,2428.80 ,2018/09/07,SE1803639
A0845,3484.80 ,2018/09/07,SE1804752
A0566,2520.54 ,2018/09/10,SE1806321
A0878,1612.63 ,2018/09/10,SE1804893
A0494,2520.54 ,2018/09/10,SE1802611
A0900,2787.84 ,2018/09/10,SE1804807
A0353,167.20 ,2018/09/10,SE1800454
A1076,2787.84 ,2018/09/10,SE1802129
A1027,2580.20 ,2018/09/10,SE1805238
A0962,1260.27 ,2018/09/10,SE1800906
A0847,186.22 ,2018/09/10,SE1807388
A0771,3417.32 ,2018/09/10,SE1808779
A1123,1290.10 ,2018/09/11,SE1806050
A0867,8659.20 ,2018/09/11,SE1803683
A0457,1612.63 ,2018/09/11,SE1807569
A1062,167.20 ,2018/09/11,SE1800574
A0861,5610.00 ,2018/09/11,SE1806001
A1057,104.50 ,2018/09/11,SE1809362
A0771,7496.16 ,2018/09/11,SE1800699
A0690,1290.10 ,2018/09/11,SE1804162
A0399,4881.89 ,2018/09/11,SE1808077
A0629,2520.54 ,2018/09/11,SE1800789
A0696,372.44 ,2018/09/11,SE1805312
A1343,1290.10 ,2018/09/11,SE1805423
A0419,167.20 ,2018/09/11,SE1803268
A1409,10755.36 ,2018/09/11,SE1809125
A1062,4488.00 ,2018/09/12,SE1801395
A1036,504.11 ,2018/09/12,SE1800104
A0977,4881.89 ,2018/09/12,SE1806526
A0534,4372.76 ,2018/09/12,SE1807582
A1302,3417.32 ,2018/09/12,SE1804754
A0890,4372.76 ,2018/09/12,SE1802117
A0891,14340.48 ,2018/09/13,SE1800135
A0514,4881.89 ,2018/09/13,SE1800165
A0955,7496.16 ,2018/09/13,SE1806777
A0464,3484.80 ,2018/09/13,SE1807954
A0895,4488.00 ,2018/09/13,SE1808271
A1241,4488.00 ,2018/09/13,SE1801146
A0946,19288.37 ,2018/09/13,SE1807550
A1035,645.05 ,2018/09/13,SE1802943
A0530,6246.80 ,2018/09/13,SE1807698
A1204,4881.89 ,2018/09/13,SE1809363
A1302,2580.20 ,2018/09/13,SE1800043
A0774,8405.34 ,2018/09/13,SE1804763
A0690,3417.32 ,2018/09/14,SE1803265
A1072,6209.91 ,2018/09/14,SE1800717
A0502,5858.27 ,2018/09/14,SE1809126
A1153,4881.89 ,2018/09/14,SE1806494
A1388,7496.16 ,2018/09/14,SE1802996
A0933,6246.80 ,2018/09/14,SE1807583
A0808,4881.89 ,2018/09/14,SE1802087
A0605,167.20 ,2018/09/14,SE1802088
A1201,167.20 ,2018/09/14,SE1800649
A0871,2580.20 ,2018/09/17,SE1808415
A1384,4328.12 ,2018/09/17,SE1803951
A1287,2520.54 ,2018/09/17,SE1807723
A1181,83.60 ,2018/09/17,SE1800841
A0990,1290.10 ,2018/09/17,SE1807719
A0961,2787.84 ,2018/09/17,SE1800752
A0792,167.20 ,2018/09/17,SE1807904
A1358,7496.16 ,2018/09/17,SE1806409
A0510,8405.34 ,2018/09/18,SE1800057
A1385,2520.54 ,2018/09/18,SE1802424
A1215,7216.00 ,2018/09/18,SE1804224
A0762,104.50 ,2018/09/18,SE1803304
A1139,6246.80 ,2018/09/19,SE1805237
A1295,104.50 ,2018/09/19,SE1806379
A1167,3225.25 ,2018/09/19,SE1806766
A1388,2520.54 ,2018/09/19,SE1803200
A1415,2428.80 ,2018/09/19,SE1801637
A1062,2787.84 ,2018/09/19,SE1805892
A1230,19288.37 ,2018/09/19,SE1802204
A1371,1260.27 ,2018/09/20,SE1805937
A1357,5858.27 ,2018/09/20,SE1805966
A1345,21756.24 ,2018/09/20,SE1801365
A1244,4881.89 ,2018/09/20,SE1802240
A1201,4328.12 ,2018/09/20,SE1804506
A1369,2428.80 ,2018/09/20,SE1805139
A0761,5858.27 ,2018/09/20,SE1808422
A1228,1612.63 ,2018/09/20,SE1801546
A1221,5858.27 ,2018/09/20,SE1807573
A0681,3417.32 ,2018/09/20,SE1801502
A1009,3225.25 ,2018/09/20,SE1801415
A1187,17314.50 ,2018/09/20,SE1804129
A0951,5858.27 ,2018/09/21,SE1806960
A0706,4328.12 ,2018/09/21,SE1807459
A1001,11207.12 ,2018/09/21,SE1803560
A0907,7496.16 ,2018/09/21,SE1805947
A0408,2787.84 ,2018/09/21,SE1808437
A0519,6246.80 ,2018/09/21,SE1803353
A0836,167.20 ,2018/09/21,SE1800194
A0892,504.11 ,2018/09/21,SE1807229
A1095,6209.91 ,2018/09/21,SE1808875
A1419,2428.80 ,2018/09/21,SE1804011
A0782,1290.10 ,2018/09/21,SE1800844
A1164,5858.27 ,2018/09/21,SE1801360
A0933,2428.80 ,2018/09/21,SE1804493
A0464,1260.27 ,2018/09/21,SE1805044
A0452,1260.27 ,2018/09/21,SE1808904
A1101,2520.54 ,2018/09/24,SE1800111
A0504,10755.36 ,2018/09/24,SE1807886
A1003,1290.10 ,2018/09/24,SE1806588
A0813,167.20 ,2018/09/24,SE1804760
A0368,2520.54 ,2018/09/24,SE1801838
A1232,8405.34 ,2018/09/24,SE1801711
A0627,7216.00 ,2018/09/24,SE1801963
A1130,6246.80 ,2018/09/24,SE1803934
A1313,3417.32 ,2018/09/24,SE1805266
A0574,2428.80 ,2018/09/24,SE1803151
A1103,1612.63 ,2018/09/24,SE1802157
A0854,8405.34 ,2018/09/24,SE1806266
A0428,167.20 ,2018/09/24,SE1807057
A1226,8405.34 ,2018/09/24,SE1801149
A0459,186.22 ,2018/09/24,SE1809369
A0994,3417.32 ,2018/09/24,SE1808106
A1388,9020.00 ,2018/09/24,SE1803739
A0870,8405.34 ,2018/09/25,SE1807063
A0484,3717.12 ,2018/09/25,SE1802377
A1249,1260.27 ,2018/09/25,SE1803936
A0875,6209.91 ,2018/09/25,SE1806938
A0457,7216.00 ,2018/09/25,SE1809379
A0630,1612.63 ,2018/09/25,SE1806931
A0887,3417.32 ,2018/09/25,SE1800114
A1373,3717.12 ,2018/09/25,SE1807176
A1412,2428.80 ,2018/09/25,SE1806648
A0703,372.44 ,2018/09/26,SE1808676
A0928,2520.54 ,2018/09/26,SE1809087
A1203,4328.12 ,2018/09/26,SE1809276
A1390,8279.88 ,2018/09/26,SE1807933
A0410,21756.24 ,2018/09/26,SE1801206
A1120,3484.80 ,2018/09/26,SE1807810
A0607,4372.76 ,2018/09/26,SE1805995
A0763,5858.27 ,2018/09/26,SE1803414
A0607,6246.80 ,2018/09/26,SE1801855
A0830,10755.36 ,2018/09/26,SE1802739
A0873,21756.24 ,2018/09/27,SE1805936
A0760,5858.27 ,2018/09/27,SE1803443
A1062,3417.32 ,2018/09/27,SE1804065
A0428,186.22 ,2018/09/27,SE1800648
A1153,6209.91 ,2018/09/27,SE1800666
A1236,252.05 ,2018/09/27,SE1805751
A0724,2428.80 ,2018/09/27,SE1800861
A1305,186.22 ,2018/09/27,SE1800199
A1228,2428.80 ,2018/09/27,SE1800958
A1329,504.11 ,2018/09/27,SE1801717
A0930,9997.02 ,2018/09/27,SE1804776
A0715,504.11 ,2018/09/27,SE1800153
A0822,104.50 ,2018/09/28,SE1803187
A0767,9020.00 ,2018/09/28,SE1804352
A0498,504.11 ,2018/09/28,SE1802073
A1312,21756.24 ,2018/09/28,SE1803041
A0615,7496.16 ,2018/09/28,SE1806518
A0605,3225.25 ,2018/09/28,SE1801329
A0516,167.20 ,2018/09/28,SE1803599
A1381,372.44 ,2018/09/28,SE1805991
A1216,6209.91 ,2018/09/28,SE1802373
A0690,3417.32 ,2018/09/28,SE1805029
A1406,9020.00 ,2018/09/28,SE1800793
A0506,2787.84 ,2018/09/28,SE1800197
A0547,2787.84 ,2018/09/28,SE1807732
A1050,2428.80 ,2018/09/28,SE1807150
A0920,5858.27 ,2018/09/28,SE1801602
A0781,83.60 ,2018/10/01,OC1809042
A1272,6026.30 ,2018/10/01,OC1800609
A1183,2711.81 ,2018/10/01,OC1800975
A1312,827.20 ,2018/10/01,OC1805183
A0478,1470.90 ,2018/10/01,OC1801458
A1316,1585.15 ,2018/10/01,OC1804910
A0982,1113.73 ,2018/10/01,OC1804838
A1358,2475.29 ,2018/10/01,OC1803523
A1202,1113.73 ,2018/10/01,OC1807041
A0785,1193.28 ,2018/10/01,OC1802840
A0961,3350.39 ,2018/10/01,OC1800332
A0670,1470.90 ,2018/10/01,OC1808196
A0760,4243.35 ,2018/10/01,OC1803869
A0497,413.60 ,2018/10/01,OC1806273
A1216,3536.12 ,2018/10/01,OC1802096
A0878,827.20 ,2018/10/01,OC1806694
A0436,165.44 ,2018/10/01,OC1808061
A0531,1193.28 ,2018/10/01,OC1804349
A0641,2488.65 ,2018/10/01,OC1808900
A1002,8624.00 ,2018/10/01,OC1804631
A1265,1113.73 ,2018/10/01,OC1803157
A0506,413.60 ,2018/10/01,OC1806942
A0480,2871.76 ,2018/10/01,OC1801491
A1225,517.00 ,2018/10/01,OC1808722
A0781,330.88 ,2018/10/01,OC1804404
A0444,3417.32 ,2018/10/02,OC1803623
A0951,3536.12 ,2018/10/02,OC1808086
A0523,1193.28 ,2018/10/02,OC1807588
A1382,2536.24 ,2018/10/02,OC1801997
A0673,413.60 ,2018/10/02,OC1805976
A1164,206.80 ,2018/10/02,OC1806016
A0503,827.20 ,2018/10/02,OC1806422
A0643,2871.76 ,2018/10/02,OC1807891
A1307,413.60 ,2018/10/02,OC1804183
A0458,1591.04 ,2018/10/02,OC1802764
A0883,1909.25 ,2018/10/02,OC1803971
A1215,10875.74 ,2018/10/02,OC1808659
A1101,1244.32 ,2018/10/02,OC1803290
A1345,1034.00 ,2018/10/02,OC1804452
A1419,317.03 ,2018/10/02,OC1803302
A1367,1470.90 ,2018/10/02,OC1802320
A0431,8624.00 ,2018/10/02,OC1807263
A0578,9620.42 ,2018/10/02,OC1808686
A0763,413.60 ,2018/10/02,OC1808988
A0557,1268.12 ,2018/10/02,OC1803238
A1079,2488.65 ,2018/10/02,OC1804470
A0852,827.20 ,2018/10/02,OC1809062
A1387,10386.43 ,2018/10/02,OC1806369
A0745,497.73 ,2018/10/02,OC1806530
A1067,367.73 ,2018/10/02,OC1806662
A1018,413.60 ,2018/10/02,OC1805926
A0566,206.80 ,2018/10/02,OC1806551
A0456,2475.29 ,2018/10/02,OC1803962
A1076,8624.00 ,2018/10/02,OC1808158
A0884,1392.16 ,2018/10/02,OC1806532
A0357,1392.16 ,2018/10/02,OC1808126
A1101,6899.20 ,2018/10/02,OC1803592
A0986,11207.12 ,2018/10/03,OC1806907
A0837,3417.32 ,2018/10/03,OC1808372
A0773,5858.27 ,2018/10/03,OC1807187
A0892,17314.50 ,2018/10/03,OC1806838
A1034,330.88 ,2018/10/03,OC1809009
A1183,248.86 ,2018/10/03,OC1800350
A1232,1244.32 ,2018/10/03,OC1808716
A1257,735.45 ,2018/10/03,OC1803482
A0905,1988.80 ,2018/10/03,OC1809179
A0824,8156.81 ,2018/10/03,OC1804123
A1146,995.46 ,2018/10/03,OC1800376
A0531,4519.68 ,2018/10/03,OC1805636
A0747,317.03 ,2018/10/03,OC1808209
A1348,735.45 ,2018/10/03,OC1800250
A0633,2475.29 ,2018/10/03,OC1802065
A0760,1990.92 ,2018/10/03,OC1807956
A1064,1392.16 ,2018/10/03,OC1800921
A0531,10875.74 ,2018/10/03,OC1801459
A1181,330.88 ,2018/10/03,OC1807949
A0431,1909.25 ,2018/10/03,OC1803174
A1226,2488.65 ,2018/10/03,OC1803058
A0473,1392.16 ,2018/10/03,OC1801136
A1357,2488.65 ,2018/10/03,OC1807838
A0660,1034.00 ,2018/10/03,OC1804563
A1285,413.60 ,2018/10/03,OC1806813
A1178,4329.60 ,2018/10/03,OC1809100
A1100,2386.56 ,2018/10/03,OC1800246
A1332,330.88 ,2018/10/03,OC1808048
A0994,1034.00 ,2018/10/03,OC1801388
A0380,1470.90 ,2018/10/03,OC1805253
A0934,1268.12 ,2018/10/03,OC1803142
A0574,6096.16 ,2018/10/03,OC1803182
A1133,3657.70 ,2018/10/03,OC1804058
A0513,4786.27 ,2018/10/03,OC1804658
A1329,1392.16 ,2018/10/03,OC1809101
A0659,1268.12 ,2018/10/03,OC1804405
A1129,1193.28 ,2018/10/03,OC1805434
A0916,1260.27 ,2018/10/04,OC1802565
A0895,1113.73 ,2018/10/04,OC1808425
A0442,517.00 ,2018/10/04,OC1802137
A0778,6026.30 ,2018/10/04,OC1803415
A0611,1909.25 ,2018/10/04,OC1805146
A1411,413.60 ,2018/10/04,OC1809378
A1277,1392.16 ,2018/10/04,OC1807091
A0835,1591.04 ,2018/10/04,OC1801692
A1381,1990.92 ,2018/10/04,OC1804132
A1257,661.76 ,2018/10/04,OC1801035
A1003,1909.25 ,2018/10/04,OC1801684
A1101,1268.12 ,2018/10/04,OC1806436
A0552,1113.73 ,2018/10/04,OC1806776
A1240,413.60 ,2018/10/04,OC1807217
A0693,735.45 ,2018/10/04,OC1809267
A1092,183.86 ,2018/10/04,OC1807243
A0720,2386.56 ,2018/10/04,OC1801962
A0881,4267.31 ,2018/10/04,OC1805116
A0846,3615.74 ,2018/10/04,OC1803857
A0903,827.20 ,2018/10/04,OC1808466
A0365,9620.42 ,2018/10/04,OC1804660
A0579,1909.25 ,2018/10/04,OC1802969
A1228,995.46 ,2018/10/04,OC1801801
A0385,1988.80 ,2018/10/04,OC1802548
A1092,4329.60 ,2018/10/04,OC1800561
A0670,827.20 ,2018/10/04,OC1804375
A1065,735.45 ,2018/10/04,OC1800837
A1244,2580.20 ,2018/10/05,OC1804899
A0497,3225.25 ,2018/10/05,OC1803728
A0724,322.53 ,2018/10/05,OC1806667
A0863,1268.12 ,2018/10/05,OC1808692
A0421,827.20 ,2018/10/05,OC1808205
A0777,103.40 ,2018/10/05,OC1805631
A0586,1193.28 ,2018/10/05,OC1805010
A1260,6026.30 ,2018/10/05,OC1808236
A1230,1591.04 ,2018/10/05,OC1803868
A0616,4786.27 ,2018/10/05,OC1806850
A1409,1990.92 ,2018/10/05,OC1803217
A0878,2475.29 ,2018/10/05,OC1805827
A0796,1034.00 ,2018/10/05,OC1806639
A0897,1193.28 ,2018/10/05,OC1806286
A1120,413.60 ,2018/10/05,OC1800187
A0582,6096.16 ,2018/10/05,OC1808369
A1316,3350.39 ,2018/10/05,OC1808320
A0745,330.88 ,2018/10/05,OC1805729
A1274,1585.15 ,2018/10/05,OC1802231
A1254,1988.80 ,2018/10/05,OC1808107
A0972,8279.04 ,2018/10/05,OC1802747
A0670,517.00 ,2018/10/05,OC1800183
A0357,1392.16 ,2018/10/05,OC1806458
A0616,1591.04 ,2018/10/05,OC1805960
A0371,1034.00 ,2018/10/05,OC1803958
A1116,330.88 ,2018/10/05,OC1807333
A0472,827.20 ,2018/10/05,OC1806457
A1323,517.00 ,2018/10/05,OC1808093
A1407,1193.28 ,2018/10/08,OC1801888
A0530,2386.56 ,2018/10/08,OC1808840
A0569,1193.28 ,2018/10/08,OC1806264
A0938,330.88 ,2018/10/08,OC1807876
A0741,735.45 ,2018/10/08,OC1808597
A0373,13848.58 ,2018/10/08,OC1800780
A0399,1193.28 ,2018/10/08,OC1800795
A0684,413.60 ,2018/10/08,OC1802955
A1202,2711.81 ,2018/10/08,OC1802885
A1331,2475.29 ,2018/10/08,OC1804965
A0445,13021.58 ,2018/10/08,OC1800023
A1009,5412.00 ,2018/10/08,OC1808874
A0862,6096.16 ,2018/10/08,OC1801736
A0708,1113.73 ,2018/10/08,OC1801063
A0785,4786.27 ,2018/10/08,OC1808268
A0930,2475.29 ,2018/10/08,OC1800167
A0703,1838.63 ,2018/10/08,OC1807015
A1406,1988.80 ,2018/10/08,OC1802430
A0673,1034.00 ,2018/10/08,OC1807477
A1114,2488.65 ,2018/10/08,OC1801702
A0450,5412.00 ,2018/10/08,OC1804916
A1135,5743.52 ,2018/10/08,OC1808850
A0640,5743.52 ,2018/10/09,OC1808582
A1135,661.76 ,2018/10/09,OC1804873
A1129,1244.32 ,2018/10/09,OC1802392
A0795,735.45 ,2018/10/09,OC1803369
A0815,5743.52 ,2018/10/09,OC1803983
A0817,3170.30 ,2018/10/09,OC1802594
A0827,5743.52 ,2018/10/09,OC1803396
A0470,2475.29 ,2018/10/09,OC1801689
A0593,8156.81 ,2018/10/09,OC1802588
A1120,26406.80 ,2018/10/09,OC1808635
A0944,1113.73 ,2018/10/09,OC1807335
A1345,517.00 ,2018/10/09,OC1804640
A0937,1591.04 ,2018/10/09,OC1807427
A0799,165.44 ,2018/10/09,OC1800180
A1236,634.06 ,2018/10/09,OC1805328
A1068,517.00 ,2018/10/09,OC1807139
A1002,661.76 ,2018/10/09,OC1802559
A0607,413.60 ,2018/10/09,OC1806178
A0660,413.60 ,2018/10/09,OC1804325
A1420,661.76 ,2018/10/09,OC1801591
A0934,1034.00 ,2018/10/09,OC1803661
A1020,413.60 ,2018/10/09,OC1808299
A0578,2386.56 ,2018/10/09,OC1804222
A0630,7315.39 ,2018/10/09,OC1802604
A1299,2386.56 ,2018/10/09,OC1803693
A1387,995.46 ,2018/10/09,OC1802656
A0824,1591.04 ,2018/10/09,OC1806491
A1385,330.88 ,2018/10/10,OC1802898
A1124,1838.63 ,2018/10/10,OC1805492
A0897,248.86 ,2018/10/10,OC1803965
A0863,661.76 ,2018/10/10,OC1806564
A0932,1838.63 ,2018/10/10,OC1805442
A1244,4243.35 ,2018/10/10,OC1806069
A0506,165.44 ,2018/10/10,OC1801489
A0657,995.46 ,2018/10/10,OC1804821
A0724,1193.28 ,2018/10/10,OC1803576
A1215,1591.04 ,2018/10/10,OC1806467
A1390,2475.29 ,2018/10/10,OC1805459
A0994,3389.76 ,2018/10/10,OC1808547
A0696,2386.56 ,2018/10/10,OC1805501
A0716,5743.52 ,2018/10/10,OC1802119
A1236,413.60 ,2018/10/10,OC1806395
A0641,1244.32 ,2018/10/10,OC1806137
A1058,330.88 ,2018/10/10,OC1801977
A1333,4243.35 ,2018/10/10,OC1800670
A0504,206.80 ,2018/10/10,OC1802393
A0593,1838.63 ,2018/10/10,OC1807701
A0655,413.60 ,2018/10/10,OC1803073
A0747,9620.42 ,2018/10/10,OC1807893
A0836,1392.16 ,2018/10/10,OC1804212
A0660,995.46 ,2018/10/10,OC1809275
A1069,1113.73 ,2018/10/10,OC1806856
A0662,517.00 ,2018/10/10,OC1804747
A1232,3536.12 ,2018/10/10,OC1805707
A1226,1470.90 ,2018/10/10,OC1808637
A1323,1268.12 ,2018/10/10,OC1805493
A0548,10386.43 ,2018/10/10,OC1808377
A0528,5743.52 ,2018/10/10,OC1807170
A1133,1990.92 ,2018/10/11,OC1808849
A1370,2475.29 ,2018/10/11,OC1802472
A0881,1990.92 ,2018/10/11,OC1800692
A0528,2475.29 ,2018/10/11,OC1803720
A1119,165.44 ,2018/10/11,OC1807851
A0637,3170.30 ,2018/10/11,OC1801979
A0355,1990.92 ,2018/10/11,OC1803220
A1381,6096.16 ,2018/10/11,OC1800802
A1110,10875.74 ,2018/10/11,OC1801423
A1236,1034.00 ,2018/10/11,OC1807006
A1139,413.60 ,2018/10/11,OC1804161
A1419,3657.70 ,2018/10/11,OC1807247
A0883,1470.90 ,2018/10/11,OC1808530
A1420,3657.70 ,2018/10/11,OC1807504
A0412,3536.12 ,2018/10/11,OC1804728
A0659,661.76 ,2018/10/11,OC1803322
A0470,1591.04 ,2018/10/11,OC1803300
A1167,1392.16 ,2018/10/11,OC1801452
A1226,413.60 ,2018/10/11,OC1800092
A0830,1268.12 ,2018/10/11,OC1808203
A0593,2871.76 ,2018/10/11,OC1804124
A1036,9620.42 ,2018/10/11,OC1805350
A1388,1909.25 ,2018/10/11,OC1807568
A1210,919.31 ,2018/10/11,OC1803803
A1358,2488.65 ,2018/10/11,OC1804801
A1225,413.60 ,2018/10/11,OC1804254
A0708,661.76 ,2018/10/11,OC1800155
A1237,165.44 ,2018/10/11,OC1808436
A0893,1990.92 ,2018/10/11,OC1805062
A1085,3615.74 ,2018/10/11,OC1804229
A0811,5743.52 ,2018/10/12,OC1808830
A0493,2871.76 ,2018/10/12,OC1801195
A0903,1909.25 ,2018/10/12,OC1801066
A1144,827.20 ,2018/10/12,OC1800539
A0587,1591.04 ,2018/10/12,OC1800455
A0574,1392.16 ,2018/10/12,OC1803150
A1100,413.60 ,2018/10/12,OC1806925
A0718,2711.81 ,2018/10/12,OC1807666
A1258,103.40 ,2018/10/12,OC1802166
A0697,4267.31 ,2018/10/12,OC1805019
A0474,16577.40 ,2018/10/12,OC1800047
A1054,8279.04 ,2018/10/12,OC1807213
A0497,517.00 ,2018/10/12,OC1804983
A0629,827.20 ,2018/10/12,OC1800823
A0419,6026.30 ,2018/10/12,OC1805898
A0627,1193.28 ,2018/10/12,OC1801959
A0716,827.20 ,2018/10/12,OC1808842
A1129,827.20 ,2018/10/12,OC1809361
A0531,1585.15 ,2018/10/12,OC1808160
A0415,1838.63 ,2018/10/12,OC1806254
A0942,2536.24 ,2018/10/12,OC1807426
A1208,2536.24 ,2018/10/12,OC1809055
A0548,1113.73 ,2018/10/12,OC1804462
A0411,6899.20 ,2018/10/12,OC1806336
A1130,1585.15 ,2018/10/12,OC1801276
A0811,330.88 ,2018/10/12,OC1803778
A1055,1268.12 ,2018/10/12,OC1806282
A0686,2488.65 ,2018/10/12,OC1802660
A1120,1034.00 ,2018/10/12,OC1804180
A1076,827.20 ,2018/10/12,OC1804701
A1274,1909.25 ,2018/10/12,OC1802049
A0616,1034.00 ,2018/10/12,OC1802834
A0470,3350.39 ,2018/10/12,OC1808332
A0942,3657.70 ,2018/10/15,OC1803549
A0801,6026.30 ,2018/10/15,OC1806213
A0667,661.76 ,2018/10/15,OC1802578
A1272,827.20 ,2018/10/15,OC1804823
A1363,6899.20 ,2018/10/15,OC1801074
A0765,413.60 ,2018/10/15,OC1808705
A0516,2871.76 ,2018/10/15,OC1803447
A1195,2871.76 ,2018/10/15,OC1805723
A1138,330.88 ,2018/10/15,OC1806051
A0905,3536.12 ,2018/10/15,OC1805543
A0471,735.45 ,2018/10/15,OC1802870
A0987,2871.76 ,2018/10/15,OC1806153
A0880,1113.73 ,2018/10/15,OC1808400
A1415,8624.00 ,2018/10/15,OC1804360
A0738,661.76 ,2018/10/15,OC1807331
A0760,4786.27 ,2018/10/15,OC1802589
A0470,1193.28 ,2018/10/15,OC1806130
A0869,1034.00 ,2018/10/15,OC1803107
A0798,3350.39 ,2018/10/15,OC1807204
A1370,8156.81 ,2018/10/15,OC1803799
A1410,4786.27 ,2018/10/15,OC1803854
A0893,2488.65 ,2018/10/15,OC1804950
A0887,3350.39 ,2018/10/15,OC1809004
A1390,1193.28 ,2018/10/15,OC1801944
A0836,1838.63 ,2018/10/15,OC1804088
A1237,330.88 ,2018/10/15,OC1800772
A0978,517.00 ,2018/10/15,OC1802372
A1151,2386.56 ,2018/10/15,OC1803784
A0496,2386.56 ,2018/10/15,OC1807287
A1413,4329.60 ,2018/10/15,OC1803474
A1193,1392.16 ,2018/10/15,OC1804457
A0610,1392.16 ,2018/10/15,OC1802815
A1188,4267.31 ,2018/10/15,OC1805838
A0808,413.60 ,2018/10/15,OC1800964
A1349,15328.37 ,2018/10/15,OC1804743
A1297,1990.92 ,2018/10/15,OC1803177
A1350,8156.81 ,2018/10/16,OC1805861
A1152,4329.60 ,2018/10/16,OC1804566
A0800,413.60 ,2018/10/16,OC1808015
A0592,1244.32 ,2018/10/16,OC1800498
A0688,4267.31 ,2018/10/16,OC1806283
A1170,7315.39 ,2018/10/16,OC1805968
A0511,517.00 ,2018/10/16,OC1800338
A0967,827.20 ,2018/10/16,OC1801916
A0681,1244.32 ,2018/10/16,OC1803468
A1278,6026.30 ,2018/10/16,OC1808200
A0747,317.03 ,2018/10/16,OC1806647
A1329,1193.28 ,2018/10/16,OC1801359
A1163,1034.00 ,2018/10/16,OC1804820
A1159,2488.65 ,2018/10/16,OC1803117
A1285,1909.25 ,2018/10/16,OC1800321
A0547,413.60 ,2018/10/16,OC1802299
A0463,4243.35 ,2018/10/16,OC1805251
A0919,4786.27 ,2018/10/16,OC1808447
A0830,3615.74 ,2018/10/16,OC1808537
A0641,317.03 ,2018/10/16,OC1801535
A1153,248.86 ,2018/10/16,OC1805428
A0686,1244.32 ,2018/10/16,OC1808704
A0529,1113.73 ,2018/10/16,OC1801998
A1409,5743.52 ,2018/10/16,OC1803918
A1338,206.80 ,2018/10/16,OC1804854
A1254,206.80 ,2018/10/16,OC1801283
A0601,1990.92 ,2018/10/16,OC1807682
A0761,413.60 ,2018/10/16,OC1803884
A0515,413.60 ,2018/10/16,OC1804922
A1094,1113.73 ,2018/10/16,OC1803239
A0466,1113.73 ,2018/10/16,OC1802076
A1326,661.76 ,2018/10/16,OC1808975
A1065,661.76 ,2018/10/16,OC1809066
A1297,413.60 ,2018/10/16,OC1803016
A1162,1591.04 ,2018/10/17,OC1806306
A0372,1113.73 ,2018/10/17,OC1800909
A0996,1585.15 ,2018/10/17,OC1806700
A0998,1244.32 ,2018/10/17,OC1808109
A0839,1988.80 ,2018/10/17,OC1809106
A0822,8624.00 ,2018/10/17,OC1801839
A0419,1591.04 ,2018/10/17,OC1807952
A1381,1193.28 ,2018/10/17,OC1804177
A1337,1988.80 ,2018/10/17,OC1803956
A0419,995.46 ,2018/10/17,OC1809211
A1415,1113.73 ,2018/10/17,OC1807212
A0578,330.88 ,2018/10/17,OC1806218
A0352,4243.35 ,2018/10/17,OC1808617
A0763,995.46 ,2018/10/17,OC1806392
A0375,24896.99 ,2018/10/17,OC1806184
A0633,827.20 ,2018/10/17,OC1808743
A0673,20747.49 ,2018/10/17,OC1801831
A1035,2871.76 ,2018/10/17,OC1802353
A0965,1244.32 ,2018/10/17,OC1803487
A0993,517.00 ,2018/10/17,OC1801754
A1221,1034.00 ,2018/10/17,OC1808753
A0512,413.60 ,2018/10/17,OC1807551
A1003,8624.00 ,2018/10/17,OC1803758
A1057,735.45 ,2018/10/17,OC1805435
A1286,3536.12 ,2018/10/17,OC1805339
A0428,2871.76 ,2018/10/17,OC1804730
A0738,330.88 ,2018/10/17,OC1803760
A0796,735.45 ,2018/10/17,OC1804170
A1316,517.00 ,2018/10/17,OC1808620
A0991,517.00 ,2018/10/17,OC1807093
A0371,2711.81 ,2018/10/17,OC1801420
A1159,2871.76 ,2018/10/17,OC1805367
A0880,2871.76 ,2018/10/17,OC1809151
A0458,1193.28 ,2018/10/17,OC1809260
A0853,1988.80 ,2018/10/17,OC1801190
A0785,1034.00 ,2018/10/17,OC1808238
A0696,413.60 ,2018/10/17,OC1802187
A0404,413.60 ,2018/10/18,OC1807922
A0708,1470.90 ,2018/10/18,OC1806615
A1100,2488.65 ,2018/10/18,OC1804434
A1030,3657.70 ,2018/10/18,OC1805691
A1241,2871.76 ,2018/10/18,OC1801857
A0393,1838.63 ,2018/10/18,OC1806327
A0482,1392.16 ,2018/10/18,OC1805609
A0923,1591.04 ,2018/10/18,OC1809244
A0756,6026.30 ,2018/10/18,OC1802524
A1101,1392.16 ,2018/10/18,OC1800461
A0953,3615.74 ,2018/10/18,OC1803087
A1228,1591.04 ,2018/10/18,OC1802324
A0742,413.60 ,2018/10/18,OC1809282
A1067,413.60 ,2018/10/18,OC1803598
A1065,3615.74 ,2018/10/18,OC1807511
A1357,1034.00 ,2018/10/18,OC1803370
A0982,995.46 ,2018/10/18,OC1802570
A0438,6899.20 ,2018/10/18,OC1808239
A1178,2536.24 ,2018/10/18,OC1802074
A0988,1988.80 ,2018/10/18,OC1802606
A1237,2536.24 ,2018/10/18,OC1804363
A0673,1034.00 ,2018/10/18,OC1807238
A1212,827.20 ,2018/10/18,OC1800638
A1085,827.20 ,2018/10/18,OC1805621
A0387,413.60 ,2018/10/18,OC1808105
A0883,827.20 ,2018/10/18,OC1806455
A1319,1988.80 ,2018/10/18,OC1806889
A0472,919.31 ,2018/10/18,OC1806454
A1406,6899.20 ,2018/10/18,OC1800164
A1419,2475.29 ,2018/10/18,OC1804610
A0738,5743.52 ,2018/10/18,OC1803946
A1162,4786.27 ,2018/10/18,OC1806506
A0496,165.44 ,2018/10/18,OC1804087
A0802,330.88 ,2018/10/18,OC1800713
A1278,3657.70 ,2018/10/18,OC1802810
A1286,7315.39 ,2018/10/18,OC1808717
A1402,3536.12 ,2018/10/19,OC1807968
A1149,517.00 ,2018/10/19,OC1805941
A0393,413.60 ,2018/10/19,OC1806701
A1204,919.31 ,2018/10/19,OC1807500
A0993,661.76 ,2018/10/19,OC1800336
A1110,735.45 ,2018/10/19,OC1809269
A1302,413.60 ,2018/10/19,OC1802907
A1369,995.46 ,2018/10/19,OC1800294
A0438,1909.25 ,2018/10/19,OC1800733
A0520,82.72 ,2018/10/19,OC1806775
A1239,1591.04 ,2018/10/19,OC1800186
A1258,3389.76 ,2018/10/19,OC1808444
A0869,517.00 ,2018/10/19,OC1805291
A0607,1113.73 ,2018/10/19,OC1800822
A1057,827.20 ,2018/10/19,OC1801073
A0428,661.76 ,2018/10/19,OC1802653
A0357,3170.30 ,2018/10/19,OC1800971
A1286,1909.25 ,2018/10/19,OC1802250
A0528,4519.68 ,2018/10/19,OC1807441
A0574,827.20 ,2018/10/19,OC1800231
A0819,1591.04 ,2018/10/19,OC1800101
A0994,661.76 ,2018/10/19,OC1800671
A0742,3657.70 ,2018/10/19,OC1805478
A1193,517.00 ,2018/10/19,OC1806004
A0861,1193.28 ,2018/10/19,OC1803252
A0949,2871.76 ,2018/10/19,OC1804517
A0816,995.46 ,2018/10/19,OC1802203
A1305,183.86 ,2018/10/19,OC1808666
A1151,31688.16 ,2018/10/22,OC1804361
A0769,10875.74 ,2018/10/22,OC1800554
A0616,165.44 ,2018/10/22,OC1808309
A1255,827.20 ,2018/10/22,OC1805021
A0830,4329.60 ,2018/10/22,OC1807842
A0627,9620.42 ,2018/10/22,OC1801547
A1282,1244.32 ,2018/10/22,OC1803866
A0875,517.00 ,2018/10/22,OC1802182
A0575,1988.80 ,2018/10/22,OC1802553
A1241,3350.39 ,2018/10/22,OC1802760
A1095,1909.25 ,2018/10/22,OC1805282
A1278,2475.29 ,2018/10/22,OC1802506
A1130,7315.39 ,2018/10/22,OC1807894
A0773,827.20 ,2018/10/22,OC1804680
A0897,413.60 ,2018/10/22,OC1800856
A0708,3536.12 ,2018/10/22,OC1805380
A1137,1193.28 ,2018/10/22,OC1806833
A1419,9620.42 ,2018/10/22,OC1808076
A0415,661.76 ,2018/10/22,OC1806629
A0684,1909.25 ,2018/10/22,OC1804083
A1161,3170.30 ,2018/10/22,OC1806854
A0504,3615.74 ,2018/10/22,OC1806142
A0528,330.88 ,2018/10/22,OC1803791
A0464,661.76 ,2018/10/22,OC1801144
A0916,206.80 ,2018/10/22,OC1800551
A1193,2488.65 ,2018/10/22,OC1804768
A0724,517.00 ,2018/10/22,OC1809110
A1050,2871.76 ,2018/10/22,OC1803701
A0801,995.46 ,2018/10/22,OC1804871
A0808,3536.12 ,2018/10/22,OC1808702
A0679,367.73 ,2018/10/22,OC1802648
A1409,919.31 ,2018/10/22,OC1805788
A1403,3615.74 ,2018/10/22,OC1802689
A1068,2536.24 ,2018/10/22,OC1808493
A1228,6899.20 ,2018/10/22,OC1804956
A0419,1268.12 ,2018/10/22,OC1802801
A1408,1034.00 ,2018/10/23,OC1804646
A0972,3350.39 ,2018/10/23,OC1808273
A1343,5412.00 ,2018/10/23,OC1800192
A0742,2871.76 ,2018/10/23,OC1802175
A0454,919.31 ,2018/10/23,OC1805977
A1123,3389.76 ,2018/10/23,OC1808778
A1108,2386.56 ,2018/10/23,OC1807028
A0962,517.00 ,2018/10/23,OC1807906
A1102,1244.32 ,2018/10/23,OC1806855
A1252,919.31 ,2018/10/23,OC1806326
A0534,3536.12 ,2018/10/23,OC1803652
A0480,1113.73 ,2018/10/23,OC1809083
A0695,3350.39 ,2018/10/23,OC1807994
A0515,5743.52 ,2018/10/23,OC1802248
A0963,248.86 ,2018/10/23,OC1803264
A0472,413.60 ,2018/10/23,OC1803595
A0927,735.45 ,2018/10/23,OC1800661
A0502,330.88 ,2018/10/23,OC1806204
A1167,1193.28 ,2018/10/23,OC1805038
A0445,1193.28 ,2018/10/23,OC1808279
A1416,827.20 ,2018/10/23,OC1801970
A1329,82.72 ,2018/10/23,OC1808385
A0387,1113.73 ,2018/10/23,OC1805846
A1058,413.60 ,2018/10/23,OC1809213
A1403,413.60 ,2018/10/23,OC1809345
A1369,2475.29 ,2018/10/23,OC1803534
A0587,248.86 ,2018/10/23,OC1806495
A0897,995.46 ,2018/10/23,OC1802766
A1306,1591.04 ,2018/10/23,OC1806391
A0531,330.88 ,2018/10/23,OC1804529
A0584,1988.80 ,2018/10/23,OC1801680
A1169,1193.28 ,2018/10/23,OC1801957
A0949,3657.70 ,2018/10/23,OC1805985
A1110,2488.65 ,2018/10/23,OC1800075
A0785,827.20 ,2018/10/23,OC1802185
A1403,2536.24 ,2018/10/23,OC1806721
A1020,1838.63 ,2018/10/23,OC1803836
A0964,1268.12 ,2018/10/24,OC1807163
A1397,413.60 ,2018/10/24,OC1801356
A1076,1990.92 ,2018/10/24,OC1807747
A0408,1193.28 ,2018/10/24,OC1806042
A1316,735.45 ,2018/10/24,OC1807105
A0952,995.46 ,2018/10/24,OC1808110
A1381,517.00 ,2018/10/24,OC1804209
A0377,6026.30 ,2018/10/24,OC1808895
A1311,1988.80 ,2018/10/24,OC1806117
A0923,2711.81 ,2018/10/24,OC1808878
A1115,8624.00 ,2018/10/24,OC1802813
A0544,4519.68 ,2018/10/24,OC1808677
A1382,827.20 ,2018/10/24,OC1803408
A0407,1838.63 ,2018/10/24,OC1802186
A0510,6026.30 ,2018/10/24,OC1801876
A0630,413.60 ,2018/10/24,OC1802790
A0496,3350.39 ,2018/10/24,OC1802700
A0744,1268.12 ,2018/10/24,OC1800949
A0684,1591.04 ,2018/10/24,OC1805064
A0380,330.88 ,2018/10/24,OC1806214
A0763,1193.28 ,2018/10/24,OC1805470
A1067,317.03 ,2018/10/24,OC1801534
A0632,3350.39 ,2018/10/24,OC1800888
A0763,1244.32 ,2018/10/24,OC1802286
A0824,1392.16 ,2018/10/24,OC1802869
A0504,3536.12 ,2018/10/24,OC1806640
A1415,413.60 ,2018/10/24,OC1806786
A1299,4243.35 ,2018/10/24,OC1804315
A0632,1591.04 ,2018/10/24,OC1807603
A0696,1034.00 ,2018/10/24,OC1806310
A1161,661.76 ,2018/10/24,OC1803104
A0887,1909.25 ,2018/10/24,OC1800820
A1193,2871.76 ,2018/10/24,OC1802440
A1413,330.88 ,2018/10/24,OC1803847
A1319,4519.68 ,2018/10/24,OC1802921
A0630,1392.16 ,2018/10/24,OC1805994
A0578,2536.24 ,2018/10/24,OC1808544
A0387,6026.30 ,2018/10/24,OC1801464
A1323,4243.35 ,2018/10/24,OC1803641
A1332,1193.28 ,2018/10/24,OC1806206
A0529,10875.74 ,2018/10/24,OC1804677
A1345,1988.80 ,2018/10/24,OC1801573
A0997,1034.00 ,2018/10/24,OC1803105
A0892,1392.16 ,2018/10/24,OC1803423
A1113,1244.32 ,2018/10/25,OC1806337
A0688,13021.58 ,2018/10/25,OC1802221
A1182,4786.27 ,2018/10/25,OC1800132
A1150,413.60 ,2018/10/25,OC1805009
A0892,413.60 ,2018/10/25,OC1808439
A1118,3350.39 ,2018/10/25,OC1805219
A1182,26406.80 ,2018/10/25,OC1809195
A0796,4786.27 ,2018/10/25,OC1808262
A0982,3389.76 ,2018/10/25,OC1803459
A0781,1244.32 ,2018/10/25,OC1808216
A0629,1909.25 ,2018/10/25,OC1808282
A1197,413.60 ,2018/10/25,OC1803036
A1077,330.88 ,2018/10/25,OC1804071
A1216,330.88 ,2018/10/25,OC1808081
A0747,2386.56 ,2018/10/25,OC1805927
A0745,1909.25 ,2018/10/25,OC1802959
A0934,1470.90 ,2018/10/25,OC1800281
A0842,10348.80 ,2018/10/25,OC1801672
A1320,413.60 ,2018/10/25,OC1806660
A1120,3350.39 ,2018/10/25,OC1804491
A1187,2536.24 ,2018/10/25,OC1803145
A0781,1392.16 ,2018/10/25,OC1807804
A0474,1591.04 ,2018/10/25,OC1800245
A0919,1988.80 ,2018/10/25,OC1807462
A0994,661.76 ,2018/10/25,OC1808399
A1313,7315.39 ,2018/10/25,OC1807059
A1009,2711.81 ,2018/10/25,OC1804081
A1416,1392.16 ,2018/10/25,OC1804371
A0399,4243.35 ,2018/10/25,OC1807484
A1175,735.45 ,2018/10/26,OC1804794
A0462,15328.37 ,2018/10/26,OC1806248
A1162,15328.37 ,2018/10/26,OC1807902
A0884,827.20 ,2018/10/26,OC1802878
A1027,3615.74 ,2018/10/26,OC1806459
A0927,3615.74 ,2018/10/26,OC1807847
A0407,1113.73 ,2018/10/26,OC1804258
A1304,827.20 ,2018/10/26,OC1808606
A0834,2871.76 ,2018/10/26,OC1804591
A1079,3657.70 ,2018/10/26,OC1808936
A0371,3389.76 ,2018/10/26,OC1803763
A0519,413.60 ,2018/10/26,OC1801314
A1285,2711.81 ,2018/10/26,OC1804551
A0438,367.73 ,2018/10/26,OC1807782
A0934,330.88 ,2018/10/26,OC1802957
A0427,248.86 ,2018/10/26,OC1802255
A1265,4267.31 ,2018/10/26,OC1808739
A1260,919.31 ,2018/10/26,OC1804009
A1169,1034.00 ,2018/10/26,OC1806368
A0845,7315.39 ,2018/10/26,OC1803250
A0916,18394.04 ,2018/10/26,OC1807087
A0798,1585.15 ,2018/10/26,OC1806716
A0982,2871.76 ,2018/10/26,OC1803219
A0419,3389.76 ,2018/10/26,OC1806795
A0777,3350.39 ,2018/10/26,OC1806505
A1095,2536.24 ,2018/10/26,OC1802751
A1153,1988.80 ,2018/10/26,OC1807640
A1331,1193.28 ,2018/10/26,OC1808450
A0819,4243.35 ,2018/10/26,OC1800425
A1270,517.00 ,2018/10/26,OC1807106
A0457,330.88 ,2018/10/26,OC1802669
A0673,497.73 ,2018/10/26,OC1807371
A0845,6899.20 ,2018/10/29,OC1801016
A1390,165.44 ,2018/10/29,OC1801173
A1323,827.20 ,2018/10/29,OC1801472
A0506,1193.28 ,2018/10/29,OC1807225
A0981,661.76 ,2018/10/29,OC1808495
A0975,1990.92 ,2018/10/29,OC1807386
A1037,206.80 ,2018/10/29,OC1807002
A0584,3536.12 ,2018/10/29,OC1804122
A1232,2536.24 ,2018/10/29,OC1804498
A1332,3170.30 ,2018/10/29,OC1801469
A0587,1585.15 ,2018/10/29,OC1804002
A0506,1470.90 ,2018/10/29,OC1801002
A0943,1591.04 ,2018/10/29,OC1804115
A0701,1193.28 ,2018/10/29,OC1808365
A1302,661.76 ,2018/10/29,OC1809052
A1030,6096.16 ,2018/10/29,OC1805441
A0830,5743.52 ,2018/10/29,OC1801848
A1095,165.44 ,2018/10/29,OC1800930
A0934,5743.52 ,2018/10/29,OC1808246
A1057,827.20 ,2018/10/29,OC1803556
A0530,827.20 ,2018/10/29,OC1805080
A0744,3170.30 ,2018/10/29,OC1801027
A1120,413.60 ,2018/10/29,OC1802429
A1270,735.45 ,2018/10/29,OC1802980
A1370,1470.90 ,2018/10/29,OC1802330
A0799,827.20 ,2018/10/29,OC1800997
A0408,1909.25 ,2018/10/29,OC1801635
A0907,1034.00 ,2018/10/29,OC1802727
A0529,413.60 ,2018/10/29,OC1805505
A0655,2475.29 ,2018/10/29,OC1800548
A0472,1909.25 ,2018/10/29,OC1806339
A0771,1988.80 ,2018/10/29,OC1806056
A0495,1034.00 ,2018/10/29,OC1800722
A0428,3536.12 ,2018/10/29,OC1807737
A1225,827.20 ,2018/10/29,OC1807126
A0988,2472.70 ,2018/10/29,OC1803581
A0764,14955.73 ,2018/10/29,OC1807266
A0745,1236.35 ,2018/10/29,OC1804427
A0696,1838.63 ,2018/10/30,OC1808769
A0576,3350.39 ,2018/10/30,OC1803094
A0892,1990.92 ,2018/10/30,OC1803074
A0357,735.45 ,2018/10/30,OC1808987
A0464,2488.65 ,2018/10/30,OC1802356
A0903,413.60 ,2018/10/30,OC1808456
A1406,413.60 ,2018/10/30,OC1807461
A1130,1034.00 ,2018/10/30,OC1804695
A1091,827.20 ,2018/10/30,OC1802707
A0745,1034.00 ,2018/10/30,OC1803337
A0495,2711.81 ,2018/10/30,OC1806885
A0542,661.76 ,2018/10/30,OC1808552
A0574,1193.28 ,2018/10/30,OC1803297
A1333,1113.73 ,2018/10/30,OC1803191
A0879,1193.28 ,2018/10/30,OC1809171
A1282,1113.73 ,2018/10/30,OC1808543
A0826,1244.32 ,2018/10/30,OC1804490
A1334,20747.49 ,2018/10/30,OC1803123
A0522,3170.30 ,2018/10/30,OC1809128
A0943,6096.16 ,2018/10/30,OC1808956
A0657,1909.25 ,2018/10/30,OC1805727
A1055,4267.31 ,2018/10/30,OC1802124
A0552,827.20 ,2018/10/30,OC1803067
A1120,6096.16 ,2018/10/30,OC1804422
A0919,2871.76 ,2018/10/30,OC1805667
A0695,1838.63 ,2018/10/30,OC1803446
A0559,1257.13 ,2018/10/30,OC1804066
A1410,2673.79 ,2018/10/30,OC1800384
A1098,9620.42 ,2018/10/31,OC1809200
A0731,1193.28 ,2018/10/31,OC1808689
A1387,5743.52 ,2018/10/31,OC1801072
A0382,1988.80 ,2018/10/31,OC1806026
A1150,3350.39 ,2018/10/31,OC1807110
A1136,827.20 ,2018/10/31,OC1808867
A0920,1193.28 ,2018/10/31,OC1808745
A1242,413.60 ,2018/10/31,OC1804367
A1296,413.60 ,2018/10/31,OC1800635
A0403,2711.81 ,2018/10/31,OC1804039
A0403,735.45 ,2018/10/31,OC1805482
A0403,2488.65 ,2018/10/31,OC1802551
A1103,5743.52 ,2018/10/31,OC1800223
A0693,1591.04 ,2018/10/31,OC1802251
A1299,248.86 ,2018/10/31,OC1805393
A0387,1244.32 ,2018/10/31,OC1808516
A0836,827.20 ,2018/10/31,OC1804031
A1103,103.40 ,2018/10/31,OC1807945
A0942,8279.04 ,2018/10/31,OC1802303
A0643,1585.15 ,2018/10/31,OC1808419
A1133,919.31 ,2018/10/31,OC1806245
A0720,8279.04 ,2018/10/31,OC1805581
A0997,103.40 ,2018/10/31,OC1801845
A0997,8624.00 ,2018/10/31,OC1801069
A1144,827.20 ,2018/10/31,OC1807909
A0952,3536.12 ,2018/10/31,OC1804806
A1038,4456.32 ,2018/10/31,OC1809270
A0607,10111.20 ,2018/10/31,OC1808848
A1163,1591.04 ,2018/11/01,NO1805099
A0504,413.60 ,2018/11/01,NO1803679
A0627,2488.65 ,2018/11/01,NO1804946
A1164,1113.73 ,2018/11/01,NO1808189
A1388,2450.56 ,2018/11/01,NO1808930
A0576,3565.06 ,2018/11/01,NO1807983
A0587,365.37 ,2018/11/01,NO1801215
A0708,8088.96 ,2018/11/01,NO1808718
A0603,1257.13 ,2018/11/01,NO1800254
A0992,13602.62 ,2018/11/01,NO1801036
A1030,2450.56 ,2018/11/01,NO1808858
A1054,10201.97 ,2018/11/01,NO1805885
A0428,3342.24 ,2018/11/01,NO1805877
A0808,14955.73 ,2018/11/01,NO1803546
A0815,5934.49 ,2018/11/01,NO1800484
A1014,822.80 ,2018/11/01,NO1805603
A0678,1392.16 ,2018/11/02,NO1804114
A1001,1034.00 ,2018/11/02,NO1803042
A1210,413.60 ,2018/11/02,NO1800658
A1057,1988.80 ,2018/11/02,NO1808932
A0610,6899.20 ,2018/11/02,NO1802447
A1221,1585.15 ,2018/11/02,NO1804621
A1257,1838.63 ,2018/11/02,NO1805641
A1163,827.20 ,2018/11/02,NO1805368
A0870,205.70 ,2018/11/02,NO1809070
A0856,365.37 ,2018/11/02,NO1807053
A0940,4200.96 ,2018/11/02,NO1809370
A0732,3500.80 ,2018/11/02,NO1806039
A1165,1461.48 ,2018/11/02,NO1808885
A0878,1461.48 ,2018/11/02,NO1806953
A1357,4214.59 ,2018/11/02,NO1801893
A0408,182.68 ,2018/11/02,NO1806014
A0679,4200.96 ,2018/11/02,NO1806619
A1065,1257.13 ,2018/11/02,NO1808929
A0796,1571.41 ,2018/11/02,NO1801119
A1410,2472.70 ,2018/11/02,NO1808839
A0493,3500.80 ,2018/11/02,NO1808371
A1285,1257.13 ,2018/11/02,NO1805391
A0821,365.37 ,2018/11/02,NO1800226
A0771,2365.44 ,2018/11/02,NO1808982
A1214,4214.59 ,2018/11/02,NO1804461
A0738,514.25 ,2018/11/02,NO1808837
A1277,5686.15 ,2018/11/02,NO1805911
A1215,5686.15 ,2018/11/02,NO1802053
A1161,2365.44 ,2018/11/05,NO1801550
A0743,4456.32 ,2018/11/05,NO1807191
A1214,2365.44 ,2018/11/05,NO1802715
A0982,3342.24 ,2018/11/05,NO1803594
A0990,82.28 ,2018/11/05,NO1806610
A0707,5313.00 ,2018/11/05,NO1806948
A1007,4250.40 ,2018/11/05,NO1800108
A1142,1236.35 ,2018/11/05,NO1802048
A0942,24291.73 ,2018/11/05,NO1801023
A0593,822.80 ,2018/11/05,NO1803822
A1353,822.80 ,2018/11/05,NO1802383
A1139,3342.24 ,2018/11/05,NO1802315
A1334,3316.92 ,2018/11/05,NO1807372
A1271,247.27 ,2018/11/05,NO1809279
A1179,205.70 ,2018/11/05,NO1807485
A1284,4214.59 ,2018/11/05,NO1807154
A0824,16208.85 ,2018/11/05,NO1808955
A1101,17946.88 ,2018/11/05,NO1800225
A1197,314.28 ,2018/11/05,NO1801158
A0503,4214.59 ,2018/11/05,NO1804226
A0953,1257.13 ,2018/11/06,NO1808467
A1343,1571.41 ,2018/11/06,NO1803935
A1036,1461.48 ,2018/11/06,NO1801441
A1297,4200.96 ,2018/11/06,NO1803044
A1204,4738.45 ,2018/11/06,NO1804912
A0703,2514.26 ,2018/11/06,NO1808845
A1415,2365.44 ,2018/11/06,NO1805910
A1027,1257.13 ,2018/11/06,NO1807065
A0796,2472.70 ,2018/11/06,NO1809034
A1358,514.25 ,2018/11/06,NO1802537
A0982,6740.80 ,2018/11/06,NO1807051
A0557,4738.45 ,2018/11/06,NO1802002
A1358,6740.80 ,2018/11/06,NO1806226
A1406,2514.26 ,2018/11/06,NO1807223
A0529,1461.48 ,2018/11/06,NO1800090
A0864,20243.11 ,2018/11/07,NO1804681
A1412,2673.79 ,2018/11/07,NO1805907
A0552,3500.80 ,2018/11/07,NO1801186
A1150,7225.01 ,2018/11/07,NO1804392
A1276,3565.06 ,2018/11/07,NO1802974
A1108,2365.44 ,2018/11/07,NO1800337
A0571,3316.92 ,2018/11/07,NO1800813
A1187,82.28 ,2018/11/07,NO1803043
A0587,2450.56 ,2018/11/07,NO1801639
A0846,3316.92 ,2018/11/07,NO1806237
A1187,4200.96 ,2018/11/07,NO1806687
A1009,3142.83 ,2018/11/07,NO1802892
A0480,1257.13 ,2018/11/07,NO1804738
A1204,494.54 ,2018/11/07,NO1803296
A1214,2514.26 ,2018/11/07,NO1800932
A0519,822.80 ,2018/11/07,NO1807633
A0747,4456.32 ,2018/11/07,NO1806124
A1204,3316.92 ,2018/11/07,NO1809037
A1359,205.70 ,2018/11/08,NO1806951
A1120,2472.70 ,2018/11/08,NO1807304
A0459,247.27 ,2018/11/08,NO1800074
A1089,2365.44 ,2018/11/08,NO1803470
A1354,3142.83 ,2018/11/08,NO1802420
A1195,102.85 ,2018/11/08,NO1806679
A1054,1257.13 ,2018/11/08,NO1802526
A0583,5313.00 ,2018/11/08,NO1802302
A0632,25690.70 ,2018/11/08,NO1805262
A0826,4214.59 ,2018/11/08,NO1804184
A1133,3142.83 ,2018/11/08,NO1804408
A0852,2472.70 ,2018/11/08,NO1807432
A1323,5934.49 ,2018/11/08,NO1806508
A1146,4200.96 ,2018/11/08,NO1800428
A1130,2472.70 ,2018/11/08,NO1806232
A1030,25690.70 ,2018/11/08,NO1804643
A0738,822.80 ,2018/11/08,NO1800879
A1002,822.80 ,2018/11/08,NO1807853
A0357,1461.48 ,2018/11/08,NO1801379
A1104,1236.35 ,2018/11/08,NO1806560
A0747,102.85 ,2018/11/08,NO1807584
A0808,2472.70 ,2018/11/09,NO1809010
A1345,4200.96 ,2018/11/09,NO1800875
A0351,822.80 ,2018/11/09,NO1806545
A1408,1571.41 ,2018/11/09,NO1808459
A0881,13602.62 ,2018/11/09,NO1801303
A0879,822.80 ,2018/11/09,NO1803424
A0716,365.37 ,2018/11/09,NO1802180
A0869,1571.41 ,2018/11/09,NO1802986
A1313,1461.48 ,2018/11/09,NO1802128
A0655,3142.83 ,2018/11/09,NO1800710
A0952,1257.13 ,2018/11/09,NO1805741
A1306,2450.56 ,2018/11/09,NO1803614
A0880,822.80 ,2018/11/12,NO1806360
A0842,1236.35 ,2018/11/12,NO1807244
A0930,2365.44 ,2018/11/12,NO1801869
A1292,2450.56 ,2018/11/12,NO1806793
A0942,822.80 ,2018/11/12,NO1804417
A1274,1257.13 ,2018/11/12,NO1807848
A1118,2673.79 ,2018/11/12,NO1806981
A0721,247.27 ,2018/11/12,NO1803341
A0977,4200.96 ,2018/11/12,NO1807300
A0690,314.28 ,2018/11/12,NO1809193
A0819,6020.84 ,2018/11/12,NO1807044
A0593,822.80 ,2018/11/12,NO1805088
A0470,822.80 ,2018/11/12,NO1805258
A0445,24291.73 ,2018/11/12,NO1802806
A0655,8032.54 ,2018/11/12,NO1805054
A0862,2365.44 ,2018/11/12,NO1804181
A0769,1571.41 ,2018/11/12,NO1807977
A1236,1571.41 ,2018/11/12,NO1805760
A0418,365.37 ,2018/11/13,NO1806222
A0965,4200.96 ,2018/11/13,NO1801143
A1212,2472.70 ,2018/11/13,NO1808888
A0414,3342.24 ,2018/11/13,NO1802752
A0571,2365.44 ,2018/11/13,NO1802940
A1027,1236.35 ,2018/11/13,NO1804868
A0952,6740.80 ,2018/11/13,NO1801085
A1144,9432.13 ,2018/11/13,NO1802207
A1029,10710.05 ,2018/11/13,NO1803242
A0764,3500.80 ,2018/11/13,NO1803260
A1065,1236.35 ,2018/11/13,NO1801473
A0937,4738.45 ,2018/11/13,NO1805261
A0382,102.85 ,2018/11/13,NO1808172
A0607,2450.56 ,2018/11/13,NO1808182
A0547,1571.41 ,2018/11/14,NO1806038
A0445,4456.32 ,2018/11/14,NO1806177
A0512,10710.05 ,2018/11/14,NO1800138
A0618,2365.44 ,2018/11/14,NO1804010
A0861,205.70 ,2018/11/14,NO1805544
A0574,205.70 ,2018/11/14,NO1803080
A0720,4738.45 ,2018/11/14,NO1807759
A0945,6740.80 ,2018/11/14,NO1803188
A0887,4250.40 ,2018/11/14,NO1806287
A1388,1461.48 ,2018/11/14,NO1807631
A0862,514.25 ,2018/11/14,NO1801202
A0763,3500.80 ,2018/11/14,NO1806902
A1312,164.56 ,2018/11/15,NO1806654
A1313,5934.49 ,2018/11/15,NO1808951
A0552,1461.48 ,2018/11/15,NO1804053
A0952,4738.45 ,2018/11/15,NO1804999
A0369,1257.13 ,2018/11/15,NO1802992
A0548,10201.97 ,2018/11/15,NO1807539
A1415,2450.56 ,2018/11/15,NO1803066
A1333,514.25 ,2018/11/15,NO1800630
A1225,4214.59 ,2018/11/15,NO1806816
A1297,5686.15 ,2018/11/15,NO1806388
A0853,1236.35 ,2018/11/15,NO1805399
A0665,10111.20 ,2018/11/15,NO1802695
A1292,182.68 ,2018/11/15,NO1805071
A0686,1236.35 ,2018/11/15,NO1806307
A0996,2472.70 ,2018/11/15,NO1805777
A1236,5934.49 ,2018/11/15,NO1803544
A1169,2365.44 ,2018/11/15,NO1803472
A0961,1236.35 ,2018/11/15,NO1809109
A0801,3500.80 ,2018/11/16,NO1805216
A1092,365.37 ,2018/11/16,NO1806740
A1173,5686.15 ,2018/11/16,NO1801302
A1336,4250.40 ,2018/11/16,NO1806672
A1304,2450.56 ,2018/11/16,NO1808663
A1252,2673.79 ,2018/11/16,NO1801231
A1146,2450.56 ,2018/11/16,NO1809146
A1337,2673.79 ,2018/11/16,NO1808549
A0802,3142.83 ,2018/11/16,NO1807715
A0982,5934.49 ,2018/11/16,NO1809061
A1064,822.80 ,2018/11/16,NO1804022
A1014,7225.01 ,2018/11/16,NO1801813
A0582,1257.13 ,2018/11/16,NO1802451
A0845,4200.96 ,2018/11/16,NO1800255
A1204,5934.49 ,2018/11/16,NO1803306
A1329,4214.59 ,2018/11/16,NO1808531
A0515,164.56 ,2018/11/16,NO1802572
A0802,20243.11 ,2018/11/16,NO1800209
A0922,12766.72 ,2018/11/16,NO1801500
A0869,3500.80 ,2018/11/16,NO1802316
A0800,2365.44 ,2018/11/19,NO1802862
A0707,2472.70 ,2018/11/19,NO1804769
A0450,3500.80 ,2018/11/19,NO1806926
A1184,514.25 ,2018/11/19,NO1805344
A1401,5934.49 ,2018/11/19,NO1808026
A0597,1257.13 ,2018/11/19,NO1801913
A1271,164.56 ,2018/11/19,NO1801851
A0795,514.25 ,2018/11/19,NO1800359
A0824,6020.84 ,2018/11/19,NO1801726
A0505,1461.48 ,2018/11/19,NO1802216
A0862,1461.48 ,2018/11/19,NO1803905
A0548,20243.11 ,2018/11/19,NO1805967
A1221,822.80 ,2018/11/19,NO1800106
A0603,10111.20 ,2018/11/19,NO1800431
A0819,365.37 ,2018/11/19,NO1800667
A0931,5686.15 ,2018/11/19,NO1802647
A1367,5686.15 ,2018/11/19,NO1809356
A0987,164.56 ,2018/11/20,NO1806845
A0607,7912.65 ,2018/11/20,NO1805302
A0517,14955.73 ,2018/11/20,NO1804475
A0837,247.27 ,2018/11/20,NO1807940
A0657,3500.80 ,2018/11/20,NO1805866
A1306,6020.84 ,2018/11/20,NO1805265
A1085,3500.80 ,2018/11/20,NO1807487
A0861,4250.40 ,2018/11/20,NO1802284
A1014,2514.26 ,2018/11/20,NO1801046
A0632,314.28 ,2018/11/20,NO1802697
A0955,2450.56 ,2018/11/20,NO1804583
A0983,3500.80 ,2018/11/21,NO1805164
A1274,102.85 ,2018/11/21,NO1804980
A1388,822.80 ,2018/11/21,NO1803234
A1135,4200.96 ,2018/11/21,NO1805025
A0383,3316.92 ,2018/11/21,NO1802347
A0761,2450.56 ,2018/11/21,NO1803681
A1337,1257.13 ,2018/11/21,NO1807889
A0607,164.56 ,2018/11/21,NO1800458
A1162,314.28 ,2018/11/21,NO1806682
A1416,12766.72 ,2018/11/21,NO1805645
A1050,20243.11 ,2018/11/21,NO1808939
A0673,3342.24 ,2018/11/21,NO1804565
A1202,2472.70 ,2018/11/21,NO1808181
A0845,10111.20 ,2018/11/21,NO1800786
A1212,3316.92 ,2018/11/21,NO1807510
A0684,10710.05 ,2018/11/21,NO1806509
A1311,247.27 ,2018/11/21,NO1808063
A0559,4200.96 ,2018/11/21,NO1803000
A0904,514.25 ,2018/11/21,NO1805034
A0877,17946.88 ,2018/11/21,NO1804425
A1027,3316.92 ,2018/11/21,NO1809291
A1334,6020.84 ,2018/11/21,NO1802437
A0881,4214.59 ,2018/11/21,NO1804879
A1083,514.25 ,2018/11/22,NO1803625
A0390,10710.05 ,2018/11/22,NO1801792
A1305,2673.79 ,2018/11/22,NO1801405
A1085,514.25 ,2018/11/22,NO1807860
A1037,2450.56 ,2018/11/22,NO1805109
A0635,2450.56 ,2018/11/22,NO1808373
A0541,2365.44 ,2018/11/22,NO1807099
A0786,4250.40 ,2018/11/22,NO1805582
A1313,2514.26 ,2018/11/22,NO1807931
A0781,2472.70 ,2018/11/22,NO1805244
A1360,4250.40 ,2018/11/22,NO1800219
A0710,4738.45 ,2018/11/22,NO1803193
A1103,1236.35 ,2018/11/22,NO1805664
A0456,4214.59 ,2018/11/23,NO1800557
A0681,494.54 ,2018/11/23,NO1801201
A0444,314.28 ,2018/11/23,NO1808580
A0474,3342.24 ,2018/11/23,NO1806834
A0708,8032.54 ,2018/11/23,NO1805187
A1226,1461.48 ,2018/11/23,NO1800056
A0977,628.57 ,2018/11/23,NO1801836
A0897,1236.35 ,2018/11/23,NO1805766
A1307,3500.80 ,2018/11/23,NO1802829
A0472,2450.56 ,2018/11/23,NO1800732
A0821,102.85 ,2018/11/23,NO1808694
A0802,2673.79 ,2018/11/23,NO1801034
A0798,1257.13 ,2018/11/23,NO1807713
A0893,1461.48 ,2018/11/23,NO1805576
A1413,2365.44 ,2018/11/23,NO1804225
A1265,2673.79 ,2018/11/23,NO1807482
A0496,3316.92 ,2018/11/23,NO1806035
A0944,4456.32 ,2018/11/23,NO1804383
A1333,6020.84 ,2018/11/26,NO1801820
A0478,2472.70 ,2018/11/26,NO1803115
A0670,3500.80 ,2018/11/26,NO1802581
A1381,3142.83 ,2018/11/26,NO1802696
A0887,514.25 ,2018/11/26,NO1804305
A0529,1571.41 ,2018/11/26,NO1809059
A1228,4200.96 ,2018/11/26,NO1809259
A0630,2472.70 ,2018/11/26,NO1801943
A1020,514.25 ,2018/11/26,NO1800693
A1232,10710.05 ,2018/11/26,NO1808402
A0610,182.68 ,2018/11/26,NO1808670
A0963,5686.15 ,2018/11/26,NO1808613
A0467,1257.13 ,2018/11/26,NO1807354
A1185,182.68 ,2018/11/26,NO1801338
A1230,4200.96 ,2018/11/26,NO1801725
A0903,164.56 ,2018/11/26,NO1800701
A0761,164.56 ,2018/11/26,NO1808155
A0965,10710.05 ,2018/11/27,NO1803403
A0464,2673.79 ,2018/11/27,NO1800371
A0496,5934.49 ,2018/11/27,NO1801204
A1279,1257.13 ,2018/11/27,NO1805800
A0393,12766.72 ,2018/11/27,NO1803015
A0421,1257.13 ,2018/11/27,NO1806375
A0797,4200.96 ,2018/11/27,NO1808302
A1101,3142.83 ,2018/11/27,NO1802786
A1139,3500.80 ,2018/11/27,NO1807040
A1274,1236.35 ,2018/11/27,NO1801226
A0627,3500.80 ,2018/11/27,NO1806664
A1362,2450.56 ,2018/11/27,NO1807137
A1232,822.80 ,2018/11/27,NO1801216
A0616,3316.92 ,2018/11/27,NO1804579
A0935,1571.41 ,2018/11/27,NO1809134
A0873,6020.84 ,2018/11/27,NO1805127
A0761,6020.84 ,2018/11/27,NO1803533
A0515,3500.80 ,2018/11/27,NO1808990
A1260,8032.54 ,2018/11/27,NO1801958
A0393,3500.80 ,2018/11/28,NO1807413
A1152,30828.84 ,2018/11/28,NO1801687
A0642,1257.13 ,2018/11/28,NO1808240
A1135,205.70 ,2018/11/28,NO1807974
A0556,82.28 ,2018/11/28,NO1807453
A0499,1236.35 ,2018/11/28,NO1804432
A0790,5313.00 ,2018/11/28,NO1807684
A1407,822.80 ,2018/11/28,NO1809133
A0506,6020.84 ,2018/11/28,NO1800618
A0716,1236.35 ,2018/11/28,NO1806865
A0582,1571.41 ,2018/11/28,NO1806325
A0690,2472.70 ,2018/11/28,NO1803725
A0890,3342.24 ,2018/11/28,NO1801745
A1159,9432.13 ,2018/11/28,NO1803458
A0720,7225.01 ,2018/11/28,NO1808758
A0607,1236.35 ,2018/11/28,NO1800509
A1187,205.70 ,2018/11/28,NO1807195
A1212,247.27 ,2018/11/28,NO1807921
A0937,10201.97 ,2018/11/28,NO1803952
A1329,2472.70 ,2018/11/28,NO1803761
A0694,3316.92 ,2018/11/28,NO1801440
A1211,24291.73 ,2018/11/29,NO1804320
A0798,16208.85 ,2018/11/29,NO1805499
A1161,822.80 ,2018/11/29,NO1807214
A0773,3500.80 ,2018/11/29,NO1803499
A1296,5313.00 ,2018/11/29,NO1808752
A1142,2514.26 ,2018/11/29,NO1803590
A0641,30828.84 ,2018/11/29,NO1800702
A0632,25690.70 ,2018/11/29,NO1809289
A0798,3500.80 ,2018/11/29,NO1808117
A1343,6740.80 ,2018/11/29,NO1804145
A1116,5686.15 ,2018/11/29,NO1807384
A0529,1257.13 ,2018/11/29,NO1806705
A0884,2514.26 ,2018/11/29,NO1805515
A1381,5313.00 ,2018/11/29,NO1800682
A0673,2450.56 ,2018/11/29,NO1803295
A0452,5686.15 ,2018/11/29,NO1803779
A0415,1571.41 ,2018/11/29,NO1802619
A0681,2365.44 ,2018/11/29,NO1800657
A0727,3316.92 ,2018/11/30,NO1804770
A1144,5934.49 ,2018/11/30,NO1801822
A1397,8426.00 ,2018/11/30,NO1806484
A0706,822.80 ,2018/11/30,NO1804538
A0760,1257.13 ,2018/11/30,NO1800110
A0745,10710.05 ,2018/11/30,NO1802179
A0557,4456.32 ,2018/11/30,NO1807878
A1027,205.70 ,2018/11/30,NO1808245
A1343,2450.56 ,2018/11/30,NO1805578
A0943,16208.85 ,2018/11/30,NO1804581
A1146,1236.35 ,2018/11/30,NO1800766
A0706,7225.01 ,2018/11/30,NO1800342
A1208,3500.80 ,2018/11/30,NO1800439
A0530,3565.06 ,2018/11/30,NO1804302
A0727,1257.13 ,2018/12/03,DE1808274
A0852,4200.96 ,2018/12/03,DE1803741
A0897,2450.56 ,2018/12/03,DE1808071
A0884,4214.59 ,2018/12/03,DE1808040
A1161,4200.96 ,2018/12/03,DE1807690
A0837,3316.92 ,2018/12/03,DE1802956
A0624,2365.44 ,2018/12/03,DE1806338
A1271,2514.26 ,2018/12/03,DE1808710
A0933,1571.41 ,2018/12/03,DE1802595
A1139,102.85 ,2018/12/03,DE1806389
A1139,164.56 ,2018/12/03,DE1801448
A0937,3500.80 ,2018/12/03,DE1806461
A0582,82.28 ,2018/12/04,DE1800406
A1272,2450.56 ,2018/12/04,DE1802235
A0482,3316.92 ,2018/12/04,DE1807532
A0435,822.80 ,2018/12/04,DE1807820
A0891,164.56 ,2018/12/04,DE1807816
A1022,3342.24 ,2018/12/04,DE1805005
A1035,1257.13 ,2018/12/04,DE1802536
A0411,3500.80 ,2018/12/04,DE1806840
A0578,10710.05 ,2018/12/04,DE1804555
A1370,5686.15 ,2018/12/04,DE1801048
A1014,514.25 ,2018/12/04,DE1807680
A1236,205.70 ,2018/12/04,DE1800039
A1255,514.25 ,2018/12/04,DE1800374
A1255,3342.24 ,2018/12/04,DE1807124
A0684,3342.24 ,2018/12/04,DE1803379
A1089,822.80 ,2018/12/04,DE1803932
A0907,3342.24 ,2018/12/04,DE1801623
A1412,6020.84 ,2018/12/05,DE1801238
A0718,4456.32 ,2018/12/05,DE1802560
A1094,20243.11 ,2018/12/05,DE1805579
A0512,8088.96 ,2018/12/05,DE1808435
A1240,82.28 ,2018/12/05,DE1801701
A1270,5686.15 ,2018/12/05,DE1801686
A1302,1236.35 ,2018/12/05,DE1800919
A0427,1461.48 ,2018/12/05,DE1805094
A0411,4214.59 ,2018/12/05,DE1808777
A1319,25690.70 ,2018/12/05,DE1807410
A0905,365.37 ,2018/12/05,DE1801281
A1388,1461.48 ,2018/12/05,DE1804038
A0842,7912.65 ,2018/12/05,DE1807000
A1036,1236.35 ,2018/12/05,DE1804128
A1338,3316.92 ,2018/12/05,DE1807749
A0633,14955.73 ,2018/12/06,DE1808357
A1067,3500.80 ,2018/12/06,DE1803986
A1239,1571.41 ,2018/12/06,DE1804131
A1151,1257.13 ,2018/12/06,DE1806958
A0403,10201.97 ,2018/12/06,DE1807533
A1050,2472.70 ,2018/12/06,DE1801305
A1164,164.56 ,2018/12/06,DE1802294
A0742,1236.35 ,2018/12/06,DE1804874
A0965,4214.59 ,2018/12/06,DE1806844
A1360,2450.56 ,2018/12/06,DE1806501
A0445,3500.80 ,2018/12/07,DE1807489
A0791,12766.72 ,2018/12/07,DE1807823
A1149,1571.41 ,2018/12/07,DE1802865
A0567,12766.72 ,2018/12/07,DE1803258
A0523,3500.80 ,2018/12/07,DE1806709
A1092,1571.41 ,2018/12/07,DE1802025
A0879,2514.26 ,2018/12/07,DE1800712
A0953,6740.80 ,2018/12/07,DE1807946
A1159,822.80 ,2018/12/07,DE1807892
A0798,4200.96 ,2018/12/07,DE1806311
A0847,7225.01 ,2018/12/07,DE1808695
A0887,82.28 ,2018/12/07,DE1807442
A0897,1571.41 ,2018/12/07,DE1806155
A0375,1461.48 ,2018/12/07,DE1800491
A1228,1461.48 ,2018/12/10,DE1808088
A0959,182.68 ,2018/12/10,DE1806717
A1411,3500.80 ,2018/12/10,DE1801445
A1365,3500.80 ,2018/12/10,DE1803580
A0879,6020.84 ,2018/12/10,DE1806497
A1162,5686.15 ,2018/12/10,DE1808204
A1215,5686.15 ,2018/12/10,DE1805523
A1159,2673.79 ,2018/12/10,DE1807512
A0903,1257.13 ,2018/12/10,DE1802488
A0720,2514.26 ,2018/12/10,DE1804090
A0514,5686.15 ,2018/12/10,DE1802090
A1307,10201.97 ,2018/12/10,DE1802716
A1226,3316.92 ,2018/12/10,DE1804056
A0429,9432.13 ,2018/12/10,DE1804276
A0607,1257.13 ,2018/12/10,DE1804396
A0881,4738.45 ,2018/12/10,DE1806913
A1204,102.85 ,2018/12/10,DE1808662
A0949,3142.83 ,2018/12/10,DE1803816
A1406,8088.96 ,2018/12/10,DE1802072
A1193,1236.35 ,2018/12/10,DE1804282
A0522,5934.49 ,2018/12/11,DE1808055
A1197,2514.26 ,2018/12/11,DE1806627
A0443,2365.44 ,2018/12/11,DE1807523
A0357,2365.44 ,2018/12/11,DE1806591
A1187,1571.41 ,2018/12/11,DE1804391
A0547,8426.00 ,2018/12/11,DE1800700
A1139,4214.59 ,2018/12/11,DE1804469
A1216,3142.83 ,2018/12/11,DE1800311
A0632,1461.48 ,2018/12/11,DE1808669
A1237,3316.92 ,2018/12/11,DE1801465
A0681,3316.92 ,2018/12/11,DE1808287
A0603,1461.48 ,2018/12/11,DE1804560
A0353,82.28 ,2018/12/11,DE1808033
A0387,514.25 ,2018/12/11,DE1806473
A0458,2365.44 ,2018/12/12,DE1803024
A0994,8426.00 ,2018/12/12,DE1801594
A1340,4250.40 ,2018/12/12,DE1801175
A0541,4214.59 ,2018/12/12,DE1803319
A0884,3500.80 ,2018/12/12,DE1801320
A0746,1236.35 ,2018/12/12,DE1804947
A0838,1257.13 ,2018/12/12,DE1806871
A1030,4200.96 ,2018/12/12,DE1807574
A0438,8032.54 ,2018/12/12,DE1804268
A0630,2514.26 ,2018/12/12,DE1807488
A0471,3565.06 ,2018/12/12,DE1800716
A0380,822.80 ,2018/12/12,DE1807746
A1164,3565.06 ,2018/12/12,DE1808728
A0630,5313.00 ,2018/12/12,DE1808244
A0593,2472.70 ,2018/12/12,DE1804819
A0945,10201.97 ,2018/12/12,DE1804986
A0693,5934.49 ,2018/12/12,DE1806536
A0990,2472.70 ,2018/12/12,DE1806852
A1390,2450.56 ,2018/12/12,DE1802042
A0762,4738.45 ,2018/12/13,DE1806900
A0916,2514.26 ,2018/12/13,DE1804195
A1387,164.56 ,2018/12/13,DE1800684
A0545,247.27 ,2018/12/13,DE1802906
A0611,3565.06 ,2018/12/13,DE1806565
A0932,8426.00 ,2018/12/13,DE1802676
A0757,7225.01 ,2018/12/13,DE1805695
A0706,7225.01 ,2018/12/13,DE1801209
A0369,4456.32 ,2018/12/13,DE1806655
A0531,3142.83 ,2018/12/13,DE1807960
A0988,2472.70 ,2018/12/13,DE1802905
A0695,30828.84 ,2018/12/13,DE1808434
A1412,4250.40 ,2018/12/13,DE1807240
A1409,24291.73 ,2018/12/13,DE1804492
A0830,2450.56 ,2018/12/13,DE1807947
A1410,4250.40 ,2018/12/13,DE1802574
A1316,365.37 ,2018/12/13,DE1804882
A0884,3342.24 ,2018/12/14,DE1807775
A0702,3142.83 ,2018/12/14,DE1801474
A1101,8088.96 ,2018/12/14,DE1808533
A1323,3500.80 ,2018/12/14,DE1805658
A0795,822.80 ,2018/12/14,DE1803147
A0942,2365.44 ,2018/12/14,DE1804242
A0892,2514.26 ,2018/12/14,DE1803646
A1299,3316.92 ,2018/12/14,DE1806434
A0578,3316.92 ,2018/12/14,DE1801886
A0852,10710.05 ,2018/12/14,DE1809272
A0916,822.80 ,2018/12/14,DE1802513
A1072,1571.41 ,2018/12/14,DE1808346
A0477,3565.06 ,2018/12/14,DE1801816
A0539,1257.13 ,2018/12/14,DE1805653
A0977,17946.88 ,2018/12/14,DE1802876
A0493,82.28 ,2018/12/14,DE1807239
A1120,2472.70 ,2018/12/17,DE1804033
A0548,7225.01 ,2018/12/17,DE1806002
A0834,1461.48 ,2018/12/17,DE1801456
A1212,1236.35 ,2018/12/17,DE1806268
A0887,24291.73 ,2018/12/17,DE1809149
A1343,1461.48 ,2018/12/17,DE1800048
A0945,1257.13 ,2018/12/17,DE1809290
A0952,3316.92 ,2018/12/17,DE1805373
A0930,6020.84 ,2018/12/17,DE1801593
A0861,1236.35 ,2018/12/17,DE1803449
A1370,20243.11 ,2018/12/17,DE1808218
A1230,3142.83 ,2018/12/17,DE1803083
A1409,6740.80 ,2018/12/17,DE1801512
A1299,1571.41 ,2018/12/17,DE1801176
A1169,4200.96 ,2018/12/17,DE1807451
A1095,7225.01 ,2018/12/17,DE1805592
A0369,514.25 ,2018/12/17,DE1801277
A0952,3500.80 ,2018/12/17,DE1806905
A0934,3342.24 ,2018/12/18,DE1802043
A0497,5313.00 ,2018/12/18,DE1808540
A0512,82.28 ,2018/12/18,DE1804052
A0801,6020.84 ,2018/12/18,DE1809231
A0585,16208.85 ,2018/12/18,DE1801087
A0615,3316.92 ,2018/12/18,DE1803903
A0697,3342.24 ,2018/12/18,DE1807088
A0809,1461.48 ,2018/12/18,DE1802140
A1406,4214.59 ,2018/12/18,DE1804779
A0574,2365.44 ,2018/12/18,DE1805059
A0993,1571.41 ,2018/12/18,DE1807285
A0436,3342.24 ,2018/12/18,DE1800761
A0559,4214.59 ,2018/12/18,DE1801852
A0963,24291.73 ,2018/12/18,DE1807638
A0892,3500.80 ,2018/12/18,DE1808538
A0811,8426.00 ,2018/12/18,DE1802690
A1387,5686.15 ,2018/12/18,DE1805375
A1290,2472.70 ,2018/12/18,DE1807958
A0861,4250.40 ,2018/12/18,DE1803082
A0934,7225.01 ,2018/12/18,DE1805952
A1320,4456.32 ,2018/12/18,DE1808902
A0464,2673.79 ,2018/12/19,DE1805220
A1153,7225.01 ,2018/12/19,DE1805832
A0887,628.57 ,2018/12/19,DE1801198
A1257,5313.00 ,2018/12/19,DE1800492
A0688,1571.41 ,2018/12/19,DE1802910
A0387,2472.70 ,2018/12/19,DE1807726
A0399,514.25 ,2018/12/19,DE1804527
A0795,514.25 ,2018/12/19,DE1802082
A0408,3342.24 ,2018/12/19,DE1801133
A0610,4738.45 ,2018/12/19,DE1803871
A1228,7225.01 ,2018/12/19,DE1807935
A1410,4250.40 ,2018/12/19,DE1800360
A0756,2472.70 ,2018/12/19,DE1808351
A0385,1461.48 ,2018/12/19,DE1805198
A1221,1461.48 ,2018/12/20,DE1804799
A0826,8426.00 ,2018/12/20,DE1800409
A0500,3565.06 ,2018/12/20,DE1804510
A1265,102.85 ,2018/12/20,DE1800731
A1057,2472.70 ,2018/12/20,DE1804169
A0963,3500.80 ,2018/12/20,DE1803688
A1337,1571.41 ,2018/12/20,DE1801071
A1036,1236.35 ,2018/12/20,DE1806262
A0593,1257.13 ,2018/12/20,DE1801981
A0377,4456.32 ,2018/12/20,DE1801108
A1280,2450.56 ,2018/12/20,DE1809253
A1137,1236.35 ,2018/12/20,DE1804974
A1306,514.25 ,2018/12/21,DE1807501
A1316,24291.73 ,2018/12/21,DE1808560
A0892,3565.06 ,2018/12/21,DE1808162
A0880,164.56 ,2018/12/21,DE1802172
A0753,4250.40 ,2018/12/21,DE1805451
A0873,822.80 ,2018/12/21,DE1807301
A1374,14955.73 ,2018/12/21,DE1802446
A0352,822.80 ,2018/12/21,DE1801539
A0763,6740.80 ,2018/12/21,DE1800874
A1334,514.25 ,2018/12/21,DE1802215
A1305,10710.05 ,2018/12/21,DE1808787
A1129,2472.70 ,2018/12/21,DE1805264
A0659,102.85 ,2018/12/21,DE1806019
A1413,4250.40 ,2018/12/21,DE1805222
A0603,1571.41 ,2018/12/21,DE1807531
A0463,2673.79 ,2018/12/21,DE1806867
A0630,1236.35 ,2018/12/21,DE1809323
A0497,1257.13 ,2018/12/21,DE1801727
A1142,182.68 ,2018/12/21,DE1806023
A1309,4200.96 ,2018/12/24,DE1806252
A1018,2673.79 ,2018/12/24,DE1808006
A0370,628.57 ,2018/12/24,DE1804468
A0847,182.68 ,2018/12/24,DE1806787
A0897,2472.70 ,2018/12/24,DE1807259
A0616,2673.79 ,2018/12/24,DE1805754
A1265,4250.40 ,2018/12/24,DE1803429
A0949,365.37 ,2018/12/24,DE1801895
A0962,2472.70 ,2018/12/24,DE1806989
A0871,514.25 ,2018/12/24,DE1807374
A0815,514.25 ,2018/12/25,DE1802802
A1301,822.80 ,2018/12/25,DE1801346
A1038,182.68 ,2018/12/25,DE1800291
A1361,514.25 ,2018/12/25,DE1808525
A1193,6020.84 ,2018/12/25,DE1807127
A1027,1461.48 ,2018/12/25,DE1802856
A1161,1236.35 ,2018/12/25,DE1806544
A0977,1571.41 ,2018/12/25,DE1806892
A0641,8426.00 ,2018/12/25,DE1806203
A0473,1461.48 ,2018/12/25,DE1806157
A0414,3142.83 ,2018/12/25,DE1806753
A0470,1461.48 ,2018/12/25,DE1802209
A0657,2472.70 ,2018/12/25,DE1805142
A1279,2514.26 ,2018/12/26,DE1807315
A0627,1257.13 ,2018/12/26,DE1804154
A0630,9432.13 ,2018/12/26,DE1801830
A0478,628.57 ,2018/12/26,DE1806362
A0795,2365.44 ,2018/12/26,DE1809174
A0701,7225.01 ,2018/12/26,DE1804580
A1349,3500.80 ,2018/12/26,DE1804926
A0657,1236.35 ,2018/12/26,DE1807383
A1265,1461.48 ,2018/12/26,DE1804236
A0505,2450.56 ,2018/12/26,DE1804436
A1144,2472.70 ,2018/12/26,DE1806053
A1228,2365.44 ,2018/12/26,DE1806535
A0569,182.68 ,2018/12/26,DE1807199
A0428,3500.80 ,2018/12/26,DE1807724
A1232,3565.06 ,2018/12/26,DE1801691
A1036,10710.05 ,2018/12/26,DE1801089
A0552,3142.83 ,2018/12/26,DE1806601
A1255,6020.84 ,2018/12/26,DE1807117
A1100,4738.45 ,2018/12/27,DE1801785
A0493,822.80 ,2018/12/27,DE1805864
A1373,182.68 ,2018/12/27,DE1804897
A0363,2472.70 ,2018/12/27,DE1803022
A0693,1571.41 ,2018/12/27,DE1804301
A0528,494.54 ,2018/12/27,DE1807303
A1181,1257.13 ,2018/12/27,DE1805289
A1236,17946.88 ,2018/12/27,DE1807836
A1193,514.25 ,2018/12/27,DE1809368
A0627,1571.41 ,2018/12/27,DE1805699
A1260,2365.44 ,2018/12/27,DE1804536
A0718,2472.70 ,2018/12/27,DE1806507
A1176,4200.96 ,2018/12/27,DE1804943
A1214,822.80 ,2018/12/27,DE1800620
A0583,10710.05 ,2018/12/27,DE1805573
A0615,10111.20 ,2018/12/28,DE1808992
A0554,1236.35 ,2018/12/28,DE1801626
A0725,4200.96 ,2018/12/28,DE1805821
A1144,514.25 ,2018/12/28,DE1805875
A0836,4456.32 ,2018/12/28,DE1803076
A0438,494.54 ,2018/12/28,DE1803927
A0862,514.25 ,2018/12/28,DE1800585
A0795,2472.70 ,2018/12/28,DE1802354
A0933,1236.35 ,2018/12/28,DE1802777
A1110,8032.54 ,2018/12/28,DE1805867
A0836,3142.83 ,2018/12/28,DE1806857
A1271,7225.01 ,2018/12/28,DE1802776
A1329,822.80 ,2018/12/28,DE1804196
A0853,3142.83 ,2018/12/28,DE1801021
A0522,9432.13 ,2018/12/28,DE1807721
A1000,3142.83 ,2018/12/28,DE1805379
A1038,1571.41 ,2018/12/28,DE1805650
A0655,1461.48 ,2018/12/28,DE1805247
A1360,2450.56 ,2018/12/31,DE1801832
A1353,2450.56 ,2018/12/31,DE1801235
A1297,1571.41 ,2018/12/31,DE1807623
A0741,4738.45 ,2018/12/31,DE1808002
A0841,1236.35 ,2018/12/31,DE1807913
A1018,514.25 ,2018/12/31,DE1803512
A1416,314.28 ,2018/12/31,DE1803333
A1204,6740.80 ,2018/12/31,DE1808334
A1030,4200.96 ,2018/12/31,DE1807149
A1297,2365.44 ,2018/12/31,DE1807703
A0641,2450.56 ,2018/12/31,DE1807252
A0371,5313.00 ,2018/12/31,DE1800375
A1007,4214.59 ,2018/12/31,DE1802228
A1065,4456.32 ,2018/12/31,DE1808510
A1329,7225.01 ,2018/12/31,DE1804085
A0826,6020.84 ,2018/12/31,DE1803865
A0561,3316.92 ,2019/01/01,JA1905735
A1382,2365.44 ,2019/01/01,JA1901240
A0610,4214.59 ,2019/01/01,JA1906441
A0747,7912.65 ,2019/01/01,JA1901056
A1217,1461.48 ,2019/01/01,JA1906860
A0774,25690.70 ,2019/01/01,JA1906080
A1255,4738.45 ,2019/01/01,JA1907833
A0707,1571.41 ,2019/01/01,JA1900519
A0707,1257.13 ,2019/01/01,JA1909141
A0515,2365.44 ,2019/01/01,JA1906148
A1181,2472.70 ,2019/01/01,JA1902257
A1062,1257.13 ,2019/01/01,JA1905334
A0785,7225.01 ,2019/01/02,JA1904456
A0922,2472.70 ,2019/01/02,JA1905084
A0738,3500.80 ,2019/01/02,JA1908815
A0632,2365.44 ,2019/01/04,JA1903532
A1036,6020.84 ,2019/01/04,JA1902149
A1057,205.70 ,2019/01/04,JA1907784
